2025-04-14 00:42:39,546 - httpx - INFO - HTTP Request: POST https://api.telegram.org/bot7690359419:AAFO0dgpL0IaAP44WCMtNOTPMq5plBmPWlA/getMe "HTTP/1.1 200 OK"
2025-04-14 00:42:39,582 - httpx - INFO - HTTP Request: POST https://api.telegram.org/bot7690359419:AAFO0dgpL0IaAP44WCMtNOTPMq5plBmPWlA/deleteWebhook "HTTP/1.1 200 OK"
2025-04-14 00:42:39,584 - telegram.ext.Application - INFO - Application started
2025-04-14 00:42:49,692 - httpx - INFO - HTTP Request: POST https://api.telegram.org/bot7690359419:AAFO0dgpL0IaAP44WCMtNOTPMq5plBmPWlA/getUpdates "HTTP/1.1 200 OK"
2025-04-14 00:42:59,730 - httpx - INFO - HTTP Request: POST https://api.telegram.org/bot7690359419:AAFO0dgpL0IaAP44WCMtNOTPMq5plBmPWlA/getUpdates "HTTP/1.1 200 OK"
2025-04-14 00:43:09,763 - httpx - INFO - HTTP Request: POST https://api.telegram.org/bot7690359419:AAFO0dgpL0IaAP44WCMtNOTPMq5plBmPWlA/getUpdates "HTTP/1.1 200 OK"
2025-04-14 00:43:19,801 - httpx - INFO - HTTP Request: POST https://api.telegram.org/bot7690359419:AAFO0dgpL0IaAP44WCMtNOTPMq5plBmPWlA/getUpdates "HTTP/1.1 200 OK"
2025-04-14 00:43:29,833 - httpx - INFO - HTTP Request: POST https://api.telegram.org/bot7690359419:AAFO0dgpL0IaAP44WCMtNOTPMq5plBmPWlA/getUpdates "HTTP/1.1 200 OK"
2025-04-14 00:43:39,865 - httpx - INFO - HTTP Request: POST https://api.telegram.org/bot7690359419:AAFO0dgpL0IaAP44WCMtNOTPMq5plBmPWlA/getUpdates "HTTP/1.1 200 OK"
2025-04-14 00:43:49,899 - httpx - INFO - HTTP Request: POST https://api.telegram.org/bot7690359419:AAFO0dgpL0IaAP44WCMtNOTPMq5plBmPWlA/getUpdates "HTTP/1.1 200 OK"
2025-04-14 00:43:59,938 - httpx - INFO - HTTP Request: POST https://api.telegram.org/bot7690359419:AAFO0dgpL0IaAP44WCMtNOTPMq5plBmPWlA/getUpdates "HTTP/1.1 200 OK"
2025-04-14 00:44:09,973 - httpx - INFO - HTTP Request: POST https://api.telegram.org/bot7690359419:AAFO0dgpL0IaAP44WCMtNOTPMq5plBmPWlA/getUpdates "HTTP/1.1 200 OK"
2025-04-14 00:44:20,008 - httpx - INFO - HTTP Request: POST https://api.telegram.org/bot7690359419:AAFO0dgpL0IaAP44WCMtNOTPMq5plBmPWlA/getUpdates "HTTP/1.1 200 OK"
2025-04-14 00:44:30,040 - httpx - INFO - HTTP Request: POST https://api.telegram.org/bot7690359419:AAFO0dgpL0IaAP44WCMtNOTPMq5plBmPWlA/getUpdates "HTTP/1.1 200 OK"
2025-04-14 00:44:34,412 - httpx - INFO - HTTP Request: POST https://api.telegram.org/bot7690359419:AAFO0dgpL0IaAP44WCMtNOTPMq5plBmPWlA/getUpdates "HTTP/1.1 200 OK"
2025-04-14 00:44:34,444 - httpx - INFO - HTTP Request: POST https://api.telegram.org/bot7690359419:AAFO0dgpL0IaAP44WCMtNOTPMq5plBmPWlA/getUpdates "HTTP/1.1 200 OK"
2025-04-14 00:44:44,477 - httpx - INFO - HTTP Request: POST https://api.telegram.org/bot7690359419:AAFO0dgpL0IaAP44WCMtNOTPMq5plBmPWlA/getUpdates "HTTP/1.1 200 OK"
2025-04-14 00:44:54,510 - httpx - INFO - HTTP Request: POST https://api.telegram.org/bot7690359419:AAFO0dgpL0IaAP44WCMtNOTPMq5plBmPWlA/getUpdates "HTTP/1.1 200 OK"
2025-04-14 00:45:04,544 - httpx - INFO - HTTP Request: POST https://api.telegram.org/bot7690359419:AAFO0dgpL0IaAP44WCMtNOTPMq5plBmPWlA/getUpdates "HTTP/1.1 200 OK"
2025-04-14 00:45:14,579 - httpx - INFO - HTTP Request: POST https://api.telegram.org/bot7690359419:AAFO0dgpL0IaAP44WCMtNOTPMq5plBmPWlA/getUpdates "HTTP/1.1 200 OK"
2025-04-14 00:45:24,611 - httpx - INFO - HTTP Request: POST https://api.telegram.org/bot7690359419:AAFO0dgpL0IaAP44WCMtNOTPMq5plBmPWlA/getUpdates "HTTP/1.1 200 OK"
2025-04-14 00:45:34,645 - httpx - INFO - HTTP Request: POST https://api.telegram.org/bot7690359419:AAFO0dgpL0IaAP44WCMtNOTPMq5plBmPWlA/getUpdates "HTTP/1.1 200 OK"
2025-04-14 00:45:37,573 - httpx - INFO - HTTP Request: POST https://api.telegram.org/bot7690359419:AAFO0dgpL0IaAP44WCMtNOTPMq5plBmPWlA/getUpdates "HTTP/1.1 200 OK"
2025-04-14 00:45:47,608 - httpx - INFO - HTTP Request: POST https://api.telegram.org/bot7690359419:AAFO0dgpL0IaAP44WCMtNOTPMq5plBmPWlA/getUpdates "HTTP/1.1 200 OK"
2025-04-14 00:45:57,643 - httpx - INFO - HTTP Request: POST https://api.telegram.org/bot7690359419:AAFO0dgpL0IaAP44WCMtNOTPMq5plBmPWlA/getUpdates "HTTP/1.1 200 OK"
2025-04-14 00:46:07,678 - httpx - INFO - HTTP Request: POST https://api.telegram.org/bot7690359419:AAFO0dgpL0IaAP44WCMtNOTPMq5plBmPWlA/getUpdates "HTTP/1.1 200 OK"
2025-04-14 00:46:17,714 - httpx - INFO - HTTP Request: POST https://api.telegram.org/bot7690359419:AAFO0dgpL0IaAP44WCMtNOTPMq5plBmPWlA/getUpdates "HTTP/1.1 200 OK"
2025-04-14 00:46:27,748 - httpx - INFO - HTTP Request: POST https://api.telegram.org/bot7690359419:AAFO0dgpL0IaAP44WCMtNOTPMq5plBmPWlA/getUpdates "HTTP/1.1 200 OK"
2025-04-14 00:46:37,783 - httpx - INFO - HTTP Request: POST https://api.telegram.org/bot7690359419:AAFO0dgpL0IaAP44WCMtNOTPMq5plBmPWlA/getUpdates "HTTP/1.1 200 OK"
2025-04-14 00:46:47,816 - httpx - INFO - HTTP Request: POST https://api.telegram.org/bot7690359419:AAFO0dgpL0IaAP44WCMtNOTPMq5plBmPWlA/getUpdates "HTTP/1.1 200 OK"
2025-04-14 00:46:57,849 - httpx - INFO - HTTP Request: POST https://api.telegram.org/bot7690359419:AAFO0dgpL0IaAP44WCMtNOTPMq5plBmPWlA/getUpdates "HTTP/1.1 200 OK"
2025-04-14 00:47:07,888 - httpx - INFO - HTTP Request: POST https://api.telegram.org/bot7690359419:AAFO0dgpL0IaAP44WCMtNOTPMq5plBmPWlA/getUpdates "HTTP/1.1 200 OK"
2025-04-14 00:47:17,924 - httpx - INFO - HTTP Request: POST https://api.telegram.org/bot7690359419:AAFO0dgpL0IaAP44WCMtNOTPMq5plBmPWlA/getUpdates "HTTP/1.1 200 OK"
2025-04-14 00:47:27,965 - httpx - INFO - HTTP Request: POST https://api.telegram.org/bot7690359419:AAFO0dgpL0IaAP44WCMtNOTPMq5plBmPWlA/getUpdates "HTTP/1.1 200 OK"
2025-04-14 00:47:37,998 - httpx - INFO - HTTP Request: POST https://api.telegram.org/bot7690359419:AAFO0dgpL0IaAP44WCMtNOTPMq5plBmPWlA/getUpdates "HTTP/1.1 200 OK"
2025-04-14 00:47:48,032 - httpx - INFO - HTTP Request: POST https://api.telegram.org/bot7690359419:AAFO0dgpL0IaAP44WCMtNOTPMq5plBmPWlA/getUpdates "HTTP/1.1 200 OK"
2025-04-14 00:47:58,064 - httpx - INFO - HTTP Request: POST https://api.telegram.org/bot7690359419:AAFO0dgpL0IaAP44WCMtNOTPMq5plBmPWlA/getUpdates "HTTP/1.1 200 OK"
2025-04-14 00:48:08,096 - httpx - INFO - HTTP Request: POST https://api.telegram.org/bot7690359419:AAFO0dgpL0IaAP44WCMtNOTPMq5plBmPWlA/getUpdates "HTTP/1.1 200 OK"
2025-04-14 00:48:18,129 - httpx - INFO - HTTP Request: POST https://api.telegram.org/bot7690359419:AAFO0dgpL0IaAP44WCMtNOTPMq5plBmPWlA/getUpdates "HTTP/1.1 200 OK"
2025-04-14 00:48:28,162 - httpx - INFO - HTTP Request: POST https://api.telegram.org/bot7690359419:AAFO0dgpL0IaAP44WCMtNOTPMq5plBmPWlA/getUpdates "HTTP/1.1 200 OK"
2025-04-14 00:48:38,199 - httpx - INFO - HTTP Request: POST https://api.telegram.org/bot7690359419:AAFO0dgpL0IaAP44WCMtNOTPMq5plBmPWlA/getUpdates "HTTP/1.1 200 OK"
2025-04-14 00:48:48,236 - httpx - INFO - HTTP Request: POST https://api.telegram.org/bot7690359419:AAFO0dgpL0IaAP44WCMtNOTPMq5plBmPWlA/getUpdates "HTTP/1.1 200 OK"
2025-04-14 00:48:58,270 - httpx - INFO - HTTP Request: POST https://api.telegram.org/bot7690359419:AAFO0dgpL0IaAP44WCMtNOTPMq5plBmPWlA/getUpdates "HTTP/1.1 200 OK"
2025-04-14 00:49:08,314 - httpx - INFO - HTTP Request: POST https://api.telegram.org/bot7690359419:AAFO0dgpL0IaAP44WCMtNOTPMq5plBmPWlA/getUpdates "HTTP/1.1 200 OK"
2025-04-14 00:49:18,355 - httpx - INFO - HTTP Request: POST https://api.telegram.org/bot7690359419:AAFO0dgpL0IaAP44WCMtNOTPMq5plBmPWlA/getUpdates "HTTP/1.1 200 OK"
2025-04-14 00:49:28,387 - httpx - INFO - HTTP Request: POST https://api.telegram.org/bot7690359419:AAFO0dgpL0IaAP44WCMtNOTPMq5plBmPWlA/getUpdates "HTTP/1.1 200 OK"
2025-04-14 00:49:38,422 - httpx - INFO - HTTP Request: POST https://api.telegram.org/bot7690359419:AAFO0dgpL0IaAP44WCMtNOTPMq5plBmPWlA/getUpdates "HTTP/1.1 200 OK"
2025-04-14 00:49:48,460 - httpx - INFO - HTTP Request: POST https://api.telegram.org/bot7690359419:AAFO0dgpL0IaAP44WCMtNOTPMq5plBmPWlA/getUpdates "HTTP/1.1 200 OK"
2025-04-14 00:49:49,934 - httpx - INFO - HTTP Request: POST https://api.telegram.org/bot7690359419:AAFO0dgpL0IaAP44WCMtNOTPMq5plBmPWlA/getUpdates "HTTP/1.1 200 OK"
2025-04-14 00:49:50,078 - httpx - INFO - HTTP Request: POST https://api.telegram.org/bot7690359419:AAFO0dgpL0IaAP44WCMtNOTPMq5plBmPWlA/sendMessage "HTTP/1.1 200 OK"
2025-04-14 00:49:50,079 - root - INFO - Начало загрузки видео по ссылке: https://www.youtube.com/shorts/LR5EwDRt6Uc
2025-04-14 00:49:57,842 - httpx - INFO - HTTP Request: POST https://api.telegram.org/bot7690359419:AAFO0dgpL0IaAP44WCMtNOTPMq5plBmPWlA/sendVideo "HTTP/1.1 200 OK"
2025-04-14 00:49:57,843 - root - INFO - Видео успешно отправлено в чат: -1002559211865_video.mp4
2025-04-14 00:49:59,975 - httpx - INFO - HTTP Request: POST https://api.telegram.org/bot7690359419:AAFO0dgpL0IaAP44WCMtNOTPMq5plBmPWlA/getUpdates "HTTP/1.1 200 OK"
2025-04-14 00:50:10,010 - httpx - INFO - HTTP Request: POST https://api.telegram.org/bot7690359419:AAFO0dgpL0IaAP44WCMtNOTPMq5plBmPWlA/getUpdates "HTTP/1.1 200 OK"
2025-04-14 00:50:20,042 - httpx - INFO - HTTP Request: POST https://api.telegram.org/bot7690359419:AAFO0dgpL0IaAP44WCMtNOTPMq5plBmPWlA/getUpdates "HTTP/1.1 200 OK"
2025-04-14 00:50:30,078 - httpx - INFO - HTTP Request: POST https://api.telegram.org/bot7690359419:AAFO0dgpL0IaAP44WCMtNOTPMq5plBmPWlA/getUpdates "HTTP/1.1 200 OK"
2025-04-14 00:50:38,269 - httpx - INFO - HTTP Request: POST https://api.telegram.org/bot7690359419:AAFO0dgpL0IaAP44WCMtNOTPMq5plBmPWlA/getUpdates "HTTP/1.1 200 OK"
2025-04-14 00:50:38,479 - httpx - INFO - HTTP Request: POST https://api.telegram.org/bot7690359419:AAFO0dgpL0IaAP44WCMtNOTPMq5plBmPWlA/sendMessage "HTTP/1.1 200 OK"
2025-04-14 00:50:38,480 - root - INFO - Начало загрузки видео по ссылке: https://www.youtube.com/watch?v=6VOcaSfnPZk
2025-04-14 00:50:44,936 - httpx - INFO - HTTP Request: POST https://api.telegram.org/bot7690359419:AAFO0dgpL0IaAP44WCMtNOTPMq5plBmPWlA/sendVideo "HTTP/1.1 200 OK"
2025-04-14 00:50:44,937 - root - INFO - Видео успешно отправлено в чат: -1002559211865_video.mp4
2025-04-14 00:50:48,310 - httpx - INFO - HTTP Request: POST https://api.telegram.org/bot7690359419:AAFO0dgpL0IaAP44WCMtNOTPMq5plBmPWlA/getUpdates "HTTP/1.1 200 OK"
2025-04-14 00:50:58,343 - httpx - INFO - HTTP Request: POST https://api.telegram.org/bot7690359419:AAFO0dgpL0IaAP44WCMtNOTPMq5plBmPWlA/getUpdates "HTTP/1.1 200 OK"
2025-04-14 00:51:08,377 - httpx - INFO - HTTP Request: POST https://api.telegram.org/bot7690359419:AAFO0dgpL0IaAP44WCMtNOTPMq5plBmPWlA/getUpdates "HTTP/1.1 200 OK"
2025-04-14 00:51:18,412 - httpx - INFO - HTTP Request: POST https://api.telegram.org/bot7690359419:AAFO0dgpL0IaAP44WCMtNOTPMq5plBmPWlA/getUpdates "HTTP/1.1 200 OK"
2025-04-14 00:51:28,446 - httpx - INFO - HTTP Request: POST https://api.telegram.org/bot7690359419:AAFO0dgpL0IaAP44WCMtNOTPMq5plBmPWlA/getUpdates "HTTP/1.1 200 OK"
2025-04-14 00:51:38,479 - httpx - INFO - HTTP Request: POST https://api.telegram.org/bot7690359419:AAFO0dgpL0IaAP44WCMtNOTPMq5plBmPWlA/getUpdates "HTTP/1.1 200 OK"
2025-04-14 00:51:48,512 - httpx - INFO - HTTP Request: POST https://api.telegram.org/bot7690359419:AAFO0dgpL0IaAP44WCMtNOTPMq5plBmPWlA/getUpdates "HTTP/1.1 200 OK"
2025-04-14 00:51:58,549 - httpx - INFO - HTTP Request: POST https://api.telegram.org/bot7690359419:AAFO0dgpL0IaAP44WCMtNOTPMq5plBmPWlA/getUpdates "HTTP/1.1 200 OK"
2025-04-14 00:52:08,581 - httpx - INFO - HTTP Request: POST https://api.telegram.org/bot7690359419:AAFO0dgpL0IaAP44WCMtNOTPMq5plBmPWlA/getUpdates "HTTP/1.1 200 OK"
2025-04-14 00:52:18,613 - httpx - INFO - HTTP Request: POST https://api.telegram.org/bot7690359419:AAFO0dgpL0IaAP44WCMtNOTPMq5plBmPWlA/getUpdates "HTTP/1.1 200 OK"
2025-04-14 00:52:28,645 - httpx - INFO - HTTP Request: POST https://api.telegram.org/bot7690359419:AAFO0dgpL0IaAP44WCMtNOTPMq5plBmPWlA/getUpdates "HTTP/1.1 200 OK"
2025-04-14 00:52:38,678 - httpx - INFO - HTTP Request: POST https://api.telegram.org/bot7690359419:AAFO0dgpL0IaAP44WCMtNOTPMq5plBmPWlA/getUpdates "HTTP/1.1 200 OK"
2025-04-14 00:52:48,718 - httpx - INFO - HTTP Request: POST https://api.telegram.org/bot7690359419:AAFO0dgpL0IaAP44WCMtNOTPMq5plBmPWlA/getUpdates "HTTP/1.1 200 OK"
2025-04-14 00:52:58,751 - httpx - INFO - HTTP Request: POST https://api.telegram.org/bot7690359419:AAFO0dgpL0IaAP44WCMtNOTPMq5plBmPWlA/getUpdates "HTTP/1.1 200 OK"
2025-04-14 00:53:08,790 - httpx - INFO - HTTP Request: POST https://api.telegram.org/bot7690359419:AAFO0dgpL0IaAP44WCMtNOTPMq5plBmPWlA/getUpdates "HTTP/1.1 200 OK"
2025-04-14 00:53:18,825 - httpx - INFO - HTTP Request: POST https://api.telegram.org/bot7690359419:AAFO0dgpL0IaAP44WCMtNOTPMq5plBmPWlA/getUpdates "HTTP/1.1 200 OK"
2025-04-14 00:53:28,859 - httpx - INFO - HTTP Request: POST https://api.telegram.org/bot7690359419:AAFO0dgpL0IaAP44WCMtNOTPMq5plBmPWlA/getUpdates "HTTP/1.1 200 OK"
2025-04-14 00:53:38,892 - httpx - INFO - HTTP Request: POST https://api.telegram.org/bot7690359419:AAFO0dgpL0IaAP44WCMtNOTPMq5plBmPWlA/getUpdates "HTTP/1.1 200 OK"
2025-04-14 00:53:48,922 - httpx - INFO - HTTP Request: POST https://api.telegram.org/bot7690359419:AAFO0dgpL0IaAP44WCMtNOTPMq5plBmPWlA/getUpdates "HTTP/1.1 200 OK"
2025-04-14 00:53:58,957 - httpx - INFO - HTTP Request: POST https://api.telegram.org/bot7690359419:AAFO0dgpL0IaAP44WCMtNOTPMq5plBmPWlA/getUpdates "HTTP/1.1 200 OK"
2025-04-14 00:54:08,991 - httpx - INFO - HTTP Request: POST https://api.telegram.org/bot7690359419:AAFO0dgpL0IaAP44WCMtNOTPMq5plBmPWlA/getUpdates "HTTP/1.1 200 OK"
2025-04-14 00:54:19,024 - httpx - INFO - HTTP Request: POST https://api.telegram.org/bot7690359419:AAFO0dgpL0IaAP44WCMtNOTPMq5plBmPWlA/getUpdates "HTTP/1.1 200 OK"
2025-04-14 00:54:29,057 - httpx - INFO - HTTP Request: POST https://api.telegram.org/bot7690359419:AAFO0dgpL0IaAP44WCMtNOTPMq5plBmPWlA/getUpdates "HTTP/1.1 200 OK"
2025-04-14 00:54:39,093 - httpx - INFO - HTTP Request: POST https://api.telegram.org/bot7690359419:AAFO0dgpL0IaAP44WCMtNOTPMq5plBmPWlA/getUpdates "HTTP/1.1 200 OK"
2025-04-14 00:54:49,130 - httpx - INFO - HTTP Request: POST https://api.telegram.org/bot7690359419:AAFO0dgpL0IaAP44WCMtNOTPMq5plBmPWlA/getUpdates "HTTP/1.1 200 OK"
2025-04-14 00:54:59,164 - httpx - INFO - HTTP Request: POST https://api.telegram.org/bot7690359419:AAFO0dgpL0IaAP44WCMtNOTPMq5plBmPWlA/getUpdates "HTTP/1.1 200 OK"
2025-04-14 00:55:09,202 - httpx - INFO - HTTP Request: POST https://api.telegram.org/bot7690359419:AAFO0dgpL0IaAP44WCMtNOTPMq5plBmPWlA/getUpdates "HTTP/1.1 200 OK"
2025-04-14 00:55:19,234 - httpx - INFO - HTTP Request: POST https://api.telegram.org/bot7690359419:AAFO0dgpL0IaAP44WCMtNOTPMq5plBmPWlA/getUpdates "HTTP/1.1 200 OK"
2025-04-14 00:55:29,267 - httpx - INFO - HTTP Request: POST https://api.telegram.org/bot7690359419:AAFO0dgpL0IaAP44WCMtNOTPMq5plBmPWlA/getUpdates "HTTP/1.1 200 OK"
2025-04-14 00:55:39,298 - httpx - INFO - HTTP Request: POST https://api.telegram.org/bot7690359419:AAFO0dgpL0IaAP44WCMtNOTPMq5plBmPWlA/getUpdates "HTTP/1.1 200 OK"
2025-04-14 00:55:49,333 - httpx - INFO - HTTP Request: POST https://api.telegram.org/bot7690359419:AAFO0dgpL0IaAP44WCMtNOTPMq5plBmPWlA/getUpdates "HTTP/1.1 200 OK"
2025-04-14 00:55:59,367 - httpx - INFO - HTTP Request: POST https://api.telegram.org/bot7690359419:AAFO0dgpL0IaAP44WCMtNOTPMq5plBmPWlA/getUpdates "HTTP/1.1 200 OK"
2025-04-14 00:56:09,406 - httpx - INFO - HTTP Request: POST https://api.telegram.org/bot7690359419:AAFO0dgpL0IaAP44WCMtNOTPMq5plBmPWlA/getUpdates "HTTP/1.1 200 OK"
2025-04-14 00:56:19,450 - httpx - INFO - HTTP Request: POST https://api.telegram.org/bot7690359419:AAFO0dgpL0IaAP44WCMtNOTPMq5plBmPWlA/getUpdates "HTTP/1.1 200 OK"
2025-04-14 00:56:29,484 - httpx - INFO - HTTP Request: POST https://api.telegram.org/bot7690359419:AAFO0dgpL0IaAP44WCMtNOTPMq5plBmPWlA/getUpdates "HTTP/1.1 200 OK"
2025-04-14 00:56:39,517 - httpx - INFO - HTTP Request: POST https://api.telegram.org/bot7690359419:AAFO0dgpL0IaAP44WCMtNOTPMq5plBmPWlA/getUpdates "HTTP/1.1 200 OK"
2025-04-14 00:56:49,548 - httpx - INFO - HTTP Request: POST https://api.telegram.org/bot7690359419:AAFO0dgpL0IaAP44WCMtNOTPMq5plBmPWlA/getUpdates "HTTP/1.1 200 OK"
2025-04-14 00:56:59,587 - httpx - INFO - HTTP Request: POST https://api.telegram.org/bot7690359419:AAFO0dgpL0IaAP44WCMtNOTPMq5plBmPWlA/getUpdates "HTTP/1.1 200 OK"
2025-04-14 00:57:09,622 - httpx - INFO - HTTP Request: POST https://api.telegram.org/bot7690359419:AAFO0dgpL0IaAP44WCMtNOTPMq5plBmPWlA/getUpdates "HTTP/1.1 200 OK"
2025-04-14 00:57:19,655 - httpx - INFO - HTTP Request: POST https://api.telegram.org/bot7690359419:AAFO0dgpL0IaAP44WCMtNOTPMq5plBmPWlA/getUpdates "HTTP/1.1 200 OK"
2025-04-14 00:57:29,702 - httpx - INFO - HTTP Request: POST https://api.telegram.org/bot7690359419:AAFO0dgpL0IaAP44WCMtNOTPMq5plBmPWlA/getUpdates "HTTP/1.1 200 OK"
2025-04-14 00:57:39,734 - httpx - INFO - HTTP Request: POST https://api.telegram.org/bot7690359419:AAFO0dgpL0IaAP44WCMtNOTPMq5plBmPWlA/getUpdates "HTTP/1.1 200 OK"
2025-04-14 00:57:49,772 - httpx - INFO - HTTP Request: POST https://api.telegram.org/bot7690359419:AAFO0dgpL0IaAP44WCMtNOTPMq5plBmPWlA/getUpdates "HTTP/1.1 200 OK"
2025-04-14 00:57:59,805 - httpx - INFO - HTTP Request: POST https://api.telegram.org/bot7690359419:AAFO0dgpL0IaAP44WCMtNOTPMq5plBmPWlA/getUpdates "HTTP/1.1 200 OK"
2025-04-14 00:58:09,844 - httpx - INFO - HTTP Request: POST https://api.telegram.org/bot7690359419:AAFO0dgpL0IaAP44WCMtNOTPMq5plBmPWlA/getUpdates "HTTP/1.1 200 OK"
2025-04-14 00:58:19,876 - httpx - INFO - HTTP Request: POST https://api.telegram.org/bot7690359419:AAFO0dgpL0IaAP44WCMtNOTPMq5plBmPWlA/getUpdates "HTTP/1.1 200 OK"
2025-04-14 00:58:29,910 - httpx - INFO - HTTP Request: POST https://api.telegram.org/bot7690359419:AAFO0dgpL0IaAP44WCMtNOTPMq5plBmPWlA/getUpdates "HTTP/1.1 200 OK"
2025-04-14 00:58:39,944 - httpx - INFO - HTTP Request: POST https://api.telegram.org/bot7690359419:AAFO0dgpL0IaAP44WCMtNOTPMq5plBmPWlA/getUpdates "HTTP/1.1 200 OK"
2025-04-14 00:58:49,976 - httpx - INFO - HTTP Request: POST https://api.telegram.org/bot7690359419:AAFO0dgpL0IaAP44WCMtNOTPMq5plBmPWlA/getUpdates "HTTP/1.1 200 OK"
2025-04-14 00:59:00,093 - httpx - INFO - HTTP Request: POST https://api.telegram.org/bot7690359419:AAFO0dgpL0IaAP44WCMtNOTPMq5plBmPWlA/getUpdates "HTTP/1.1 200 OK"
2025-04-14 00:59:10,127 - httpx - INFO - HTTP Request: POST https://api.telegram.org/bot7690359419:AAFO0dgpL0IaAP44WCMtNOTPMq5plBmPWlA/getUpdates "HTTP/1.1 200 OK"
2025-04-14 00:59:20,164 - httpx - INFO - HTTP Request: POST https://api.telegram.org/bot7690359419:AAFO0dgpL0IaAP44WCMtNOTPMq5plBmPWlA/getUpdates "HTTP/1.1 200 OK"
2025-04-14 00:59:30,199 - httpx - INFO - HTTP Request: POST https://api.telegram.org/bot7690359419:AAFO0dgpL0IaAP44WCMtNOTPMq5plBmPWlA/getUpdates "HTTP/1.1 200 OK"
2025-04-14 00:59:40,232 - httpx - INFO - HTTP Request: POST https://api.telegram.org/bot7690359419:AAFO0dgpL0IaAP44WCMtNOTPMq5plBmPWlA/getUpdates "HTTP/1.1 200 OK"
2025-04-14 00:59:50,264 - httpx - INFO - HTTP Request: POST https://api.telegram.org/bot7690359419:AAFO0dgpL0IaAP44WCMtNOTPMq5plBmPWlA/getUpdates "HTTP/1.1 200 OK"
2025-04-14 01:00:00,300 - httpx - INFO - HTTP Request: POST https://api.telegram.org/bot7690359419:AAFO0dgpL0IaAP44WCMtNOTPMq5plBmPWlA/getUpdates "HTTP/1.1 200 OK"
2025-04-14 01:00:10,344 - httpx - INFO - HTTP Request: POST https://api.telegram.org/bot7690359419:AAFO0dgpL0IaAP44WCMtNOTPMq5plBmPWlA/getUpdates "HTTP/1.1 200 OK"
2025-04-14 01:00:20,378 - httpx - INFO - HTTP Request: POST https://api.telegram.org/bot7690359419:AAFO0dgpL0IaAP44WCMtNOTPMq5plBmPWlA/getUpdates "HTTP/1.1 200 OK"
2025-04-14 01:00:30,412 - httpx - INFO - HTTP Request: POST https://api.telegram.org/bot7690359419:AAFO0dgpL0IaAP44WCMtNOTPMq5plBmPWlA/getUpdates "HTTP/1.1 200 OK"
2025-04-14 01:00:40,448 - httpx - INFO - HTTP Request: POST https://api.telegram.org/bot7690359419:AAFO0dgpL0IaAP44WCMtNOTPMq5plBmPWlA/getUpdates "HTTP/1.1 200 OK"
2025-04-14 01:00:50,479 - httpx - INFO - HTTP Request: POST https://api.telegram.org/bot7690359419:AAFO0dgpL0IaAP44WCMtNOTPMq5plBmPWlA/getUpdates "HTTP/1.1 200 OK"
2025-04-14 01:01:00,515 - httpx - INFO - HTTP Request: POST https://api.telegram.org/bot7690359419:AAFO0dgpL0IaAP44WCMtNOTPMq5plBmPWlA/getUpdates "HTTP/1.1 200 OK"
2025-04-14 01:01:10,550 - httpx - INFO - HTTP Request: POST https://api.telegram.org/bot7690359419:AAFO0dgpL0IaAP44WCMtNOTPMq5plBmPWlA/getUpdates "HTTP/1.1 200 OK"
2025-04-14 01:01:20,584 - httpx - INFO - HTTP Request: POST https://api.telegram.org/bot7690359419:AAFO0dgpL0IaAP44WCMtNOTPMq5plBmPWlA/getUpdates "HTTP/1.1 200 OK"
2025-04-14 01:01:30,618 - httpx - INFO - HTTP Request: POST https://api.telegram.org/bot7690359419:AAFO0dgpL0IaAP44WCMtNOTPMq5plBmPWlA/getUpdates "HTTP/1.1 200 OK"
2025-04-14 01:01:40,664 - httpx - INFO - HTTP Request: POST https://api.telegram.org/bot7690359419:AAFO0dgpL0IaAP44WCMtNOTPMq5plBmPWlA/getUpdates "HTTP/1.1 200 OK"
2025-04-14 01:01:50,699 - httpx - INFO - HTTP Request: POST https://api.telegram.org/bot7690359419:AAFO0dgpL0IaAP44WCMtNOTPMq5plBmPWlA/getUpdates "HTTP/1.1 200 OK"
2025-04-14 01:02:00,731 - httpx - INFO - HTTP Request: POST https://api.telegram.org/bot7690359419:AAFO0dgpL0IaAP44WCMtNOTPMq5plBmPWlA/getUpdates "HTTP/1.1 200 OK"
2025-04-14 01:02:10,764 - httpx - INFO - HTTP Request: POST https://api.telegram.org/bot7690359419:AAFO0dgpL0IaAP44WCMtNOTPMq5plBmPWlA/getUpdates "HTTP/1.1 200 OK"
2025-04-14 01:02:20,803 - httpx - INFO - HTTP Request: POST https://api.telegram.org/bot7690359419:AAFO0dgpL0IaAP44WCMtNOTPMq5plBmPWlA/getUpdates "HTTP/1.1 200 OK"
2025-04-14 01:02:30,837 - httpx - INFO - HTTP Request: POST https://api.telegram.org/bot7690359419:AAFO0dgpL0IaAP44WCMtNOTPMq5plBmPWlA/getUpdates "HTTP/1.1 200 OK"
2025-04-14 01:02:40,871 - httpx - INFO - HTTP Request: POST https://api.telegram.org/bot7690359419:AAFO0dgpL0IaAP44WCMtNOTPMq5plBmPWlA/getUpdates "HTTP/1.1 200 OK"
2025-04-14 01:02:50,911 - httpx - INFO - HTTP Request: POST https://api.telegram.org/bot7690359419:AAFO0dgpL0IaAP44WCMtNOTPMq5plBmPWlA/getUpdates "HTTP/1.1 200 OK"
2025-04-14 01:03:00,944 - httpx - INFO - HTTP Request: POST https://api.telegram.org/bot7690359419:AAFO0dgpL0IaAP44WCMtNOTPMq5plBmPWlA/getUpdates "HTTP/1.1 200 OK"
2025-04-14 01:03:10,977 - httpx - INFO - HTTP Request: POST https://api.telegram.org/bot7690359419:AAFO0dgpL0IaAP44WCMtNOTPMq5plBmPWlA/getUpdates "HTTP/1.1 200 OK"
2025-04-14 01:03:21,010 - httpx - INFO - HTTP Request: POST https://api.telegram.org/bot7690359419:AAFO0dgpL0IaAP44WCMtNOTPMq5plBmPWlA/getUpdates "HTTP/1.1 200 OK"
2025-04-14 01:03:31,044 - httpx - INFO - HTTP Request: POST https://api.telegram.org/bot7690359419:AAFO0dgpL0IaAP44WCMtNOTPMq5plBmPWlA/getUpdates "HTTP/1.1 200 OK"
2025-04-14 01:03:41,078 - httpx - INFO - HTTP Request: POST https://api.telegram.org/bot7690359419:AAFO0dgpL0IaAP44WCMtNOTPMq5plBmPWlA/getUpdates "HTTP/1.1 200 OK"
2025-04-14 01:03:51,115 - httpx - INFO - HTTP Request: POST https://api.telegram.org/bot7690359419:AAFO0dgpL0IaAP44WCMtNOTPMq5plBmPWlA/getUpdates "HTTP/1.1 200 OK"
2025-04-14 01:04:01,151 - httpx - INFO - HTTP Request: POST https://api.telegram.org/bot7690359419:AAFO0dgpL0IaAP44WCMtNOTPMq5plBmPWlA/getUpdates "HTTP/1.1 200 OK"
2025-04-14 01:04:11,187 - httpx - INFO - HTTP Request: POST https://api.telegram.org/bot7690359419:AAFO0dgpL0IaAP44WCMtNOTPMq5plBmPWlA/getUpdates "HTTP/1.1 200 OK"
2025-04-14 01:04:21,222 - httpx - INFO - HTTP Request: POST https://api.telegram.org/bot7690359419:AAFO0dgpL0IaAP44WCMtNOTPMq5plBmPWlA/getUpdates "HTTP/1.1 200 OK"
2025-04-14 01:04:31,255 - httpx - INFO - HTTP Request: POST https://api.telegram.org/bot7690359419:AAFO0dgpL0IaAP44WCMtNOTPMq5plBmPWlA/getUpdates "HTTP/1.1 200 OK"
2025-04-14 01:04:41,289 - httpx - INFO - HTTP Request: POST https://api.telegram.org/bot7690359419:AAFO0dgpL0IaAP44WCMtNOTPMq5plBmPWlA/getUpdates "HTTP/1.1 200 OK"
2025-04-14 01:04:51,323 - httpx - INFO - HTTP Request: POST https://api.telegram.org/bot7690359419:AAFO0dgpL0IaAP44WCMtNOTPMq5plBmPWlA/getUpdates "HTTP/1.1 200 OK"
2025-04-14 01:05:01,356 - httpx - INFO - HTTP Request: POST https://api.telegram.org/bot7690359419:AAFO0dgpL0IaAP44WCMtNOTPMq5plBmPWlA/getUpdates "HTTP/1.1 200 OK"
2025-04-14 01:05:11,392 - httpx - INFO - HTTP Request: POST https://api.telegram.org/bot7690359419:AAFO0dgpL0IaAP44WCMtNOTPMq5plBmPWlA/getUpdates "HTTP/1.1 200 OK"
2025-04-14 01:05:21,425 - httpx - INFO - HTTP Request: POST https://api.telegram.org/bot7690359419:AAFO0dgpL0IaAP44WCMtNOTPMq5plBmPWlA/getUpdates "HTTP/1.1 200 OK"
2025-04-14 01:05:31,462 - httpx - INFO - HTTP Request: POST https://api.telegram.org/bot7690359419:AAFO0dgpL0IaAP44WCMtNOTPMq5plBmPWlA/getUpdates "HTTP/1.1 200 OK"
2025-04-14 01:05:41,496 - httpx - INFO - HTTP Request: POST https://api.telegram.org/bot7690359419:AAFO0dgpL0IaAP44WCMtNOTPMq5plBmPWlA/getUpdates "HTTP/1.1 200 OK"
2025-04-14 01:05:51,539 - httpx - INFO - HTTP Request: POST https://api.telegram.org/bot7690359419:AAFO0dgpL0IaAP44WCMtNOTPMq5plBmPWlA/getUpdates "HTTP/1.1 200 OK"
2025-04-14 01:06:01,573 - httpx - INFO - HTTP Request: POST https://api.telegram.org/bot7690359419:AAFO0dgpL0IaAP44WCMtNOTPMq5plBmPWlA/getUpdates "HTTP/1.1 200 OK"
2025-04-14 01:06:11,614 - httpx - INFO - HTTP Request: POST https://api.telegram.org/bot7690359419:AAFO0dgpL0IaAP44WCMtNOTPMq5plBmPWlA/getUpdates "HTTP/1.1 200 OK"
2025-04-14 01:06:21,646 - httpx - INFO - HTTP Request: POST https://api.telegram.org/bot7690359419:AAFO0dgpL0IaAP44WCMtNOTPMq5plBmPWlA/getUpdates "HTTP/1.1 200 OK"
2025-04-14 01:06:31,680 - httpx - INFO - HTTP Request: POST https://api.telegram.org/bot7690359419:AAFO0dgpL0IaAP44WCMtNOTPMq5plBmPWlA/getUpdates "HTTP/1.1 200 OK"
2025-04-14 01:06:41,713 - httpx - INFO - HTTP Request: POST https://api.telegram.org/bot7690359419:AAFO0dgpL0IaAP44WCMtNOTPMq5plBmPWlA/getUpdates "HTTP/1.1 200 OK"
2025-04-14 01:06:51,746 - httpx - INFO - HTTP Request: POST https://api.telegram.org/bot7690359419:AAFO0dgpL0IaAP44WCMtNOTPMq5plBmPWlA/getUpdates "HTTP/1.1 200 OK"
2025-04-14 01:07:01,784 - httpx - INFO - HTTP Request: POST https://api.telegram.org/bot7690359419:AAFO0dgpL0IaAP44WCMtNOTPMq5plBmPWlA/getUpdates "HTTP/1.1 200 OK"
2025-04-14 01:07:11,818 - httpx - INFO - HTTP Request: POST https://api.telegram.org/bot7690359419:AAFO0dgpL0IaAP44WCMtNOTPMq5plBmPWlA/getUpdates "HTTP/1.1 200 OK"
2025-04-14 01:07:21,850 - httpx - INFO - HTTP Request: POST https://api.telegram.org/bot7690359419:AAFO0dgpL0IaAP44WCMtNOTPMq5plBmPWlA/getUpdates "HTTP/1.1 200 OK"
2025-04-14 01:07:31,882 - httpx - INFO - HTTP Request: POST https://api.telegram.org/bot7690359419:AAFO0dgpL0IaAP44WCMtNOTPMq5plBmPWlA/getUpdates "HTTP/1.1 200 OK"
2025-04-14 01:07:41,916 - httpx - INFO - HTTP Request: POST https://api.telegram.org/bot7690359419:AAFO0dgpL0IaAP44WCMtNOTPMq5plBmPWlA/getUpdates "HTTP/1.1 200 OK"
2025-04-14 01:07:51,951 - httpx - INFO - HTTP Request: POST https://api.telegram.org/bot7690359419:AAFO0dgpL0IaAP44WCMtNOTPMq5plBmPWlA/getUpdates "HTTP/1.1 200 OK"
2025-04-14 01:08:01,984 - httpx - INFO - HTTP Request: POST https://api.telegram.org/bot7690359419:AAFO0dgpL0IaAP44WCMtNOTPMq5plBmPWlA/getUpdates "HTTP/1.1 200 OK"
2025-04-14 01:08:12,020 - httpx - INFO - HTTP Request: POST https://api.telegram.org/bot7690359419:AAFO0dgpL0IaAP44WCMtNOTPMq5plBmPWlA/getUpdates "HTTP/1.1 200 OK"
2025-04-14 01:08:22,060 - httpx - INFO - HTTP Request: POST https://api.telegram.org/bot7690359419:AAFO0dgpL0IaAP44WCMtNOTPMq5plBmPWlA/getUpdates "HTTP/1.1 200 OK"
2025-04-14 01:08:32,099 - httpx - INFO - HTTP Request: POST https://api.telegram.org/bot7690359419:AAFO0dgpL0IaAP44WCMtNOTPMq5plBmPWlA/getUpdates "HTTP/1.1 200 OK"
2025-04-14 01:08:42,131 - httpx - INFO - HTTP Request: POST https://api.telegram.org/bot7690359419:AAFO0dgpL0IaAP44WCMtNOTPMq5plBmPWlA/getUpdates "HTTP/1.1 200 OK"
2025-04-14 01:08:52,166 - httpx - INFO - HTTP Request: POST https://api.telegram.org/bot7690359419:AAFO0dgpL0IaAP44WCMtNOTPMq5plBmPWlA/getUpdates "HTTP/1.1 200 OK"
2025-04-14 01:09:02,201 - httpx - INFO - HTTP Request: POST https://api.telegram.org/bot7690359419:AAFO0dgpL0IaAP44WCMtNOTPMq5plBmPWlA/getUpdates "HTTP/1.1 200 OK"
2025-04-14 01:09:12,235 - httpx - INFO - HTTP Request: POST https://api.telegram.org/bot7690359419:AAFO0dgpL0IaAP44WCMtNOTPMq5plBmPWlA/getUpdates "HTTP/1.1 200 OK"
2025-04-14 01:09:22,271 - httpx - INFO - HTTP Request: POST https://api.telegram.org/bot7690359419:AAFO0dgpL0IaAP44WCMtNOTPMq5plBmPWlA/getUpdates "HTTP/1.1 200 OK"
2025-04-14 01:09:32,308 - httpx - INFO - HTTP Request: POST https://api.telegram.org/bot7690359419:AAFO0dgpL0IaAP44WCMtNOTPMq5plBmPWlA/getUpdates "HTTP/1.1 200 OK"
2025-04-14 01:09:42,345 - httpx - INFO - HTTP Request: POST https://api.telegram.org/bot7690359419:AAFO0dgpL0IaAP44WCMtNOTPMq5plBmPWlA/getUpdates "HTTP/1.1 200 OK"
2025-04-14 01:09:52,379 - httpx - INFO - HTTP Request: POST https://api.telegram.org/bot7690359419:AAFO0dgpL0IaAP44WCMtNOTPMq5plBmPWlA/getUpdates "HTTP/1.1 200 OK"
2025-04-14 01:10:02,413 - httpx - INFO - HTTP Request: POST https://api.telegram.org/bot7690359419:AAFO0dgpL0IaAP44WCMtNOTPMq5plBmPWlA/getUpdates "HTTP/1.1 200 OK"
2025-04-14 01:10:12,445 - httpx - INFO - HTTP Request: POST https://api.telegram.org/bot7690359419:AAFO0dgpL0IaAP44WCMtNOTPMq5plBmPWlA/getUpdates "HTTP/1.1 200 OK"
2025-04-14 01:10:22,479 - httpx - INFO - HTTP Request: POST https://api.telegram.org/bot7690359419:AAFO0dgpL0IaAP44WCMtNOTPMq5plBmPWlA/getUpdates "HTTP/1.1 200 OK"
2025-04-14 01:10:32,520 - httpx - INFO - HTTP Request: POST https://api.telegram.org/bot7690359419:AAFO0dgpL0IaAP44WCMtNOTPMq5plBmPWlA/getUpdates "HTTP/1.1 200 OK"
2025-04-14 01:10:42,560 - httpx - INFO - HTTP Request: POST https://api.telegram.org/bot7690359419:AAFO0dgpL0IaAP44WCMtNOTPMq5plBmPWlA/getUpdates "HTTP/1.1 200 OK"
2025-04-14 01:10:52,592 - httpx - INFO - HTTP Request: POST https://api.telegram.org/bot7690359419:AAFO0dgpL0IaAP44WCMtNOTPMq5plBmPWlA/getUpdates "HTTP/1.1 200 OK"
2025-04-14 01:11:02,625 - httpx - INFO - HTTP Request: POST https://api.telegram.org/bot7690359419:AAFO0dgpL0IaAP44WCMtNOTPMq5plBmPWlA/getUpdates "HTTP/1.1 200 OK"
2025-04-14 01:11:12,660 - httpx - INFO - HTTP Request: POST https://api.telegram.org/bot7690359419:AAFO0dgpL0IaAP44WCMtNOTPMq5plBmPWlA/getUpdates "HTTP/1.1 200 OK"
2025-04-14 01:11:22,692 - httpx - INFO - HTTP Request: POST https://api.telegram.org/bot7690359419:AAFO0dgpL0IaAP44WCMtNOTPMq5plBmPWlA/getUpdates "HTTP/1.1 200 OK"
2025-04-14 01:11:32,726 - httpx - INFO - HTTP Request: POST https://api.telegram.org/bot7690359419:AAFO0dgpL0IaAP44WCMtNOTPMq5plBmPWlA/getUpdates "HTTP/1.1 200 OK"
2025-04-14 01:11:42,763 - httpx - INFO - HTTP Request: POST https://api.telegram.org/bot7690359419:AAFO0dgpL0IaAP44WCMtNOTPMq5plBmPWlA/getUpdates "HTTP/1.1 200 OK"
2025-04-14 01:11:52,795 - httpx - INFO - HTTP Request: POST https://api.telegram.org/bot7690359419:AAFO0dgpL0IaAP44WCMtNOTPMq5plBmPWlA/getUpdates "HTTP/1.1 200 OK"
2025-04-14 01:12:02,828 - httpx - INFO - HTTP Request: POST https://api.telegram.org/bot7690359419:AAFO0dgpL0IaAP44WCMtNOTPMq5plBmPWlA/getUpdates "HTTP/1.1 200 OK"
2025-04-14 01:12:12,864 - httpx - INFO - HTTP Request: POST https://api.telegram.org/bot7690359419:AAFO0dgpL0IaAP44WCMtNOTPMq5plBmPWlA/getUpdates "HTTP/1.1 200 OK"
2025-04-14 01:12:22,905 - httpx - INFO - HTTP Request: POST https://api.telegram.org/bot7690359419:AAFO0dgpL0IaAP44WCMtNOTPMq5plBmPWlA/getUpdates "HTTP/1.1 200 OK"
2025-04-14 01:12:32,955 - httpx - INFO - HTTP Request: POST https://api.telegram.org/bot7690359419:AAFO0dgpL0IaAP44WCMtNOTPMq5plBmPWlA/getUpdates "HTTP/1.1 200 OK"
2025-04-14 01:12:42,989 - httpx - INFO - HTTP Request: POST https://api.telegram.org/bot7690359419:AAFO0dgpL0IaAP44WCMtNOTPMq5plBmPWlA/getUpdates "HTTP/1.1 200 OK"
2025-04-14 01:12:53,023 - httpx - INFO - HTTP Request: POST https://api.telegram.org/bot7690359419:AAFO0dgpL0IaAP44WCMtNOTPMq5plBmPWlA/getUpdates "HTTP/1.1 200 OK"
2025-04-14 01:13:03,057 - httpx - INFO - HTTP Request: POST https://api.telegram.org/bot7690359419:AAFO0dgpL0IaAP44WCMtNOTPMq5plBmPWlA/getUpdates "HTTP/1.1 200 OK"
2025-04-14 01:13:13,088 - httpx - INFO - HTTP Request: POST https://api.telegram.org/bot7690359419:AAFO0dgpL0IaAP44WCMtNOTPMq5plBmPWlA/getUpdates "HTTP/1.1 200 OK"
2025-04-14 01:13:23,122 - httpx - INFO - HTTP Request: POST https://api.telegram.org/bot7690359419:AAFO0dgpL0IaAP44WCMtNOTPMq5plBmPWlA/getUpdates "HTTP/1.1 200 OK"
2025-04-14 01:13:33,165 - httpx - INFO - HTTP Request: POST https://api.telegram.org/bot7690359419:AAFO0dgpL0IaAP44WCMtNOTPMq5plBmPWlA/getUpdates "HTTP/1.1 200 OK"
2025-04-14 01:13:43,203 - httpx - INFO - HTTP Request: POST https://api.telegram.org/bot7690359419:AAFO0dgpL0IaAP44WCMtNOTPMq5plBmPWlA/getUpdates "HTTP/1.1 200 OK"
2025-04-14 01:13:53,235 - httpx - INFO - HTTP Request: POST https://api.telegram.org/bot7690359419:AAFO0dgpL0IaAP44WCMtNOTPMq5plBmPWlA/getUpdates "HTTP/1.1 200 OK"
2025-04-14 01:14:03,269 - httpx - INFO - HTTP Request: POST https://api.telegram.org/bot7690359419:AAFO0dgpL0IaAP44WCMtNOTPMq5plBmPWlA/getUpdates "HTTP/1.1 200 OK"
2025-04-14 01:14:13,300 - httpx - INFO - HTTP Request: POST https://api.telegram.org/bot7690359419:AAFO0dgpL0IaAP44WCMtNOTPMq5plBmPWlA/getUpdates "HTTP/1.1 200 OK"
2025-04-14 01:14:23,336 - httpx - INFO - HTTP Request: POST https://api.telegram.org/bot7690359419:AAFO0dgpL0IaAP44WCMtNOTPMq5plBmPWlA/getUpdates "HTTP/1.1 200 OK"
2025-04-14 01:14:33,370 - httpx - INFO - HTTP Request: POST https://api.telegram.org/bot7690359419:AAFO0dgpL0IaAP44WCMtNOTPMq5plBmPWlA/getUpdates "HTTP/1.1 200 OK"
2025-04-14 01:14:43,403 - httpx - INFO - HTTP Request: POST https://api.telegram.org/bot7690359419:AAFO0dgpL0IaAP44WCMtNOTPMq5plBmPWlA/getUpdates "HTTP/1.1 200 OK"
2025-04-14 01:14:53,436 - httpx - INFO - HTTP Request: POST https://api.telegram.org/bot7690359419:AAFO0dgpL0IaAP44WCMtNOTPMq5plBmPWlA/getUpdates "HTTP/1.1 200 OK"
2025-04-14 01:15:03,471 - httpx - INFO - HTTP Request: POST https://api.telegram.org/bot7690359419:AAFO0dgpL0IaAP44WCMtNOTPMq5plBmPWlA/getUpdates "HTTP/1.1 200 OK"
2025-04-14 01:15:13,505 - httpx - INFO - HTTP Request: POST https://api.telegram.org/bot7690359419:AAFO0dgpL0IaAP44WCMtNOTPMq5plBmPWlA/getUpdates "HTTP/1.1 200 OK"
2025-04-14 01:15:23,542 - httpx - INFO - HTTP Request: POST https://api.telegram.org/bot7690359419:AAFO0dgpL0IaAP44WCMtNOTPMq5plBmPWlA/getUpdates "HTTP/1.1 200 OK"
2025-04-14 01:15:33,581 - httpx - INFO - HTTP Request: POST https://api.telegram.org/bot7690359419:AAFO0dgpL0IaAP44WCMtNOTPMq5plBmPWlA/getUpdates "HTTP/1.1 200 OK"
2025-04-14 01:15:43,700 - httpx - INFO - HTTP Request: POST https://api.telegram.org/bot7690359419:AAFO0dgpL0IaAP44WCMtNOTPMq5plBmPWlA/getUpdates "HTTP/1.1 200 OK"
2025-04-14 01:15:53,741 - httpx - INFO - HTTP Request: POST https://api.telegram.org/bot7690359419:AAFO0dgpL0IaAP44WCMtNOTPMq5plBmPWlA/getUpdates "HTTP/1.1 200 OK"
2025-04-14 01:16:03,778 - httpx - INFO - HTTP Request: POST https://api.telegram.org/bot7690359419:AAFO0dgpL0IaAP44WCMtNOTPMq5plBmPWlA/getUpdates "HTTP/1.1 200 OK"
2025-04-14 01:16:13,813 - httpx - INFO - HTTP Request: POST https://api.telegram.org/bot7690359419:AAFO0dgpL0IaAP44WCMtNOTPMq5plBmPWlA/getUpdates "HTTP/1.1 200 OK"
2025-04-14 01:16:23,846 - httpx - INFO - HTTP Request: POST https://api.telegram.org/bot7690359419:AAFO0dgpL0IaAP44WCMtNOTPMq5plBmPWlA/getUpdates "HTTP/1.1 200 OK"
2025-04-14 01:16:33,879 - httpx - INFO - HTTP Request: POST https://api.telegram.org/bot7690359419:AAFO0dgpL0IaAP44WCMtNOTPMq5plBmPWlA/getUpdates "HTTP/1.1 200 OK"
2025-04-14 01:16:43,915 - httpx - INFO - HTTP Request: POST https://api.telegram.org/bot7690359419:AAFO0dgpL0IaAP44WCMtNOTPMq5plBmPWlA/getUpdates "HTTP/1.1 200 OK"
2025-04-14 01:16:53,951 - httpx - INFO - HTTP Request: POST https://api.telegram.org/bot7690359419:AAFO0dgpL0IaAP44WCMtNOTPMq5plBmPWlA/getUpdates "HTTP/1.1 200 OK"
2025-04-14 01:17:03,983 - httpx - INFO - HTTP Request: POST https://api.telegram.org/bot7690359419:AAFO0dgpL0IaAP44WCMtNOTPMq5plBmPWlA/getUpdates "HTTP/1.1 200 OK"
2025-04-14 01:17:14,018 - httpx - INFO - HTTP Request: POST https://api.telegram.org/bot7690359419:AAFO0dgpL0IaAP44WCMtNOTPMq5plBmPWlA/getUpdates "HTTP/1.1 200 OK"
2025-04-14 01:17:24,058 - httpx - INFO - HTTP Request: POST https://api.telegram.org/bot7690359419:AAFO0dgpL0IaAP44WCMtNOTPMq5plBmPWlA/getUpdates "HTTP/1.1 200 OK"
2025-04-14 01:17:34,094 - httpx - INFO - HTTP Request: POST https://api.telegram.org/bot7690359419:AAFO0dgpL0IaAP44WCMtNOTPMq5plBmPWlA/getUpdates "HTTP/1.1 200 OK"
2025-04-14 01:17:44,128 - httpx - INFO - HTTP Request: POST https://api.telegram.org/bot7690359419:AAFO0dgpL0IaAP44WCMtNOTPMq5plBmPWlA/getUpdates "HTTP/1.1 200 OK"
2025-04-14 01:17:54,160 - httpx - INFO - HTTP Request: POST https://api.telegram.org/bot7690359419:AAFO0dgpL0IaAP44WCMtNOTPMq5plBmPWlA/getUpdates "HTTP/1.1 200 OK"
2025-04-14 01:18:04,194 - httpx - INFO - HTTP Request: POST https://api.telegram.org/bot7690359419:AAFO0dgpL0IaAP44WCMtNOTPMq5plBmPWlA/getUpdates "HTTP/1.1 200 OK"
2025-04-14 01:18:14,230 - httpx - INFO - HTTP Request: POST https://api.telegram.org/bot7690359419:AAFO0dgpL0IaAP44WCMtNOTPMq5plBmPWlA/getUpdates "HTTP/1.1 200 OK"
2025-04-14 01:18:14,727 - httpx - INFO - HTTP Request: POST https://api.telegram.org/bot7690359419:AAFO0dgpL0IaAP44WCMtNOTPMq5plBmPWlA/getUpdates "HTTP/1.1 200 OK"
2025-04-14 01:18:14,878 - httpx - INFO - HTTP Request: POST https://api.telegram.org/bot7690359419:AAFO0dgpL0IaAP44WCMtNOTPMq5plBmPWlA/sendMessage "HTTP/1.1 200 OK"
2025-04-14 01:18:14,879 - root - INFO - Начало загрузки видео по ссылке: https://youtu.be/9FxVOwfr61o
2025-04-14 01:18:21,096 - httpx - INFO - HTTP Request: POST https://api.telegram.org/bot7690359419:AAFO0dgpL0IaAP44WCMtNOTPMq5plBmPWlA/sendVideo "HTTP/1.1 200 OK"
2025-04-14 01:18:21,097 - root - INFO - Видео успешно отправлено в чат: -1002559211865_video.mp4
2025-04-14 01:18:24,767 - httpx - INFO - HTTP Request: POST https://api.telegram.org/bot7690359419:AAFO0dgpL0IaAP44WCMtNOTPMq5plBmPWlA/getUpdates "HTTP/1.1 200 OK"
2025-04-14 01:18:34,797 - httpx - INFO - HTTP Request: POST https://api.telegram.org/bot7690359419:AAFO0dgpL0IaAP44WCMtNOTPMq5plBmPWlA/getUpdates "HTTP/1.1 200 OK"
2025-04-14 01:18:44,833 - httpx - INFO - HTTP Request: POST https://api.telegram.org/bot7690359419:AAFO0dgpL0IaAP44WCMtNOTPMq5plBmPWlA/getUpdates "HTTP/1.1 200 OK"
2025-04-14 01:18:54,865 - httpx - INFO - HTTP Request: POST https://api.telegram.org/bot7690359419:AAFO0dgpL0IaAP44WCMtNOTPMq5plBmPWlA/getUpdates "HTTP/1.1 200 OK"
2025-04-14 01:19:04,900 - httpx - INFO - HTTP Request: POST https://api.telegram.org/bot7690359419:AAFO0dgpL0IaAP44WCMtNOTPMq5plBmPWlA/getUpdates "HTTP/1.1 200 OK"
2025-04-14 01:19:14,935 - httpx - INFO - HTTP Request: POST https://api.telegram.org/bot7690359419:AAFO0dgpL0IaAP44WCMtNOTPMq5plBmPWlA/getUpdates "HTTP/1.1 200 OK"
2025-04-14 01:19:24,971 - httpx - INFO - HTTP Request: POST https://api.telegram.org/bot7690359419:AAFO0dgpL0IaAP44WCMtNOTPMq5plBmPWlA/getUpdates "HTTP/1.1 200 OK"
2025-04-14 01:19:35,004 - httpx - INFO - HTTP Request: POST https://api.telegram.org/bot7690359419:AAFO0dgpL0IaAP44WCMtNOTPMq5plBmPWlA/getUpdates "HTTP/1.1 200 OK"
2025-04-14 01:19:45,053 - httpx - INFO - HTTP Request: POST https://api.telegram.org/bot7690359419:AAFO0dgpL0IaAP44WCMtNOTPMq5plBmPWlA/getUpdates "HTTP/1.1 200 OK"
2025-04-14 01:19:55,087 - httpx - INFO - HTTP Request: POST https://api.telegram.org/bot7690359419:AAFO0dgpL0IaAP44WCMtNOTPMq5plBmPWlA/getUpdates "HTTP/1.1 200 OK"
2025-04-14 01:20:05,121 - httpx - INFO - HTTP Request: POST https://api.telegram.org/bot7690359419:AAFO0dgpL0IaAP44WCMtNOTPMq5plBmPWlA/getUpdates "HTTP/1.1 200 OK"
2025-04-14 01:20:15,157 - httpx - INFO - HTTP Request: POST https://api.telegram.org/bot7690359419:AAFO0dgpL0IaAP44WCMtNOTPMq5plBmPWlA/getUpdates "HTTP/1.1 200 OK"
2025-04-14 01:20:25,195 - httpx - INFO - HTTP Request: POST https://api.telegram.org/bot7690359419:AAFO0dgpL0IaAP44WCMtNOTPMq5plBmPWlA/getUpdates "HTTP/1.1 200 OK"
2025-04-14 01:20:35,232 - httpx - INFO - HTTP Request: POST https://api.telegram.org/bot7690359419:AAFO0dgpL0IaAP44WCMtNOTPMq5plBmPWlA/getUpdates "HTTP/1.1 200 OK"
2025-04-14 01:20:45,266 - httpx - INFO - HTTP Request: POST https://api.telegram.org/bot7690359419:AAFO0dgpL0IaAP44WCMtNOTPMq5plBmPWlA/getUpdates "HTTP/1.1 200 OK"
2025-04-14 01:20:55,317 - httpx - INFO - HTTP Request: POST https://api.telegram.org/bot7690359419:AAFO0dgpL0IaAP44WCMtNOTPMq5plBmPWlA/getUpdates "HTTP/1.1 200 OK"
2025-04-14 01:21:05,351 - httpx - INFO - HTTP Request: POST https://api.telegram.org/bot7690359419:AAFO0dgpL0IaAP44WCMtNOTPMq5plBmPWlA/getUpdates "HTTP/1.1 200 OK"
2025-04-14 01:21:15,385 - httpx - INFO - HTTP Request: POST https://api.telegram.org/bot7690359419:AAFO0dgpL0IaAP44WCMtNOTPMq5plBmPWlA/getUpdates "HTTP/1.1 200 OK"
2025-04-14 01:21:25,422 - httpx - INFO - HTTP Request: POST https://api.telegram.org/bot7690359419:AAFO0dgpL0IaAP44WCMtNOTPMq5plBmPWlA/getUpdates "HTTP/1.1 200 OK"
2025-04-14 01:21:35,518 - httpx - INFO - HTTP Request: POST https://api.telegram.org/bot7690359419:AAFO0dgpL0IaAP44WCMtNOTPMq5plBmPWlA/getUpdates "HTTP/1.1 200 OK"
2025-04-14 01:21:45,565 - httpx - INFO - HTTP Request: POST https://api.telegram.org/bot7690359419:AAFO0dgpL0IaAP44WCMtNOTPMq5plBmPWlA/getUpdates "HTTP/1.1 200 OK"
2025-04-14 01:21:55,603 - httpx - INFO - HTTP Request: POST https://api.telegram.org/bot7690359419:AAFO0dgpL0IaAP44WCMtNOTPMq5plBmPWlA/getUpdates "HTTP/1.1 200 OK"
2025-04-14 01:22:05,645 - httpx - INFO - HTTP Request: POST https://api.telegram.org/bot7690359419:AAFO0dgpL0IaAP44WCMtNOTPMq5plBmPWlA/getUpdates "HTTP/1.1 200 OK"
2025-04-14 01:22:15,681 - httpx - INFO - HTTP Request: POST https://api.telegram.org/bot7690359419:AAFO0dgpL0IaAP44WCMtNOTPMq5plBmPWlA/getUpdates "HTTP/1.1 200 OK"
2025-04-14 01:22:25,717 - httpx - INFO - HTTP Request: POST https://api.telegram.org/bot7690359419:AAFO0dgpL0IaAP44WCMtNOTPMq5plBmPWlA/getUpdates "HTTP/1.1 200 OK"
2025-04-14 01:22:35,751 - httpx - INFO - HTTP Request: POST https://api.telegram.org/bot7690359419:AAFO0dgpL0IaAP44WCMtNOTPMq5plBmPWlA/getUpdates "HTTP/1.1 200 OK"
2025-04-14 01:22:45,788 - httpx - INFO - HTTP Request: POST https://api.telegram.org/bot7690359419:AAFO0dgpL0IaAP44WCMtNOTPMq5plBmPWlA/getUpdates "HTTP/1.1 200 OK"
2025-04-14 01:22:55,826 - httpx - INFO - HTTP Request: POST https://api.telegram.org/bot7690359419:AAFO0dgpL0IaAP44WCMtNOTPMq5plBmPWlA/getUpdates "HTTP/1.1 200 OK"
2025-04-14 01:23:05,859 - httpx - INFO - HTTP Request: POST https://api.telegram.org/bot7690359419:AAFO0dgpL0IaAP44WCMtNOTPMq5plBmPWlA/getUpdates "HTTP/1.1 200 OK"
2025-04-14 01:23:15,893 - httpx - INFO - HTTP Request: POST https://api.telegram.org/bot7690359419:AAFO0dgpL0IaAP44WCMtNOTPMq5plBmPWlA/getUpdates "HTTP/1.1 200 OK"
2025-04-14 01:23:25,943 - httpx - INFO - HTTP Request: POST https://api.telegram.org/bot7690359419:AAFO0dgpL0IaAP44WCMtNOTPMq5plBmPWlA/getUpdates "HTTP/1.1 200 OK"
2025-04-14 01:23:35,978 - httpx - INFO - HTTP Request: POST https://api.telegram.org/bot7690359419:AAFO0dgpL0IaAP44WCMtNOTPMq5plBmPWlA/getUpdates "HTTP/1.1 200 OK"
2025-04-14 01:23:46,016 - httpx - INFO - HTTP Request: POST https://api.telegram.org/bot7690359419:AAFO0dgpL0IaAP44WCMtNOTPMq5plBmPWlA/getUpdates "HTTP/1.1 200 OK"
2025-04-14 01:23:56,049 - httpx - INFO - HTTP Request: POST https://api.telegram.org/bot7690359419:AAFO0dgpL0IaAP44WCMtNOTPMq5plBmPWlA/getUpdates "HTTP/1.1 200 OK"
2025-04-14 01:24:06,085 - httpx - INFO - HTTP Request: POST https://api.telegram.org/bot7690359419:AAFO0dgpL0IaAP44WCMtNOTPMq5plBmPWlA/getUpdates "HTTP/1.1 200 OK"
2025-04-14 01:24:16,121 - httpx - INFO - HTTP Request: POST https://api.telegram.org/bot7690359419:AAFO0dgpL0IaAP44WCMtNOTPMq5plBmPWlA/getUpdates "HTTP/1.1 200 OK"
2025-04-14 01:24:26,156 - httpx - INFO - HTTP Request: POST https://api.telegram.org/bot7690359419:AAFO0dgpL0IaAP44WCMtNOTPMq5plBmPWlA/getUpdates "HTTP/1.1 200 OK"
2025-04-14 01:24:36,194 - httpx - INFO - HTTP Request: POST https://api.telegram.org/bot7690359419:AAFO0dgpL0IaAP44WCMtNOTPMq5plBmPWlA/getUpdates "HTTP/1.1 200 OK"
2025-04-14 01:24:46,232 - httpx - INFO - HTTP Request: POST https://api.telegram.org/bot7690359419:AAFO0dgpL0IaAP44WCMtNOTPMq5plBmPWlA/getUpdates "HTTP/1.1 200 OK"
2025-04-14 01:24:56,269 - httpx - INFO - HTTP Request: POST https://api.telegram.org/bot7690359419:AAFO0dgpL0IaAP44WCMtNOTPMq5plBmPWlA/getUpdates "HTTP/1.1 200 OK"
2025-04-14 01:25:06,303 - httpx - INFO - HTTP Request: POST https://api.telegram.org/bot7690359419:AAFO0dgpL0IaAP44WCMtNOTPMq5plBmPWlA/getUpdates "HTTP/1.1 200 OK"
2025-04-14 01:25:16,336 - httpx - INFO - HTTP Request: POST https://api.telegram.org/bot7690359419:AAFO0dgpL0IaAP44WCMtNOTPMq5plBmPWlA/getUpdates "HTTP/1.1 200 OK"
2025-04-14 01:25:26,375 - httpx - INFO - HTTP Request: POST https://api.telegram.org/bot7690359419:AAFO0dgpL0IaAP44WCMtNOTPMq5plBmPWlA/getUpdates "HTTP/1.1 200 OK"
2025-04-14 01:25:36,409 - httpx - INFO - HTTP Request: POST https://api.telegram.org/bot7690359419:AAFO0dgpL0IaAP44WCMtNOTPMq5plBmPWlA/getUpdates "HTTP/1.1 200 OK"
2025-04-14 01:25:46,444 - httpx - INFO - HTTP Request: POST https://api.telegram.org/bot7690359419:AAFO0dgpL0IaAP44WCMtNOTPMq5plBmPWlA/getUpdates "HTTP/1.1 200 OK"
2025-04-14 01:25:56,478 - httpx - INFO - HTTP Request: POST https://api.telegram.org/bot7690359419:AAFO0dgpL0IaAP44WCMtNOTPMq5plBmPWlA/getUpdates "HTTP/1.1 200 OK"
2025-04-14 01:26:06,511 - httpx - INFO - HTTP Request: POST https://api.telegram.org/bot7690359419:AAFO0dgpL0IaAP44WCMtNOTPMq5plBmPWlA/getUpdates "HTTP/1.1 200 OK"
2025-04-14 01:26:16,543 - httpx - INFO - HTTP Request: POST https://api.telegram.org/bot7690359419:AAFO0dgpL0IaAP44WCMtNOTPMq5plBmPWlA/getUpdates "HTTP/1.1 200 OK"
2025-04-14 01:26:26,582 - httpx - INFO - HTTP Request: POST https://api.telegram.org/bot7690359419:AAFO0dgpL0IaAP44WCMtNOTPMq5plBmPWlA/getUpdates "HTTP/1.1 200 OK"
2025-04-14 01:26:36,614 - httpx - INFO - HTTP Request: POST https://api.telegram.org/bot7690359419:AAFO0dgpL0IaAP44WCMtNOTPMq5plBmPWlA/getUpdates "HTTP/1.1 200 OK"
2025-04-14 01:26:46,653 - httpx - INFO - HTTP Request: POST https://api.telegram.org/bot7690359419:AAFO0dgpL0IaAP44WCMtNOTPMq5plBmPWlA/getUpdates "HTTP/1.1 200 OK"
2025-04-14 01:26:56,688 - httpx - INFO - HTTP Request: POST https://api.telegram.org/bot7690359419:AAFO0dgpL0IaAP44WCMtNOTPMq5plBmPWlA/getUpdates "HTTP/1.1 200 OK"
2025-04-14 01:27:06,733 - httpx - INFO - HTTP Request: POST https://api.telegram.org/bot7690359419:AAFO0dgpL0IaAP44WCMtNOTPMq5plBmPWlA/getUpdates "HTTP/1.1 200 OK"
2025-04-14 01:27:16,768 - httpx - INFO - HTTP Request: POST https://api.telegram.org/bot7690359419:AAFO0dgpL0IaAP44WCMtNOTPMq5plBmPWlA/getUpdates "HTTP/1.1 200 OK"
2025-04-14 01:27:26,804 - httpx - INFO - HTTP Request: POST https://api.telegram.org/bot7690359419:AAFO0dgpL0IaAP44WCMtNOTPMq5plBmPWlA/getUpdates "HTTP/1.1 200 OK"
2025-04-14 01:27:36,840 - httpx - INFO - HTTP Request: POST https://api.telegram.org/bot7690359419:AAFO0dgpL0IaAP44WCMtNOTPMq5plBmPWlA/getUpdates "HTTP/1.1 200 OK"
2025-04-14 01:27:46,893 - httpx - INFO - HTTP Request: POST https://api.telegram.org/bot7690359419:AAFO0dgpL0IaAP44WCMtNOTPMq5plBmPWlA/getUpdates "HTTP/1.1 200 OK"
2025-04-14 01:27:56,931 - httpx - INFO - HTTP Request: POST https://api.telegram.org/bot7690359419:AAFO0dgpL0IaAP44WCMtNOTPMq5plBmPWlA/getUpdates "HTTP/1.1 200 OK"
2025-04-14 01:28:06,965 - httpx - INFO - HTTP Request: POST https://api.telegram.org/bot7690359419:AAFO0dgpL0IaAP44WCMtNOTPMq5plBmPWlA/getUpdates "HTTP/1.1 200 OK"
2025-04-14 01:28:17,003 - httpx - INFO - HTTP Request: POST https://api.telegram.org/bot7690359419:AAFO0dgpL0IaAP44WCMtNOTPMq5plBmPWlA/getUpdates "HTTP/1.1 200 OK"
2025-04-14 01:28:27,036 - httpx - INFO - HTTP Request: POST https://api.telegram.org/bot7690359419:AAFO0dgpL0IaAP44WCMtNOTPMq5plBmPWlA/getUpdates "HTTP/1.1 200 OK"
2025-04-14 01:28:37,069 - httpx - INFO - HTTP Request: POST https://api.telegram.org/bot7690359419:AAFO0dgpL0IaAP44WCMtNOTPMq5plBmPWlA/getUpdates "HTTP/1.1 200 OK"
2025-04-14 01:28:47,102 - httpx - INFO - HTTP Request: POST https://api.telegram.org/bot7690359419:AAFO0dgpL0IaAP44WCMtNOTPMq5plBmPWlA/getUpdates "HTTP/1.1 200 OK"
2025-04-14 01:28:57,135 - httpx - INFO - HTTP Request: POST https://api.telegram.org/bot7690359419:AAFO0dgpL0IaAP44WCMtNOTPMq5plBmPWlA/getUpdates "HTTP/1.1 200 OK"
2025-04-14 01:29:07,168 - httpx - INFO - HTTP Request: POST https://api.telegram.org/bot7690359419:AAFO0dgpL0IaAP44WCMtNOTPMq5plBmPWlA/getUpdates "HTTP/1.1 200 OK"
2025-04-14 01:29:17,202 - httpx - INFO - HTTP Request: POST https://api.telegram.org/bot7690359419:AAFO0dgpL0IaAP44WCMtNOTPMq5plBmPWlA/getUpdates "HTTP/1.1 200 OK"
2025-04-14 01:29:27,235 - httpx - INFO - HTTP Request: POST https://api.telegram.org/bot7690359419:AAFO0dgpL0IaAP44WCMtNOTPMq5plBmPWlA/getUpdates "HTTP/1.1 200 OK"
2025-04-14 01:29:37,273 - httpx - INFO - HTTP Request: POST https://api.telegram.org/bot7690359419:AAFO0dgpL0IaAP44WCMtNOTPMq5plBmPWlA/getUpdates "HTTP/1.1 200 OK"
2025-04-14 01:29:47,310 - httpx - INFO - HTTP Request: POST https://api.telegram.org/bot7690359419:AAFO0dgpL0IaAP44WCMtNOTPMq5plBmPWlA/getUpdates "HTTP/1.1 200 OK"
2025-04-14 01:29:57,344 - httpx - INFO - HTTP Request: POST https://api.telegram.org/bot7690359419:AAFO0dgpL0IaAP44WCMtNOTPMq5plBmPWlA/getUpdates "HTTP/1.1 200 OK"
2025-04-14 01:30:07,381 - httpx - INFO - HTTP Request: POST https://api.telegram.org/bot7690359419:AAFO0dgpL0IaAP44WCMtNOTPMq5plBmPWlA/getUpdates "HTTP/1.1 200 OK"
2025-04-14 01:30:17,423 - httpx - INFO - HTTP Request: POST https://api.telegram.org/bot7690359419:AAFO0dgpL0IaAP44WCMtNOTPMq5plBmPWlA/getUpdates "HTTP/1.1 200 OK"
2025-04-14 01:30:27,456 - httpx - INFO - HTTP Request: POST https://api.telegram.org/bot7690359419:AAFO0dgpL0IaAP44WCMtNOTPMq5plBmPWlA/getUpdates "HTTP/1.1 200 OK"
2025-04-14 01:30:37,488 - httpx - INFO - HTTP Request: POST https://api.telegram.org/bot7690359419:AAFO0dgpL0IaAP44WCMtNOTPMq5plBmPWlA/getUpdates "HTTP/1.1 200 OK"
2025-04-14 01:30:47,524 - httpx - INFO - HTTP Request: POST https://api.telegram.org/bot7690359419:AAFO0dgpL0IaAP44WCMtNOTPMq5plBmPWlA/getUpdates "HTTP/1.1 200 OK"
2025-04-14 01:30:57,562 - httpx - INFO - HTTP Request: POST https://api.telegram.org/bot7690359419:AAFO0dgpL0IaAP44WCMtNOTPMq5plBmPWlA/getUpdates "HTTP/1.1 200 OK"
2025-04-14 01:31:07,602 - httpx - INFO - HTTP Request: POST https://api.telegram.org/bot7690359419:AAFO0dgpL0IaAP44WCMtNOTPMq5plBmPWlA/getUpdates "HTTP/1.1 200 OK"
2025-04-14 01:31:17,640 - httpx - INFO - HTTP Request: POST https://api.telegram.org/bot7690359419:AAFO0dgpL0IaAP44WCMtNOTPMq5plBmPWlA/getUpdates "HTTP/1.1 200 OK"
2025-04-14 01:31:27,672 - httpx - INFO - HTTP Request: POST https://api.telegram.org/bot7690359419:AAFO0dgpL0IaAP44WCMtNOTPMq5plBmPWlA/getUpdates "HTTP/1.1 200 OK"
2025-04-14 01:31:37,708 - httpx - INFO - HTTP Request: POST https://api.telegram.org/bot7690359419:AAFO0dgpL0IaAP44WCMtNOTPMq5plBmPWlA/getUpdates "HTTP/1.1 200 OK"
2025-04-14 01:31:47,744 - httpx - INFO - HTTP Request: POST https://api.telegram.org/bot7690359419:AAFO0dgpL0IaAP44WCMtNOTPMq5plBmPWlA/getUpdates "HTTP/1.1 200 OK"
2025-04-14 01:31:57,779 - httpx - INFO - HTTP Request: POST https://api.telegram.org/bot7690359419:AAFO0dgpL0IaAP44WCMtNOTPMq5plBmPWlA/getUpdates "HTTP/1.1 200 OK"
2025-04-14 01:32:07,813 - httpx - INFO - HTTP Request: POST https://api.telegram.org/bot7690359419:AAFO0dgpL0IaAP44WCMtNOTPMq5plBmPWlA/getUpdates "HTTP/1.1 200 OK"
2025-04-14 01:32:17,935 - httpx - INFO - HTTP Request: POST https://api.telegram.org/bot7690359419:AAFO0dgpL0IaAP44WCMtNOTPMq5plBmPWlA/getUpdates "HTTP/1.1 200 OK"
2025-04-14 01:32:27,971 - httpx - INFO - HTTP Request: POST https://api.telegram.org/bot7690359419:AAFO0dgpL0IaAP44WCMtNOTPMq5plBmPWlA/getUpdates "HTTP/1.1 200 OK"
2025-04-14 01:32:38,008 - httpx - INFO - HTTP Request: POST https://api.telegram.org/bot7690359419:AAFO0dgpL0IaAP44WCMtNOTPMq5plBmPWlA/getUpdates "HTTP/1.1 200 OK"
2025-04-14 01:32:48,055 - httpx - INFO - HTTP Request: POST https://api.telegram.org/bot7690359419:AAFO0dgpL0IaAP44WCMtNOTPMq5plBmPWlA/getUpdates "HTTP/1.1 200 OK"
2025-04-14 01:32:58,092 - httpx - INFO - HTTP Request: POST https://api.telegram.org/bot7690359419:AAFO0dgpL0IaAP44WCMtNOTPMq5plBmPWlA/getUpdates "HTTP/1.1 200 OK"
2025-04-14 01:33:08,129 - httpx - INFO - HTTP Request: POST https://api.telegram.org/bot7690359419:AAFO0dgpL0IaAP44WCMtNOTPMq5plBmPWlA/getUpdates "HTTP/1.1 200 OK"
2025-04-14 01:33:18,166 - httpx - INFO - HTTP Request: POST https://api.telegram.org/bot7690359419:AAFO0dgpL0IaAP44WCMtNOTPMq5plBmPWlA/getUpdates "HTTP/1.1 200 OK"
2025-04-14 01:33:28,199 - httpx - INFO - HTTP Request: POST https://api.telegram.org/bot7690359419:AAFO0dgpL0IaAP44WCMtNOTPMq5plBmPWlA/getUpdates "HTTP/1.1 200 OK"
2025-04-14 01:33:38,232 - httpx - INFO - HTTP Request: POST https://api.telegram.org/bot7690359419:AAFO0dgpL0IaAP44WCMtNOTPMq5plBmPWlA/getUpdates "HTTP/1.1 200 OK"
2025-04-14 01:33:48,266 - httpx - INFO - HTTP Request: POST https://api.telegram.org/bot7690359419:AAFO0dgpL0IaAP44WCMtNOTPMq5plBmPWlA/getUpdates "HTTP/1.1 200 OK"
2025-04-14 01:33:58,301 - httpx - INFO - HTTP Request: POST https://api.telegram.org/bot7690359419:AAFO0dgpL0IaAP44WCMtNOTPMq5plBmPWlA/getUpdates "HTTP/1.1 200 OK"
2025-04-14 01:34:08,341 - httpx - INFO - HTTP Request: POST https://api.telegram.org/bot7690359419:AAFO0dgpL0IaAP44WCMtNOTPMq5plBmPWlA/getUpdates "HTTP/1.1 200 OK"
2025-04-14 01:34:18,376 - httpx - INFO - HTTP Request: POST https://api.telegram.org/bot7690359419:AAFO0dgpL0IaAP44WCMtNOTPMq5plBmPWlA/getUpdates "HTTP/1.1 200 OK"
2025-04-14 01:34:28,414 - httpx - INFO - HTTP Request: POST https://api.telegram.org/bot7690359419:AAFO0dgpL0IaAP44WCMtNOTPMq5plBmPWlA/getUpdates "HTTP/1.1 200 OK"
2025-04-14 01:34:38,450 - httpx - INFO - HTTP Request: POST https://api.telegram.org/bot7690359419:AAFO0dgpL0IaAP44WCMtNOTPMq5plBmPWlA/getUpdates "HTTP/1.1 200 OK"
2025-04-14 01:34:48,486 - httpx - INFO - HTTP Request: POST https://api.telegram.org/bot7690359419:AAFO0dgpL0IaAP44WCMtNOTPMq5plBmPWlA/getUpdates "HTTP/1.1 200 OK"
2025-04-14 01:34:58,522 - httpx - INFO - HTTP Request: POST https://api.telegram.org/bot7690359419:AAFO0dgpL0IaAP44WCMtNOTPMq5plBmPWlA/getUpdates "HTTP/1.1 200 OK"
2025-04-14 01:35:08,556 - httpx - INFO - HTTP Request: POST https://api.telegram.org/bot7690359419:AAFO0dgpL0IaAP44WCMtNOTPMq5plBmPWlA/getUpdates "HTTP/1.1 200 OK"
2025-04-14 01:35:18,590 - httpx - INFO - HTTP Request: POST https://api.telegram.org/bot7690359419:AAFO0dgpL0IaAP44WCMtNOTPMq5plBmPWlA/getUpdates "HTTP/1.1 200 OK"
2025-04-14 01:35:28,629 - httpx - INFO - HTTP Request: POST https://api.telegram.org/bot7690359419:AAFO0dgpL0IaAP44WCMtNOTPMq5plBmPWlA/getUpdates "HTTP/1.1 200 OK"
2025-04-14 01:35:38,669 - httpx - INFO - HTTP Request: POST https://api.telegram.org/bot7690359419:AAFO0dgpL0IaAP44WCMtNOTPMq5plBmPWlA/getUpdates "HTTP/1.1 200 OK"
2025-04-14 01:35:48,703 - httpx - INFO - HTTP Request: POST https://api.telegram.org/bot7690359419:AAFO0dgpL0IaAP44WCMtNOTPMq5plBmPWlA/getUpdates "HTTP/1.1 200 OK"
2025-04-14 01:35:58,736 - httpx - INFO - HTTP Request: POST https://api.telegram.org/bot7690359419:AAFO0dgpL0IaAP44WCMtNOTPMq5plBmPWlA/getUpdates "HTTP/1.1 200 OK"
2025-04-14 01:36:08,772 - httpx - INFO - HTTP Request: POST https://api.telegram.org/bot7690359419:AAFO0dgpL0IaAP44WCMtNOTPMq5plBmPWlA/getUpdates "HTTP/1.1 200 OK"
2025-04-14 01:36:18,809 - httpx - INFO - HTTP Request: POST https://api.telegram.org/bot7690359419:AAFO0dgpL0IaAP44WCMtNOTPMq5plBmPWlA/getUpdates "HTTP/1.1 200 OK"
2025-04-14 01:36:28,844 - httpx - INFO - HTTP Request: POST https://api.telegram.org/bot7690359419:AAFO0dgpL0IaAP44WCMtNOTPMq5plBmPWlA/getUpdates "HTTP/1.1 200 OK"
2025-04-14 01:36:38,878 - httpx - INFO - HTTP Request: POST https://api.telegram.org/bot7690359419:AAFO0dgpL0IaAP44WCMtNOTPMq5plBmPWlA/getUpdates "HTTP/1.1 200 OK"
2025-04-14 01:36:48,917 - httpx - INFO - HTTP Request: POST https://api.telegram.org/bot7690359419:AAFO0dgpL0IaAP44WCMtNOTPMq5plBmPWlA/getUpdates "HTTP/1.1 200 OK"
2025-04-14 01:36:58,957 - httpx - INFO - HTTP Request: POST https://api.telegram.org/bot7690359419:AAFO0dgpL0IaAP44WCMtNOTPMq5plBmPWlA/getUpdates "HTTP/1.1 200 OK"
2025-04-14 01:37:08,993 - httpx - INFO - HTTP Request: POST https://api.telegram.org/bot7690359419:AAFO0dgpL0IaAP44WCMtNOTPMq5plBmPWlA/getUpdates "HTTP/1.1 200 OK"
2025-04-14 01:37:19,025 - httpx - INFO - HTTP Request: POST https://api.telegram.org/bot7690359419:AAFO0dgpL0IaAP44WCMtNOTPMq5plBmPWlA/getUpdates "HTTP/1.1 200 OK"
2025-04-14 01:37:29,060 - httpx - INFO - HTTP Request: POST https://api.telegram.org/bot7690359419:AAFO0dgpL0IaAP44WCMtNOTPMq5plBmPWlA/getUpdates "HTTP/1.1 200 OK"
2025-04-14 01:37:39,095 - httpx - INFO - HTTP Request: POST https://api.telegram.org/bot7690359419:AAFO0dgpL0IaAP44WCMtNOTPMq5plBmPWlA/getUpdates "HTTP/1.1 200 OK"
2025-04-14 01:37:49,136 - httpx - INFO - HTTP Request: POST https://api.telegram.org/bot7690359419:AAFO0dgpL0IaAP44WCMtNOTPMq5plBmPWlA/getUpdates "HTTP/1.1 200 OK"
2025-04-14 01:37:59,171 - httpx - INFO - HTTP Request: POST https://api.telegram.org/bot7690359419:AAFO0dgpL0IaAP44WCMtNOTPMq5plBmPWlA/getUpdates "HTTP/1.1 200 OK"
2025-04-14 01:38:09,206 - httpx - INFO - HTTP Request: POST https://api.telegram.org/bot7690359419:AAFO0dgpL0IaAP44WCMtNOTPMq5plBmPWlA/getUpdates "HTTP/1.1 200 OK"
2025-04-14 01:38:19,241 - httpx - INFO - HTTP Request: POST https://api.telegram.org/bot7690359419:AAFO0dgpL0IaAP44WCMtNOTPMq5plBmPWlA/getUpdates "HTTP/1.1 200 OK"
2025-04-14 01:38:29,276 - httpx - INFO - HTTP Request: POST https://api.telegram.org/bot7690359419:AAFO0dgpL0IaAP44WCMtNOTPMq5plBmPWlA/getUpdates "HTTP/1.1 200 OK"
2025-04-14 01:38:39,308 - httpx - INFO - HTTP Request: POST https://api.telegram.org/bot7690359419:AAFO0dgpL0IaAP44WCMtNOTPMq5plBmPWlA/getUpdates "HTTP/1.1 200 OK"
2025-04-14 01:38:49,340 - httpx - INFO - HTTP Request: POST https://api.telegram.org/bot7690359419:AAFO0dgpL0IaAP44WCMtNOTPMq5plBmPWlA/getUpdates "HTTP/1.1 200 OK"
2025-04-14 01:38:59,375 - httpx - INFO - HTTP Request: POST https://api.telegram.org/bot7690359419:AAFO0dgpL0IaAP44WCMtNOTPMq5plBmPWlA/getUpdates "HTTP/1.1 200 OK"
2025-04-14 01:39:09,419 - httpx - INFO - HTTP Request: POST https://api.telegram.org/bot7690359419:AAFO0dgpL0IaAP44WCMtNOTPMq5plBmPWlA/getUpdates "HTTP/1.1 200 OK"
2025-04-14 01:39:19,451 - httpx - INFO - HTTP Request: POST https://api.telegram.org/bot7690359419:AAFO0dgpL0IaAP44WCMtNOTPMq5plBmPWlA/getUpdates "HTTP/1.1 200 OK"
2025-04-14 01:39:29,486 - httpx - INFO - HTTP Request: POST https://api.telegram.org/bot7690359419:AAFO0dgpL0IaAP44WCMtNOTPMq5plBmPWlA/getUpdates "HTTP/1.1 200 OK"
2025-04-14 01:39:39,518 - httpx - INFO - HTTP Request: POST https://api.telegram.org/bot7690359419:AAFO0dgpL0IaAP44WCMtNOTPMq5plBmPWlA/getUpdates "HTTP/1.1 200 OK"
2025-04-14 01:39:49,554 - httpx - INFO - HTTP Request: POST https://api.telegram.org/bot7690359419:AAFO0dgpL0IaAP44WCMtNOTPMq5plBmPWlA/getUpdates "HTTP/1.1 200 OK"
2025-04-14 01:39:59,589 - httpx - INFO - HTTP Request: POST https://api.telegram.org/bot7690359419:AAFO0dgpL0IaAP44WCMtNOTPMq5plBmPWlA/getUpdates "HTTP/1.1 200 OK"
2025-04-14 01:40:09,623 - httpx - INFO - HTTP Request: POST https://api.telegram.org/bot7690359419:AAFO0dgpL0IaAP44WCMtNOTPMq5plBmPWlA/getUpdates "HTTP/1.1 200 OK"
2025-04-14 01:40:19,657 - httpx - INFO - HTTP Request: POST https://api.telegram.org/bot7690359419:AAFO0dgpL0IaAP44WCMtNOTPMq5plBmPWlA/getUpdates "HTTP/1.1 200 OK"
2025-04-14 01:40:29,687 - httpx - INFO - HTTP Request: POST https://api.telegram.org/bot7690359419:AAFO0dgpL0IaAP44WCMtNOTPMq5plBmPWlA/getUpdates "HTTP/1.1 200 OK"
2025-04-14 01:40:39,731 - httpx - INFO - HTTP Request: POST https://api.telegram.org/bot7690359419:AAFO0dgpL0IaAP44WCMtNOTPMq5plBmPWlA/getUpdates "HTTP/1.1 200 OK"
2025-04-14 01:40:49,764 - httpx - INFO - HTTP Request: POST https://api.telegram.org/bot7690359419:AAFO0dgpL0IaAP44WCMtNOTPMq5plBmPWlA/getUpdates "HTTP/1.1 200 OK"
2025-04-14 01:40:59,796 - httpx - INFO - HTTP Request: POST https://api.telegram.org/bot7690359419:AAFO0dgpL0IaAP44WCMtNOTPMq5plBmPWlA/getUpdates "HTTP/1.1 200 OK"
2025-04-14 01:41:09,828 - httpx - INFO - HTTP Request: POST https://api.telegram.org/bot7690359419:AAFO0dgpL0IaAP44WCMtNOTPMq5plBmPWlA/getUpdates "HTTP/1.1 200 OK"
2025-04-14 01:41:19,867 - httpx - INFO - HTTP Request: POST https://api.telegram.org/bot7690359419:AAFO0dgpL0IaAP44WCMtNOTPMq5plBmPWlA/getUpdates "HTTP/1.1 200 OK"
2025-04-14 01:41:29,901 - httpx - INFO - HTTP Request: POST https://api.telegram.org/bot7690359419:AAFO0dgpL0IaAP44WCMtNOTPMq5plBmPWlA/getUpdates "HTTP/1.1 200 OK"
2025-04-14 01:41:39,936 - httpx - INFO - HTTP Request: POST https://api.telegram.org/bot7690359419:AAFO0dgpL0IaAP44WCMtNOTPMq5plBmPWlA/getUpdates "HTTP/1.1 200 OK"
2025-04-14 01:41:49,968 - httpx - INFO - HTTP Request: POST https://api.telegram.org/bot7690359419:AAFO0dgpL0IaAP44WCMtNOTPMq5plBmPWlA/getUpdates "HTTP/1.1 200 OK"
2025-04-14 01:42:00,002 - httpx - INFO - HTTP Request: POST https://api.telegram.org/bot7690359419:AAFO0dgpL0IaAP44WCMtNOTPMq5plBmPWlA/getUpdates "HTTP/1.1 200 OK"
2025-04-14 01:42:10,041 - httpx - INFO - HTTP Request: POST https://api.telegram.org/bot7690359419:AAFO0dgpL0IaAP44WCMtNOTPMq5plBmPWlA/getUpdates "HTTP/1.1 200 OK"
2025-04-14 01:42:20,074 - httpx - INFO - HTTP Request: POST https://api.telegram.org/bot7690359419:AAFO0dgpL0IaAP44WCMtNOTPMq5plBmPWlA/getUpdates "HTTP/1.1 200 OK"
2025-04-14 01:42:30,107 - httpx - INFO - HTTP Request: POST https://api.telegram.org/bot7690359419:AAFO0dgpL0IaAP44WCMtNOTPMq5plBmPWlA/getUpdates "HTTP/1.1 200 OK"
2025-04-14 01:42:40,139 - httpx - INFO - HTTP Request: POST https://api.telegram.org/bot7690359419:AAFO0dgpL0IaAP44WCMtNOTPMq5plBmPWlA/getUpdates "HTTP/1.1 200 OK"
2025-04-14 01:42:50,172 - httpx - INFO - HTTP Request: POST https://api.telegram.org/bot7690359419:AAFO0dgpL0IaAP44WCMtNOTPMq5plBmPWlA/getUpdates "HTTP/1.1 200 OK"
2025-04-14 01:43:00,205 - httpx - INFO - HTTP Request: POST https://api.telegram.org/bot7690359419:AAFO0dgpL0IaAP44WCMtNOTPMq5plBmPWlA/getUpdates "HTTP/1.1 200 OK"
2025-04-14 01:43:10,240 - httpx - INFO - HTTP Request: POST https://api.telegram.org/bot7690359419:AAFO0dgpL0IaAP44WCMtNOTPMq5plBmPWlA/getUpdates "HTTP/1.1 200 OK"
2025-04-14 01:43:20,272 - httpx - INFO - HTTP Request: POST https://api.telegram.org/bot7690359419:AAFO0dgpL0IaAP44WCMtNOTPMq5plBmPWlA/getUpdates "HTTP/1.1 200 OK"
2025-04-14 01:43:30,308 - httpx - INFO - HTTP Request: POST https://api.telegram.org/bot7690359419:AAFO0dgpL0IaAP44WCMtNOTPMq5plBmPWlA/getUpdates "HTTP/1.1 200 OK"
2025-04-14 01:43:40,343 - httpx - INFO - HTTP Request: POST https://api.telegram.org/bot7690359419:AAFO0dgpL0IaAP44WCMtNOTPMq5plBmPWlA/getUpdates "HTTP/1.1 200 OK"
2025-04-14 01:43:50,379 - httpx - INFO - HTTP Request: POST https://api.telegram.org/bot7690359419:AAFO0dgpL0IaAP44WCMtNOTPMq5plBmPWlA/getUpdates "HTTP/1.1 200 OK"
2025-04-14 01:44:00,415 - httpx - INFO - HTTP Request: POST https://api.telegram.org/bot7690359419:AAFO0dgpL0IaAP44WCMtNOTPMq5plBmPWlA/getUpdates "HTTP/1.1 200 OK"
2025-04-14 01:44:10,448 - httpx - INFO - HTTP Request: POST https://api.telegram.org/bot7690359419:AAFO0dgpL0IaAP44WCMtNOTPMq5plBmPWlA/getUpdates "HTTP/1.1 200 OK"
2025-04-14 01:44:20,484 - httpx - INFO - HTTP Request: POST https://api.telegram.org/bot7690359419:AAFO0dgpL0IaAP44WCMtNOTPMq5plBmPWlA/getUpdates "HTTP/1.1 200 OK"
2025-04-14 01:44:30,520 - httpx - INFO - HTTP Request: POST https://api.telegram.org/bot7690359419:AAFO0dgpL0IaAP44WCMtNOTPMq5plBmPWlA/getUpdates "HTTP/1.1 200 OK"
2025-04-14 01:44:40,558 - httpx - INFO - HTTP Request: POST https://api.telegram.org/bot7690359419:AAFO0dgpL0IaAP44WCMtNOTPMq5plBmPWlA/getUpdates "HTTP/1.1 200 OK"
2025-04-14 01:44:50,593 - httpx - INFO - HTTP Request: POST https://api.telegram.org/bot7690359419:AAFO0dgpL0IaAP44WCMtNOTPMq5plBmPWlA/getUpdates "HTTP/1.1 200 OK"
2025-04-14 01:45:00,632 - httpx - INFO - HTTP Request: POST https://api.telegram.org/bot7690359419:AAFO0dgpL0IaAP44WCMtNOTPMq5plBmPWlA/getUpdates "HTTP/1.1 200 OK"
2025-04-14 01:45:10,664 - httpx - INFO - HTTP Request: POST https://api.telegram.org/bot7690359419:AAFO0dgpL0IaAP44WCMtNOTPMq5plBmPWlA/getUpdates "HTTP/1.1 200 OK"
2025-04-14 01:45:20,696 - httpx - INFO - HTTP Request: POST https://api.telegram.org/bot7690359419:AAFO0dgpL0IaAP44WCMtNOTPMq5plBmPWlA/getUpdates "HTTP/1.1 200 OK"
2025-04-14 01:45:30,730 - httpx - INFO - HTTP Request: POST https://api.telegram.org/bot7690359419:AAFO0dgpL0IaAP44WCMtNOTPMq5plBmPWlA/getUpdates "HTTP/1.1 200 OK"
2025-04-14 01:45:40,761 - httpx - INFO - HTTP Request: POST https://api.telegram.org/bot7690359419:AAFO0dgpL0IaAP44WCMtNOTPMq5plBmPWlA/getUpdates "HTTP/1.1 200 OK"
2025-04-14 01:45:50,794 - httpx - INFO - HTTP Request: POST https://api.telegram.org/bot7690359419:AAFO0dgpL0IaAP44WCMtNOTPMq5plBmPWlA/getUpdates "HTTP/1.1 200 OK"
2025-04-14 01:46:00,835 - httpx - INFO - HTTP Request: POST https://api.telegram.org/bot7690359419:AAFO0dgpL0IaAP44WCMtNOTPMq5plBmPWlA/getUpdates "HTTP/1.1 200 OK"
2025-04-14 01:46:10,867 - httpx - INFO - HTTP Request: POST https://api.telegram.org/bot7690359419:AAFO0dgpL0IaAP44WCMtNOTPMq5plBmPWlA/getUpdates "HTTP/1.1 200 OK"
2025-04-14 01:46:20,902 - httpx - INFO - HTTP Request: POST https://api.telegram.org/bot7690359419:AAFO0dgpL0IaAP44WCMtNOTPMq5plBmPWlA/getUpdates "HTTP/1.1 200 OK"
2025-04-14 01:46:30,937 - httpx - INFO - HTTP Request: POST https://api.telegram.org/bot7690359419:AAFO0dgpL0IaAP44WCMtNOTPMq5plBmPWlA/getUpdates "HTTP/1.1 200 OK"
2025-04-14 01:46:40,969 - httpx - INFO - HTTP Request: POST https://api.telegram.org/bot7690359419:AAFO0dgpL0IaAP44WCMtNOTPMq5plBmPWlA/getUpdates "HTTP/1.1 200 OK"
2025-04-14 01:46:51,003 - httpx - INFO - HTTP Request: POST https://api.telegram.org/bot7690359419:AAFO0dgpL0IaAP44WCMtNOTPMq5plBmPWlA/getUpdates "HTTP/1.1 200 OK"
2025-04-14 01:47:01,035 - httpx - INFO - HTTP Request: POST https://api.telegram.org/bot7690359419:AAFO0dgpL0IaAP44WCMtNOTPMq5plBmPWlA/getUpdates "HTTP/1.1 200 OK"
2025-04-14 01:47:11,068 - httpx - INFO - HTTP Request: POST https://api.telegram.org/bot7690359419:AAFO0dgpL0IaAP44WCMtNOTPMq5plBmPWlA/getUpdates "HTTP/1.1 200 OK"
2025-04-14 01:47:21,103 - httpx - INFO - HTTP Request: POST https://api.telegram.org/bot7690359419:AAFO0dgpL0IaAP44WCMtNOTPMq5plBmPWlA/getUpdates "HTTP/1.1 200 OK"
2025-04-14 01:47:31,137 - httpx - INFO - HTTP Request: POST https://api.telegram.org/bot7690359419:AAFO0dgpL0IaAP44WCMtNOTPMq5plBmPWlA/getUpdates "HTTP/1.1 200 OK"
2025-04-14 01:47:41,179 - httpx - INFO - HTTP Request: POST https://api.telegram.org/bot7690359419:AAFO0dgpL0IaAP44WCMtNOTPMq5plBmPWlA/getUpdates "HTTP/1.1 200 OK"
2025-04-14 01:47:51,217 - httpx - INFO - HTTP Request: POST https://api.telegram.org/bot7690359419:AAFO0dgpL0IaAP44WCMtNOTPMq5plBmPWlA/getUpdates "HTTP/1.1 200 OK"
2025-04-14 01:48:01,251 - httpx - INFO - HTTP Request: POST https://api.telegram.org/bot7690359419:AAFO0dgpL0IaAP44WCMtNOTPMq5plBmPWlA/getUpdates "HTTP/1.1 200 OK"
2025-04-14 01:48:11,285 - httpx - INFO - HTTP Request: POST https://api.telegram.org/bot7690359419:AAFO0dgpL0IaAP44WCMtNOTPMq5plBmPWlA/getUpdates "HTTP/1.1 200 OK"
2025-04-14 01:48:21,318 - httpx - INFO - HTTP Request: POST https://api.telegram.org/bot7690359419:AAFO0dgpL0IaAP44WCMtNOTPMq5plBmPWlA/getUpdates "HTTP/1.1 200 OK"
2025-04-14 01:48:31,352 - httpx - INFO - HTTP Request: POST https://api.telegram.org/bot7690359419:AAFO0dgpL0IaAP44WCMtNOTPMq5plBmPWlA/getUpdates "HTTP/1.1 200 OK"
2025-04-14 01:48:41,386 - httpx - INFO - HTTP Request: POST https://api.telegram.org/bot7690359419:AAFO0dgpL0IaAP44WCMtNOTPMq5plBmPWlA/getUpdates "HTTP/1.1 200 OK"
2025-04-14 01:48:51,421 - httpx - INFO - HTTP Request: POST https://api.telegram.org/bot7690359419:AAFO0dgpL0IaAP44WCMtNOTPMq5plBmPWlA/getUpdates "HTTP/1.1 200 OK"
2025-04-14 01:49:01,542 - httpx - INFO - HTTP Request: POST https://api.telegram.org/bot7690359419:AAFO0dgpL0IaAP44WCMtNOTPMq5plBmPWlA/getUpdates "HTTP/1.1 200 OK"
2025-04-14 01:49:11,581 - httpx - INFO - HTTP Request: POST https://api.telegram.org/bot7690359419:AAFO0dgpL0IaAP44WCMtNOTPMq5plBmPWlA/getUpdates "HTTP/1.1 200 OK"
2025-04-14 01:49:21,616 - httpx - INFO - HTTP Request: POST https://api.telegram.org/bot7690359419:AAFO0dgpL0IaAP44WCMtNOTPMq5plBmPWlA/getUpdates "HTTP/1.1 200 OK"
2025-04-14 01:49:31,652 - httpx - INFO - HTTP Request: POST https://api.telegram.org/bot7690359419:AAFO0dgpL0IaAP44WCMtNOTPMq5plBmPWlA/getUpdates "HTTP/1.1 200 OK"
2025-04-14 01:49:41,687 - httpx - INFO - HTTP Request: POST https://api.telegram.org/bot7690359419:AAFO0dgpL0IaAP44WCMtNOTPMq5plBmPWlA/getUpdates "HTTP/1.1 200 OK"
2025-04-14 01:49:51,725 - httpx - INFO - HTTP Request: POST https://api.telegram.org/bot7690359419:AAFO0dgpL0IaAP44WCMtNOTPMq5plBmPWlA/getUpdates "HTTP/1.1 200 OK"
2025-04-14 01:50:01,770 - httpx - INFO - HTTP Request: POST https://api.telegram.org/bot7690359419:AAFO0dgpL0IaAP44WCMtNOTPMq5plBmPWlA/getUpdates "HTTP/1.1 200 OK"
2025-04-14 01:50:11,806 - httpx - INFO - HTTP Request: POST https://api.telegram.org/bot7690359419:AAFO0dgpL0IaAP44WCMtNOTPMq5plBmPWlA/getUpdates "HTTP/1.1 200 OK"
2025-04-14 01:50:21,845 - httpx - INFO - HTTP Request: POST https://api.telegram.org/bot7690359419:AAFO0dgpL0IaAP44WCMtNOTPMq5plBmPWlA/getUpdates "HTTP/1.1 200 OK"
2025-04-14 01:50:31,878 - httpx - INFO - HTTP Request: POST https://api.telegram.org/bot7690359419:AAFO0dgpL0IaAP44WCMtNOTPMq5plBmPWlA/getUpdates "HTTP/1.1 200 OK"
2025-04-14 01:50:41,913 - httpx - INFO - HTTP Request: POST https://api.telegram.org/bot7690359419:AAFO0dgpL0IaAP44WCMtNOTPMq5plBmPWlA/getUpdates "HTTP/1.1 200 OK"
2025-04-14 01:50:51,948 - httpx - INFO - HTTP Request: POST https://api.telegram.org/bot7690359419:AAFO0dgpL0IaAP44WCMtNOTPMq5plBmPWlA/getUpdates "HTTP/1.1 200 OK"
2025-04-14 01:51:01,983 - httpx - INFO - HTTP Request: POST https://api.telegram.org/bot7690359419:AAFO0dgpL0IaAP44WCMtNOTPMq5plBmPWlA/getUpdates "HTTP/1.1 200 OK"
2025-04-14 01:51:12,019 - httpx - INFO - HTTP Request: POST https://api.telegram.org/bot7690359419:AAFO0dgpL0IaAP44WCMtNOTPMq5plBmPWlA/getUpdates "HTTP/1.1 200 OK"
2025-04-14 01:51:22,053 - httpx - INFO - HTTP Request: POST https://api.telegram.org/bot7690359419:AAFO0dgpL0IaAP44WCMtNOTPMq5plBmPWlA/getUpdates "HTTP/1.1 200 OK"
2025-04-14 01:51:32,086 - httpx - INFO - HTTP Request: POST https://api.telegram.org/bot7690359419:AAFO0dgpL0IaAP44WCMtNOTPMq5plBmPWlA/getUpdates "HTTP/1.1 200 OK"
2025-04-14 01:51:42,120 - httpx - INFO - HTTP Request: POST https://api.telegram.org/bot7690359419:AAFO0dgpL0IaAP44WCMtNOTPMq5plBmPWlA/getUpdates "HTTP/1.1 200 OK"
2025-04-14 01:51:52,166 - httpx - INFO - HTTP Request: POST https://api.telegram.org/bot7690359419:AAFO0dgpL0IaAP44WCMtNOTPMq5plBmPWlA/getUpdates "HTTP/1.1 200 OK"
2025-04-14 01:52:02,203 - httpx - INFO - HTTP Request: POST https://api.telegram.org/bot7690359419:AAFO0dgpL0IaAP44WCMtNOTPMq5plBmPWlA/getUpdates "HTTP/1.1 200 OK"
2025-04-14 01:52:12,236 - httpx - INFO - HTTP Request: POST https://api.telegram.org/bot7690359419:AAFO0dgpL0IaAP44WCMtNOTPMq5plBmPWlA/getUpdates "HTTP/1.1 200 OK"
2025-04-14 01:52:22,272 - httpx - INFO - HTTP Request: POST https://api.telegram.org/bot7690359419:AAFO0dgpL0IaAP44WCMtNOTPMq5plBmPWlA/getUpdates "HTTP/1.1 200 OK"
2025-04-14 01:52:32,306 - httpx - INFO - HTTP Request: POST https://api.telegram.org/bot7690359419:AAFO0dgpL0IaAP44WCMtNOTPMq5plBmPWlA/getUpdates "HTTP/1.1 200 OK"
2025-04-14 01:52:42,339 - httpx - INFO - HTTP Request: POST https://api.telegram.org/bot7690359419:AAFO0dgpL0IaAP44WCMtNOTPMq5plBmPWlA/getUpdates "HTTP/1.1 200 OK"
2025-04-14 01:52:52,371 - httpx - INFO - HTTP Request: POST https://api.telegram.org/bot7690359419:AAFO0dgpL0IaAP44WCMtNOTPMq5plBmPWlA/getUpdates "HTTP/1.1 200 OK"
2025-04-14 01:53:02,410 - httpx - INFO - HTTP Request: POST https://api.telegram.org/bot7690359419:AAFO0dgpL0IaAP44WCMtNOTPMq5plBmPWlA/getUpdates "HTTP/1.1 200 OK"
2025-04-14 01:53:12,444 - httpx - INFO - HTTP Request: POST https://api.telegram.org/bot7690359419:AAFO0dgpL0IaAP44WCMtNOTPMq5plBmPWlA/getUpdates "HTTP/1.1 200 OK"
2025-04-14 01:53:22,480 - httpx - INFO - HTTP Request: POST https://api.telegram.org/bot7690359419:AAFO0dgpL0IaAP44WCMtNOTPMq5plBmPWlA/getUpdates "HTTP/1.1 200 OK"
2025-04-14 01:53:32,515 - httpx - INFO - HTTP Request: POST https://api.telegram.org/bot7690359419:AAFO0dgpL0IaAP44WCMtNOTPMq5plBmPWlA/getUpdates "HTTP/1.1 200 OK"
2025-04-14 01:53:42,562 - httpx - INFO - HTTP Request: POST https://api.telegram.org/bot7690359419:AAFO0dgpL0IaAP44WCMtNOTPMq5plBmPWlA/getUpdates "HTTP/1.1 200 OK"
2025-04-14 01:53:52,595 - httpx - INFO - HTTP Request: POST https://api.telegram.org/bot7690359419:AAFO0dgpL0IaAP44WCMtNOTPMq5plBmPWlA/getUpdates "HTTP/1.1 200 OK"
2025-04-14 01:54:02,631 - httpx - INFO - HTTP Request: POST https://api.telegram.org/bot7690359419:AAFO0dgpL0IaAP44WCMtNOTPMq5plBmPWlA/getUpdates "HTTP/1.1 200 OK"
2025-04-14 01:54:12,668 - httpx - INFO - HTTP Request: POST https://api.telegram.org/bot7690359419:AAFO0dgpL0IaAP44WCMtNOTPMq5plBmPWlA/getUpdates "HTTP/1.1 200 OK"
2025-04-14 01:54:22,701 - httpx - INFO - HTTP Request: POST https://api.telegram.org/bot7690359419:AAFO0dgpL0IaAP44WCMtNOTPMq5plBmPWlA/getUpdates "HTTP/1.1 200 OK"
2025-04-14 01:54:32,734 - httpx - INFO - HTTP Request: POST https://api.telegram.org/bot7690359419:AAFO0dgpL0IaAP44WCMtNOTPMq5plBmPWlA/getUpdates "HTTP/1.1 200 OK"
2025-04-14 01:54:42,768 - httpx - INFO - HTTP Request: POST https://api.telegram.org/bot7690359419:AAFO0dgpL0IaAP44WCMtNOTPMq5plBmPWlA/getUpdates "HTTP/1.1 200 OK"
2025-04-14 01:54:52,816 - httpx - INFO - HTTP Request: POST https://api.telegram.org/bot7690359419:AAFO0dgpL0IaAP44WCMtNOTPMq5plBmPWlA/getUpdates "HTTP/1.1 200 OK"
2025-04-14 01:55:02,852 - httpx - INFO - HTTP Request: POST https://api.telegram.org/bot7690359419:AAFO0dgpL0IaAP44WCMtNOTPMq5plBmPWlA/getUpdates "HTTP/1.1 200 OK"
2025-04-14 01:55:12,893 - httpx - INFO - HTTP Request: POST https://api.telegram.org/bot7690359419:AAFO0dgpL0IaAP44WCMtNOTPMq5plBmPWlA/getUpdates "HTTP/1.1 200 OK"
2025-04-14 01:55:14,277 - httpx - INFO - HTTP Request: POST https://api.telegram.org/bot7690359419:AAFO0dgpL0IaAP44WCMtNOTPMq5plBmPWlA/getUpdates "HTTP/1.1 200 OK"
2025-04-14 01:55:14,278 - root - INFO - Сообщение не содержит ссылку на YouTube.
2025-04-14 01:55:24,311 - httpx - INFO - HTTP Request: POST https://api.telegram.org/bot7690359419:AAFO0dgpL0IaAP44WCMtNOTPMq5plBmPWlA/getUpdates "HTTP/1.1 200 OK"
2025-04-14 01:55:34,343 - httpx - INFO - HTTP Request: POST https://api.telegram.org/bot7690359419:AAFO0dgpL0IaAP44WCMtNOTPMq5plBmPWlA/getUpdates "HTTP/1.1 200 OK"
2025-04-14 01:55:44,374 - httpx - INFO - HTTP Request: POST https://api.telegram.org/bot7690359419:AAFO0dgpL0IaAP44WCMtNOTPMq5plBmPWlA/getUpdates "HTTP/1.1 200 OK"
2025-04-14 01:55:54,406 - httpx - INFO - HTTP Request: POST https://api.telegram.org/bot7690359419:AAFO0dgpL0IaAP44WCMtNOTPMq5plBmPWlA/getUpdates "HTTP/1.1 200 OK"
2025-04-14 01:56:04,441 - httpx - INFO - HTTP Request: POST https://api.telegram.org/bot7690359419:AAFO0dgpL0IaAP44WCMtNOTPMq5plBmPWlA/getUpdates "HTTP/1.1 200 OK"
2025-04-14 01:56:14,474 - httpx - INFO - HTTP Request: POST https://api.telegram.org/bot7690359419:AAFO0dgpL0IaAP44WCMtNOTPMq5plBmPWlA/getUpdates "HTTP/1.1 200 OK"
2025-04-14 01:56:24,508 - httpx - INFO - HTTP Request: POST https://api.telegram.org/bot7690359419:AAFO0dgpL0IaAP44WCMtNOTPMq5plBmPWlA/getUpdates "HTTP/1.1 200 OK"
2025-04-14 01:56:34,539 - httpx - INFO - HTTP Request: POST https://api.telegram.org/bot7690359419:AAFO0dgpL0IaAP44WCMtNOTPMq5plBmPWlA/getUpdates "HTTP/1.1 200 OK"
2025-04-14 01:56:44,579 - httpx - INFO - HTTP Request: POST https://api.telegram.org/bot7690359419:AAFO0dgpL0IaAP44WCMtNOTPMq5plBmPWlA/getUpdates "HTTP/1.1 200 OK"
2025-04-14 01:56:54,614 - httpx - INFO - HTTP Request: POST https://api.telegram.org/bot7690359419:AAFO0dgpL0IaAP44WCMtNOTPMq5plBmPWlA/getUpdates "HTTP/1.1 200 OK"
2025-04-14 02:00:32,276 - httpx - INFO - HTTP Request: POST https://api.telegram.org/bot7690359419:AAFO0dgpL0IaAP44WCMtNOTPMq5plBmPWlA/getMe "HTTP/1.1 200 OK"
2025-04-14 02:00:32,311 - httpx - INFO - HTTP Request: POST https://api.telegram.org/bot7690359419:AAFO0dgpL0IaAP44WCMtNOTPMq5plBmPWlA/deleteWebhook "HTTP/1.1 200 OK"
2025-04-14 02:00:32,312 - telegram.ext.Application - INFO - Application started
2025-04-14 02:00:42,414 - httpx - INFO - HTTP Request: POST https://api.telegram.org/bot7690359419:AAFO0dgpL0IaAP44WCMtNOTPMq5plBmPWlA/getUpdates "HTTP/1.1 200 OK"
2025-04-14 02:00:45,996 - httpx - INFO - HTTP Request: POST https://api.telegram.org/bot7690359419:AAFO0dgpL0IaAP44WCMtNOTPMq5plBmPWlA/getUpdates "HTTP/1.1 200 OK"
2025-04-14 02:00:46,129 - httpx - INFO - HTTP Request: POST https://api.telegram.org/bot7690359419:AAFO0dgpL0IaAP44WCMtNOTPMq5plBmPWlA/sendMessage "HTTP/1.1 200 OK"
2025-04-14 02:00:46,130 - root - INFO - Начало загрузки TikTok видео по ссылке: https://www.tiktok.com/@0xuetnevstat/video/7293309513464171784
2025-04-14 02:00:48,716 - httpx - INFO - HTTP Request: POST https://api.telegram.org/bot7690359419:AAFO0dgpL0IaAP44WCMtNOTPMq5plBmPWlA/sendVideo "HTTP/1.1 200 OK"
2025-04-14 02:00:48,718 - root - INFO - Видео TikTok успешно отправлено в чат: -1002559211865_tiktok.mp4
2025-04-14 02:00:56,034 - httpx - INFO - HTTP Request: POST https://api.telegram.org/bot7690359419:AAFO0dgpL0IaAP44WCMtNOTPMq5plBmPWlA/getUpdates "HTTP/1.1 200 OK"
2025-04-14 02:01:06,069 - httpx - INFO - HTTP Request: POST https://api.telegram.org/bot7690359419:AAFO0dgpL0IaAP44WCMtNOTPMq5plBmPWlA/getUpdates "HTTP/1.1 200 OK"
2025-04-14 02:01:16,113 - httpx - INFO - HTTP Request: POST https://api.telegram.org/bot7690359419:AAFO0dgpL0IaAP44WCMtNOTPMq5plBmPWlA/getUpdates "HTTP/1.1 200 OK"
2025-04-14 02:01:26,148 - httpx - INFO - HTTP Request: POST https://api.telegram.org/bot7690359419:AAFO0dgpL0IaAP44WCMtNOTPMq5plBmPWlA/getUpdates "HTTP/1.1 200 OK"
2025-04-14 02:01:36,180 - httpx - INFO - HTTP Request: POST https://api.telegram.org/bot7690359419:AAFO0dgpL0IaAP44WCMtNOTPMq5plBmPWlA/getUpdates "HTTP/1.1 200 OK"
2025-04-14 02:01:46,214 - httpx - INFO - HTTP Request: POST https://api.telegram.org/bot7690359419:AAFO0dgpL0IaAP44WCMtNOTPMq5plBmPWlA/getUpdates "HTTP/1.1 200 OK"
2025-04-14 02:01:49,840 - httpx - INFO - HTTP Request: POST https://api.telegram.org/bot7690359419:AAFO0dgpL0IaAP44WCMtNOTPMq5plBmPWlA/getUpdates "HTTP/1.1 200 OK"
2025-04-14 02:01:49,999 - httpx - INFO - HTTP Request: POST https://api.telegram.org/bot7690359419:AAFO0dgpL0IaAP44WCMtNOTPMq5plBmPWlA/sendMessage "HTTP/1.1 200 OK"
2025-04-14 02:01:50,000 - root - INFO - Начало загрузки видео по ссылке: https://www.youtube.com/shorts/f_Ew_VfYMRA
2025-04-14 02:01:57,104 - httpx - INFO - HTTP Request: POST https://api.telegram.org/bot7690359419:AAFO0dgpL0IaAP44WCMtNOTPMq5plBmPWlA/sendVideo "HTTP/1.1 200 OK"
2025-04-14 02:01:57,105 - root - INFO - Видео успешно отправлено в чат: -1002559211865_video.mp4
2025-04-14 02:01:59,881 - httpx - INFO - HTTP Request: POST https://api.telegram.org/bot7690359419:AAFO0dgpL0IaAP44WCMtNOTPMq5plBmPWlA/getUpdates "HTTP/1.1 200 OK"
2025-04-14 02:02:09,914 - httpx - INFO - HTTP Request: POST https://api.telegram.org/bot7690359419:AAFO0dgpL0IaAP44WCMtNOTPMq5plBmPWlA/getUpdates "HTTP/1.1 200 OK"
2025-04-14 02:02:19,949 - httpx - INFO - HTTP Request: POST https://api.telegram.org/bot7690359419:AAFO0dgpL0IaAP44WCMtNOTPMq5plBmPWlA/getUpdates "HTTP/1.1 200 OK"
2025-04-14 02:02:29,980 - httpx - INFO - HTTP Request: POST https://api.telegram.org/bot7690359419:AAFO0dgpL0IaAP44WCMtNOTPMq5plBmPWlA/getUpdates "HTTP/1.1 200 OK"
2025-04-14 02:02:40,014 - httpx - INFO - HTTP Request: POST https://api.telegram.org/bot7690359419:AAFO0dgpL0IaAP44WCMtNOTPMq5plBmPWlA/getUpdates "HTTP/1.1 200 OK"
2025-04-14 02:02:50,046 - httpx - INFO - HTTP Request: POST https://api.telegram.org/bot7690359419:AAFO0dgpL0IaAP44WCMtNOTPMq5plBmPWlA/getUpdates "HTTP/1.1 200 OK"
2025-04-14 02:03:00,081 - httpx - INFO - HTTP Request: POST https://api.telegram.org/bot7690359419:AAFO0dgpL0IaAP44WCMtNOTPMq5plBmPWlA/getUpdates "HTTP/1.1 200 OK"
2025-04-14 02:03:02,804 - httpx - INFO - HTTP Request: POST https://api.telegram.org/bot7690359419:AAFO0dgpL0IaAP44WCMtNOTPMq5plBmPWlA/getUpdates "HTTP/1.1 200 OK"
2025-04-14 02:03:02,946 - httpx - INFO - HTTP Request: POST https://api.telegram.org/bot7690359419:AAFO0dgpL0IaAP44WCMtNOTPMq5plBmPWlA/sendMessage "HTTP/1.1 200 OK"
2025-04-14 02:03:02,947 - root - INFO - Начало загрузки видео по ссылке: https://www.youtube.com/watch?v=06qZsZU_q0U
2025-04-14 02:03:13,918 - httpx - INFO - HTTP Request: POST https://api.telegram.org/bot7690359419:AAFO0dgpL0IaAP44WCMtNOTPMq5plBmPWlA/getUpdates "HTTP/1.1 200 OK"
2025-04-14 02:03:23,950 - httpx - INFO - HTTP Request: POST https://api.telegram.org/bot7690359419:AAFO0dgpL0IaAP44WCMtNOTPMq5plBmPWlA/getUpdates "HTTP/1.1 200 OK"
2025-04-14 02:03:33,990 - httpx - INFO - HTTP Request: POST https://api.telegram.org/bot7690359419:AAFO0dgpL0IaAP44WCMtNOTPMq5plBmPWlA/getUpdates "HTTP/1.1 200 OK"
2025-04-14 02:03:34,574 - root - ERROR - Ошибка при отправке видео: Timed out
2025-04-14 02:03:34,734 - httpx - INFO - HTTP Request: POST https://api.telegram.org/bot7690359419:AAFO0dgpL0IaAP44WCMtNOTPMq5plBmPWlA/sendMessage "HTTP/1.1 200 OK"
2025-04-14 02:03:44,031 - httpx - INFO - HTTP Request: POST https://api.telegram.org/bot7690359419:AAFO0dgpL0IaAP44WCMtNOTPMq5plBmPWlA/getUpdates "HTTP/1.1 200 OK"
2025-04-14 02:03:54,064 - httpx - INFO - HTTP Request: POST https://api.telegram.org/bot7690359419:AAFO0dgpL0IaAP44WCMtNOTPMq5plBmPWlA/getUpdates "HTTP/1.1 200 OK"
2025-04-14 02:04:04,096 - httpx - INFO - HTTP Request: POST https://api.telegram.org/bot7690359419:AAFO0dgpL0IaAP44WCMtNOTPMq5plBmPWlA/getUpdates "HTTP/1.1 200 OK"
2025-04-14 02:04:14,129 - httpx - INFO - HTTP Request: POST https://api.telegram.org/bot7690359419:AAFO0dgpL0IaAP44WCMtNOTPMq5plBmPWlA/getUpdates "HTTP/1.1 200 OK"
2025-04-14 02:04:24,160 - httpx - INFO - HTTP Request: POST https://api.telegram.org/bot7690359419:AAFO0dgpL0IaAP44WCMtNOTPMq5plBmPWlA/getUpdates "HTTP/1.1 200 OK"
2025-04-14 02:04:34,192 - httpx - INFO - HTTP Request: POST https://api.telegram.org/bot7690359419:AAFO0dgpL0IaAP44WCMtNOTPMq5plBmPWlA/getUpdates "HTTP/1.1 200 OK"
2025-04-14 02:04:44,225 - httpx - INFO - HTTP Request: POST https://api.telegram.org/bot7690359419:AAFO0dgpL0IaAP44WCMtNOTPMq5plBmPWlA/getUpdates "HTTP/1.1 200 OK"
2025-04-14 02:04:54,259 - httpx - INFO - HTTP Request: POST https://api.telegram.org/bot7690359419:AAFO0dgpL0IaAP44WCMtNOTPMq5plBmPWlA/getUpdates "HTTP/1.1 200 OK"
2025-04-14 02:05:04,292 - httpx - INFO - HTTP Request: POST https://api.telegram.org/bot7690359419:AAFO0dgpL0IaAP44WCMtNOTPMq5plBmPWlA/getUpdates "HTTP/1.1 200 OK"
2025-04-14 02:05:14,326 - httpx - INFO - HTTP Request: POST https://api.telegram.org/bot7690359419:AAFO0dgpL0IaAP44WCMtNOTPMq5plBmPWlA/getUpdates "HTTP/1.1 200 OK"
2025-04-14 02:05:24,413 - httpx - INFO - HTTP Request: POST https://api.telegram.org/bot7690359419:AAFO0dgpL0IaAP44WCMtNOTPMq5plBmPWlA/getUpdates "HTTP/1.1 200 OK"
2025-04-14 02:05:34,451 - httpx - INFO - HTTP Request: POST https://api.telegram.org/bot7690359419:AAFO0dgpL0IaAP44WCMtNOTPMq5plBmPWlA/getUpdates "HTTP/1.1 200 OK"
2025-04-14 02:05:44,482 - httpx - INFO - HTTP Request: POST https://api.telegram.org/bot7690359419:AAFO0dgpL0IaAP44WCMtNOTPMq5plBmPWlA/getUpdates "HTTP/1.1 200 OK"
2025-04-14 02:05:54,514 - httpx - INFO - HTTP Request: POST https://api.telegram.org/bot7690359419:AAFO0dgpL0IaAP44WCMtNOTPMq5plBmPWlA/getUpdates "HTTP/1.1 200 OK"
2025-04-14 02:06:04,546 - httpx - INFO - HTTP Request: POST https://api.telegram.org/bot7690359419:AAFO0dgpL0IaAP44WCMtNOTPMq5plBmPWlA/getUpdates "HTTP/1.1 200 OK"
2025-04-14 02:06:14,582 - httpx - INFO - HTTP Request: POST https://api.telegram.org/bot7690359419:AAFO0dgpL0IaAP44WCMtNOTPMq5plBmPWlA/getUpdates "HTTP/1.1 200 OK"
2025-04-14 02:06:24,614 - httpx - INFO - HTTP Request: POST https://api.telegram.org/bot7690359419:AAFO0dgpL0IaAP44WCMtNOTPMq5plBmPWlA/getUpdates "HTTP/1.1 200 OK"
2025-04-14 02:06:34,648 - httpx - INFO - HTTP Request: POST https://api.telegram.org/bot7690359419:AAFO0dgpL0IaAP44WCMtNOTPMq5plBmPWlA/getUpdates "HTTP/1.1 200 OK"
2025-04-14 02:06:44,681 - httpx - INFO - HTTP Request: POST https://api.telegram.org/bot7690359419:AAFO0dgpL0IaAP44WCMtNOTPMq5plBmPWlA/getUpdates "HTTP/1.1 200 OK"
2025-04-14 02:06:54,713 - httpx - INFO - HTTP Request: POST https://api.telegram.org/bot7690359419:AAFO0dgpL0IaAP44WCMtNOTPMq5plBmPWlA/getUpdates "HTTP/1.1 200 OK"
2025-04-14 02:07:04,747 - httpx - INFO - HTTP Request: POST https://api.telegram.org/bot7690359419:AAFO0dgpL0IaAP44WCMtNOTPMq5plBmPWlA/getUpdates "HTTP/1.1 200 OK"
2025-04-14 02:07:14,780 - httpx - INFO - HTTP Request: POST https://api.telegram.org/bot7690359419:AAFO0dgpL0IaAP44WCMtNOTPMq5plBmPWlA/getUpdates "HTTP/1.1 200 OK"
2025-04-14 02:07:24,812 - httpx - INFO - HTTP Request: POST https://api.telegram.org/bot7690359419:AAFO0dgpL0IaAP44WCMtNOTPMq5plBmPWlA/getUpdates "HTTP/1.1 200 OK"
2025-04-14 02:07:34,845 - httpx - INFO - HTTP Request: POST https://api.telegram.org/bot7690359419:AAFO0dgpL0IaAP44WCMtNOTPMq5plBmPWlA/getUpdates "HTTP/1.1 200 OK"
2025-04-14 02:07:44,877 - httpx - INFO - HTTP Request: POST https://api.telegram.org/bot7690359419:AAFO0dgpL0IaAP44WCMtNOTPMq5plBmPWlA/getUpdates "HTTP/1.1 200 OK"
2025-04-14 02:07:54,910 - httpx - INFO - HTTP Request: POST https://api.telegram.org/bot7690359419:AAFO0dgpL0IaAP44WCMtNOTPMq5plBmPWlA/getUpdates "HTTP/1.1 200 OK"
2025-04-14 02:08:04,943 - httpx - INFO - HTTP Request: POST https://api.telegram.org/bot7690359419:AAFO0dgpL0IaAP44WCMtNOTPMq5plBmPWlA/getUpdates "HTTP/1.1 200 OK"
2025-04-14 02:08:14,975 - httpx - INFO - HTTP Request: POST https://api.telegram.org/bot7690359419:AAFO0dgpL0IaAP44WCMtNOTPMq5plBmPWlA/getUpdates "HTTP/1.1 200 OK"
2025-04-14 02:08:25,007 - httpx - INFO - HTTP Request: POST https://api.telegram.org/bot7690359419:AAFO0dgpL0IaAP44WCMtNOTPMq5plBmPWlA/getUpdates "HTTP/1.1 200 OK"
2025-04-14 02:08:35,040 - httpx - INFO - HTTP Request: POST https://api.telegram.org/bot7690359419:AAFO0dgpL0IaAP44WCMtNOTPMq5plBmPWlA/getUpdates "HTTP/1.1 200 OK"
2025-04-14 02:08:45,071 - httpx - INFO - HTTP Request: POST https://api.telegram.org/bot7690359419:AAFO0dgpL0IaAP44WCMtNOTPMq5plBmPWlA/getUpdates "HTTP/1.1 200 OK"
2025-04-14 02:08:55,103 - httpx - INFO - HTTP Request: POST https://api.telegram.org/bot7690359419:AAFO0dgpL0IaAP44WCMtNOTPMq5plBmPWlA/getUpdates "HTTP/1.1 200 OK"
2025-04-14 02:09:05,137 - httpx - INFO - HTTP Request: POST https://api.telegram.org/bot7690359419:AAFO0dgpL0IaAP44WCMtNOTPMq5plBmPWlA/getUpdates "HTTP/1.1 200 OK"
2025-04-14 02:09:15,170 - httpx - INFO - HTTP Request: POST https://api.telegram.org/bot7690359419:AAFO0dgpL0IaAP44WCMtNOTPMq5plBmPWlA/getUpdates "HTTP/1.1 200 OK"
2025-04-14 02:09:25,203 - httpx - INFO - HTTP Request: POST https://api.telegram.org/bot7690359419:AAFO0dgpL0IaAP44WCMtNOTPMq5plBmPWlA/getUpdates "HTTP/1.1 200 OK"
2025-04-14 02:09:35,234 - httpx - INFO - HTTP Request: POST https://api.telegram.org/bot7690359419:AAFO0dgpL0IaAP44WCMtNOTPMq5plBmPWlA/getUpdates "HTTP/1.1 200 OK"
2025-04-14 02:09:45,267 - httpx - INFO - HTTP Request: POST https://api.telegram.org/bot7690359419:AAFO0dgpL0IaAP44WCMtNOTPMq5plBmPWlA/getUpdates "HTTP/1.1 200 OK"
2025-04-14 02:09:55,298 - httpx - INFO - HTTP Request: POST https://api.telegram.org/bot7690359419:AAFO0dgpL0IaAP44WCMtNOTPMq5plBmPWlA/getUpdates "HTTP/1.1 200 OK"
2025-04-14 02:10:05,331 - httpx - INFO - HTTP Request: POST https://api.telegram.org/bot7690359419:AAFO0dgpL0IaAP44WCMtNOTPMq5plBmPWlA/getUpdates "HTTP/1.1 200 OK"
2025-04-14 02:10:15,365 - httpx - INFO - HTTP Request: POST https://api.telegram.org/bot7690359419:AAFO0dgpL0IaAP44WCMtNOTPMq5plBmPWlA/getUpdates "HTTP/1.1 200 OK"
2025-04-14 02:10:25,398 - httpx - INFO - HTTP Request: POST https://api.telegram.org/bot7690359419:AAFO0dgpL0IaAP44WCMtNOTPMq5plBmPWlA/getUpdates "HTTP/1.1 200 OK"
2025-04-14 02:10:35,430 - httpx - INFO - HTTP Request: POST https://api.telegram.org/bot7690359419:AAFO0dgpL0IaAP44WCMtNOTPMq5plBmPWlA/getUpdates "HTTP/1.1 200 OK"
2025-04-14 02:10:45,462 - httpx - INFO - HTTP Request: POST https://api.telegram.org/bot7690359419:AAFO0dgpL0IaAP44WCMtNOTPMq5plBmPWlA/getUpdates "HTTP/1.1 200 OK"
2025-04-14 02:10:55,494 - httpx - INFO - HTTP Request: POST https://api.telegram.org/bot7690359419:AAFO0dgpL0IaAP44WCMtNOTPMq5plBmPWlA/getUpdates "HTTP/1.1 200 OK"
2025-04-14 02:11:05,527 - httpx - INFO - HTTP Request: POST https://api.telegram.org/bot7690359419:AAFO0dgpL0IaAP44WCMtNOTPMq5plBmPWlA/getUpdates "HTTP/1.1 200 OK"
2025-04-14 02:11:15,560 - httpx - INFO - HTTP Request: POST https://api.telegram.org/bot7690359419:AAFO0dgpL0IaAP44WCMtNOTPMq5plBmPWlA/getUpdates "HTTP/1.1 200 OK"
2025-04-14 02:11:25,592 - httpx - INFO - HTTP Request: POST https://api.telegram.org/bot7690359419:AAFO0dgpL0IaAP44WCMtNOTPMq5plBmPWlA/getUpdates "HTTP/1.1 200 OK"
2025-04-14 02:11:35,627 - httpx - INFO - HTTP Request: POST https://api.telegram.org/bot7690359419:AAFO0dgpL0IaAP44WCMtNOTPMq5plBmPWlA/getUpdates "HTTP/1.1 200 OK"
2025-04-14 02:11:45,658 - httpx - INFO - HTTP Request: POST https://api.telegram.org/bot7690359419:AAFO0dgpL0IaAP44WCMtNOTPMq5plBmPWlA/getUpdates "HTTP/1.1 200 OK"
2025-04-14 02:11:55,691 - httpx - INFO - HTTP Request: POST https://api.telegram.org/bot7690359419:AAFO0dgpL0IaAP44WCMtNOTPMq5plBmPWlA/getUpdates "HTTP/1.1 200 OK"
2025-04-14 02:12:05,725 - httpx - INFO - HTTP Request: POST https://api.telegram.org/bot7690359419:AAFO0dgpL0IaAP44WCMtNOTPMq5plBmPWlA/getUpdates "HTTP/1.1 200 OK"
2025-04-14 02:12:06,043 - httpx - INFO - HTTP Request: POST https://api.telegram.org/bot7690359419:AAFO0dgpL0IaAP44WCMtNOTPMq5plBmPWlA/getUpdates "HTTP/1.1 200 OK"
2025-04-14 02:12:06,045 - root - INFO - Сообщение не содержит ссылку на поддерживаемый ресурс.
2025-04-14 02:12:16,076 - httpx - INFO - HTTP Request: POST https://api.telegram.org/bot7690359419:AAFO0dgpL0IaAP44WCMtNOTPMq5plBmPWlA/getUpdates "HTTP/1.1 200 OK"
2025-04-14 02:12:26,109 - httpx - INFO - HTTP Request: POST https://api.telegram.org/bot7690359419:AAFO0dgpL0IaAP44WCMtNOTPMq5plBmPWlA/getUpdates "HTTP/1.1 200 OK"
2025-04-14 02:12:36,140 - httpx - INFO - HTTP Request: POST https://api.telegram.org/bot7690359419:AAFO0dgpL0IaAP44WCMtNOTPMq5plBmPWlA/getUpdates "HTTP/1.1 200 OK"
2025-04-14 02:12:46,172 - httpx - INFO - HTTP Request: POST https://api.telegram.org/bot7690359419:AAFO0dgpL0IaAP44WCMtNOTPMq5plBmPWlA/getUpdates "HTTP/1.1 200 OK"
2025-04-14 02:12:56,208 - httpx - INFO - HTTP Request: POST https://api.telegram.org/bot7690359419:AAFO0dgpL0IaAP44WCMtNOTPMq5plBmPWlA/getUpdates "HTTP/1.1 200 OK"
2025-04-14 02:13:06,239 - httpx - INFO - HTTP Request: POST https://api.telegram.org/bot7690359419:AAFO0dgpL0IaAP44WCMtNOTPMq5plBmPWlA/getUpdates "HTTP/1.1 200 OK"
2025-04-14 02:13:16,274 - httpx - INFO - HTTP Request: POST https://api.telegram.org/bot7690359419:AAFO0dgpL0IaAP44WCMtNOTPMq5plBmPWlA/getUpdates "HTTP/1.1 200 OK"
2025-04-14 02:13:26,306 - httpx - INFO - HTTP Request: POST https://api.telegram.org/bot7690359419:AAFO0dgpL0IaAP44WCMtNOTPMq5plBmPWlA/getUpdates "HTTP/1.1 200 OK"
2025-04-14 02:13:36,342 - httpx - INFO - HTTP Request: POST https://api.telegram.org/bot7690359419:AAFO0dgpL0IaAP44WCMtNOTPMq5plBmPWlA/getUpdates "HTTP/1.1 200 OK"
2025-04-14 02:13:46,384 - httpx - INFO - HTTP Request: POST https://api.telegram.org/bot7690359419:AAFO0dgpL0IaAP44WCMtNOTPMq5plBmPWlA/getUpdates "HTTP/1.1 200 OK"
2025-04-14 02:13:56,420 - httpx - INFO - HTTP Request: POST https://api.telegram.org/bot7690359419:AAFO0dgpL0IaAP44WCMtNOTPMq5plBmPWlA/getUpdates "HTTP/1.1 200 OK"
2025-04-14 02:13:57,071 - httpx - INFO - HTTP Request: POST https://api.telegram.org/bot7690359419:AAFO0dgpL0IaAP44WCMtNOTPMq5plBmPWlA/getUpdates "HTTP/1.1 200 OK"
2025-04-14 02:13:57,222 - httpx - INFO - HTTP Request: POST https://api.telegram.org/bot7690359419:AAFO0dgpL0IaAP44WCMtNOTPMq5plBmPWlA/sendMessage "HTTP/1.1 200 OK"
2025-04-14 02:13:57,222 - root - INFO - Начало загрузки видео по ссылке: https://www.youtube.com/watch?v=F8kjHtJ2W1M
2025-04-14 02:14:00,220 - root - ERROR - Ошибка при скачивании видео: Command '['yt-dlp', '-f', 'mp4', '-o', '-1002559211865_video.%(ext)s', 'https://www.youtube.com/watch?v=F8kjHtJ2W1M']' returned non-zero exit status 1.
2025-04-14 02:14:00,336 - httpx - INFO - HTTP Request: POST https://api.telegram.org/bot7690359419:AAFO0dgpL0IaAP44WCMtNOTPMq5plBmPWlA/sendMessage "HTTP/1.1 200 OK"
2025-04-14 02:14:07,106 - httpx - INFO - HTTP Request: POST https://api.telegram.org/bot7690359419:AAFO0dgpL0IaAP44WCMtNOTPMq5plBmPWlA/getUpdates "HTTP/1.1 200 OK"
2025-04-14 02:14:17,140 - httpx - INFO - HTTP Request: POST https://api.telegram.org/bot7690359419:AAFO0dgpL0IaAP44WCMtNOTPMq5plBmPWlA/getUpdates "HTTP/1.1 200 OK"
2025-04-14 02:14:27,172 - httpx - INFO - HTTP Request: POST https://api.telegram.org/bot7690359419:AAFO0dgpL0IaAP44WCMtNOTPMq5plBmPWlA/getUpdates "HTTP/1.1 200 OK"
2025-04-14 02:14:36,366 - httpx - INFO - HTTP Request: POST https://api.telegram.org/bot7690359419:AAFO0dgpL0IaAP44WCMtNOTPMq5plBmPWlA/getUpdates "HTTP/1.1 200 OK"
2025-04-14 02:14:36,506 - httpx - INFO - HTTP Request: POST https://api.telegram.org/bot7690359419:AAFO0dgpL0IaAP44WCMtNOTPMq5plBmPWlA/sendMessage "HTTP/1.1 200 OK"
2025-04-14 02:14:36,507 - root - INFO - Начало загрузки видео по ссылке: https://www.youtube.com/watch?v=F8kjHtJ2W1M
2025-04-14 02:14:39,333 - root - ERROR - Ошибка при скачивании видео: Command '['yt-dlp', '-f', 'mp4', '-o', '-1002559211865_video.%(ext)s', 'https://www.youtube.com/watch?v=F8kjHtJ2W1M']' returned non-zero exit status 1.
2025-04-14 02:14:39,388 - httpx - INFO - HTTP Request: POST https://api.telegram.org/bot7690359419:AAFO0dgpL0IaAP44WCMtNOTPMq5plBmPWlA/sendMessage "HTTP/1.1 200 OK"
2025-04-14 02:14:46,404 - httpx - INFO - HTTP Request: POST https://api.telegram.org/bot7690359419:AAFO0dgpL0IaAP44WCMtNOTPMq5plBmPWlA/getUpdates "HTTP/1.1 200 OK"
2025-04-14 02:14:56,436 - httpx - INFO - HTTP Request: POST https://api.telegram.org/bot7690359419:AAFO0dgpL0IaAP44WCMtNOTPMq5plBmPWlA/getUpdates "HTTP/1.1 200 OK"
2025-04-14 02:15:06,467 - httpx - INFO - HTTP Request: POST https://api.telegram.org/bot7690359419:AAFO0dgpL0IaAP44WCMtNOTPMq5plBmPWlA/getUpdates "HTTP/1.1 200 OK"
2025-04-14 02:15:16,500 - httpx - INFO - HTTP Request: POST https://api.telegram.org/bot7690359419:AAFO0dgpL0IaAP44WCMtNOTPMq5plBmPWlA/getUpdates "HTTP/1.1 200 OK"
2025-04-14 02:15:26,534 - httpx - INFO - HTTP Request: POST https://api.telegram.org/bot7690359419:AAFO0dgpL0IaAP44WCMtNOTPMq5plBmPWlA/getUpdates "HTTP/1.1 200 OK"
2025-04-14 02:15:36,566 - httpx - INFO - HTTP Request: POST https://api.telegram.org/bot7690359419:AAFO0dgpL0IaAP44WCMtNOTPMq5plBmPWlA/getUpdates "HTTP/1.1 200 OK"
2025-04-14 02:15:46,599 - httpx - INFO - HTTP Request: POST https://api.telegram.org/bot7690359419:AAFO0dgpL0IaAP44WCMtNOTPMq5plBmPWlA/getUpdates "HTTP/1.1 200 OK"
2025-04-14 02:15:56,632 - httpx - INFO - HTTP Request: POST https://api.telegram.org/bot7690359419:AAFO0dgpL0IaAP44WCMtNOTPMq5plBmPWlA/getUpdates "HTTP/1.1 200 OK"
2025-04-14 02:16:06,665 - httpx - INFO - HTTP Request: POST https://api.telegram.org/bot7690359419:AAFO0dgpL0IaAP44WCMtNOTPMq5plBmPWlA/getUpdates "HTTP/1.1 200 OK"
2025-04-14 02:16:16,697 - httpx - INFO - HTTP Request: POST https://api.telegram.org/bot7690359419:AAFO0dgpL0IaAP44WCMtNOTPMq5plBmPWlA/getUpdates "HTTP/1.1 200 OK"
2025-04-14 02:16:26,729 - httpx - INFO - HTTP Request: POST https://api.telegram.org/bot7690359419:AAFO0dgpL0IaAP44WCMtNOTPMq5plBmPWlA/getUpdates "HTTP/1.1 200 OK"
2025-04-14 02:16:36,761 - httpx - INFO - HTTP Request: POST https://api.telegram.org/bot7690359419:AAFO0dgpL0IaAP44WCMtNOTPMq5plBmPWlA/getUpdates "HTTP/1.1 200 OK"
2025-04-14 02:16:46,880 - httpx - INFO - HTTP Request: POST https://api.telegram.org/bot7690359419:AAFO0dgpL0IaAP44WCMtNOTPMq5plBmPWlA/getUpdates "HTTP/1.1 200 OK"
2025-04-14 02:16:56,917 - httpx - INFO - HTTP Request: POST https://api.telegram.org/bot7690359419:AAFO0dgpL0IaAP44WCMtNOTPMq5plBmPWlA/getUpdates "HTTP/1.1 200 OK"
2025-04-14 02:17:06,951 - httpx - INFO - HTTP Request: POST https://api.telegram.org/bot7690359419:AAFO0dgpL0IaAP44WCMtNOTPMq5plBmPWlA/getUpdates "HTTP/1.1 200 OK"
2025-04-14 02:17:16,985 - httpx - INFO - HTTP Request: POST https://api.telegram.org/bot7690359419:AAFO0dgpL0IaAP44WCMtNOTPMq5plBmPWlA/getUpdates "HTTP/1.1 200 OK"
2025-04-14 02:17:27,018 - httpx - INFO - HTTP Request: POST https://api.telegram.org/bot7690359419:AAFO0dgpL0IaAP44WCMtNOTPMq5plBmPWlA/getUpdates "HTTP/1.1 200 OK"
2025-04-14 02:17:37,050 - httpx - INFO - HTTP Request: POST https://api.telegram.org/bot7690359419:AAFO0dgpL0IaAP44WCMtNOTPMq5plBmPWlA/getUpdates "HTTP/1.1 200 OK"
2025-04-14 02:17:47,083 - httpx - INFO - HTTP Request: POST https://api.telegram.org/bot7690359419:AAFO0dgpL0IaAP44WCMtNOTPMq5plBmPWlA/getUpdates "HTTP/1.1 200 OK"
2025-04-14 02:17:57,115 - httpx - INFO - HTTP Request: POST https://api.telegram.org/bot7690359419:AAFO0dgpL0IaAP44WCMtNOTPMq5plBmPWlA/getUpdates "HTTP/1.1 200 OK"
2025-04-14 02:18:07,146 - httpx - INFO - HTTP Request: POST https://api.telegram.org/bot7690359419:AAFO0dgpL0IaAP44WCMtNOTPMq5plBmPWlA/getUpdates "HTTP/1.1 200 OK"
2025-04-14 02:18:17,194 - httpx - INFO - HTTP Request: POST https://api.telegram.org/bot7690359419:AAFO0dgpL0IaAP44WCMtNOTPMq5plBmPWlA/getUpdates "HTTP/1.1 200 OK"
2025-04-14 02:18:27,231 - httpx - INFO - HTTP Request: POST https://api.telegram.org/bot7690359419:AAFO0dgpL0IaAP44WCMtNOTPMq5plBmPWlA/getUpdates "HTTP/1.1 200 OK"
2025-04-14 02:18:37,264 - httpx - INFO - HTTP Request: POST https://api.telegram.org/bot7690359419:AAFO0dgpL0IaAP44WCMtNOTPMq5plBmPWlA/getUpdates "HTTP/1.1 200 OK"
2025-04-14 02:18:47,296 - httpx - INFO - HTTP Request: POST https://api.telegram.org/bot7690359419:AAFO0dgpL0IaAP44WCMtNOTPMq5plBmPWlA/getUpdates "HTTP/1.1 200 OK"
2025-04-14 02:18:57,329 - httpx - INFO - HTTP Request: POST https://api.telegram.org/bot7690359419:AAFO0dgpL0IaAP44WCMtNOTPMq5plBmPWlA/getUpdates "HTTP/1.1 200 OK"
2025-04-14 02:19:07,362 - httpx - INFO - HTTP Request: POST https://api.telegram.org/bot7690359419:AAFO0dgpL0IaAP44WCMtNOTPMq5plBmPWlA/getUpdates "HTTP/1.1 200 OK"
2025-04-14 02:19:17,397 - httpx - INFO - HTTP Request: POST https://api.telegram.org/bot7690359419:AAFO0dgpL0IaAP44WCMtNOTPMq5plBmPWlA/getUpdates "HTTP/1.1 200 OK"
2025-04-14 02:19:27,431 - httpx - INFO - HTTP Request: POST https://api.telegram.org/bot7690359419:AAFO0dgpL0IaAP44WCMtNOTPMq5plBmPWlA/getUpdates "HTTP/1.1 200 OK"
2025-04-14 02:19:37,467 - httpx - INFO - HTTP Request: POST https://api.telegram.org/bot7690359419:AAFO0dgpL0IaAP44WCMtNOTPMq5plBmPWlA/getUpdates "HTTP/1.1 200 OK"
2025-04-14 02:19:47,501 - httpx - INFO - HTTP Request: POST https://api.telegram.org/bot7690359419:AAFO0dgpL0IaAP44WCMtNOTPMq5plBmPWlA/getUpdates "HTTP/1.1 200 OK"
2025-04-14 02:19:57,535 - httpx - INFO - HTTP Request: POST https://api.telegram.org/bot7690359419:AAFO0dgpL0IaAP44WCMtNOTPMq5plBmPWlA/getUpdates "HTTP/1.1 200 OK"
2025-04-14 02:20:07,572 - httpx - INFO - HTTP Request: POST https://api.telegram.org/bot7690359419:AAFO0dgpL0IaAP44WCMtNOTPMq5plBmPWlA/getUpdates "HTTP/1.1 200 OK"
2025-04-14 02:20:17,605 - httpx - INFO - HTTP Request: POST https://api.telegram.org/bot7690359419:AAFO0dgpL0IaAP44WCMtNOTPMq5plBmPWlA/getUpdates "HTTP/1.1 200 OK"
2025-04-14 02:20:27,637 - httpx - INFO - HTTP Request: POST https://api.telegram.org/bot7690359419:AAFO0dgpL0IaAP44WCMtNOTPMq5plBmPWlA/getUpdates "HTTP/1.1 200 OK"
2025-04-14 02:20:28,587 - httpx - INFO - HTTP Request: POST https://api.telegram.org/bot7690359419:AAFO0dgpL0IaAP44WCMtNOTPMq5plBmPWlA/getUpdates "HTTP/1.1 200 OK"
2025-04-14 02:20:28,589 - root - INFO - Сообщение не содержит ссылку на поддерживаемый ресурс.
2025-04-14 02:20:38,623 - httpx - INFO - HTTP Request: POST https://api.telegram.org/bot7690359419:AAFO0dgpL0IaAP44WCMtNOTPMq5plBmPWlA/getUpdates "HTTP/1.1 200 OK"
2025-04-14 02:20:48,657 - httpx - INFO - HTTP Request: POST https://api.telegram.org/bot7690359419:AAFO0dgpL0IaAP44WCMtNOTPMq5plBmPWlA/getUpdates "HTTP/1.1 200 OK"
2025-04-14 02:20:58,690 - httpx - INFO - HTTP Request: POST https://api.telegram.org/bot7690359419:AAFO0dgpL0IaAP44WCMtNOTPMq5plBmPWlA/getUpdates "HTTP/1.1 200 OK"
2025-04-14 02:21:08,723 - httpx - INFO - HTTP Request: POST https://api.telegram.org/bot7690359419:AAFO0dgpL0IaAP44WCMtNOTPMq5plBmPWlA/getUpdates "HTTP/1.1 200 OK"
2025-04-14 02:21:09,336 - httpx - INFO - HTTP Request: POST https://api.telegram.org/bot7690359419:AAFO0dgpL0IaAP44WCMtNOTPMq5plBmPWlA/getUpdates "HTTP/1.1 200 OK"
2025-04-14 02:21:09,504 - httpx - INFO - HTTP Request: POST https://api.telegram.org/bot7690359419:AAFO0dgpL0IaAP44WCMtNOTPMq5plBmPWlA/sendMessage "HTTP/1.1 200 OK"
2025-04-14 02:21:09,505 - root - INFO - Начало загрузки видео по ссылке: https://www.youtube.com/shorts/Ye1OIN9Z75o
2025-04-14 02:21:19,377 - httpx - INFO - HTTP Request: POST https://api.telegram.org/bot7690359419:AAFO0dgpL0IaAP44WCMtNOTPMq5plBmPWlA/getUpdates "HTTP/1.1 200 OK"
2025-04-14 02:21:29,415 - httpx - INFO - HTTP Request: POST https://api.telegram.org/bot7690359419:AAFO0dgpL0IaAP44WCMtNOTPMq5plBmPWlA/getUpdates "HTTP/1.1 200 OK"
2025-04-14 02:21:34,952 - root - ERROR - Ошибка при отправке видео: Timed out
2025-04-14 02:21:35,106 - httpx - INFO - HTTP Request: POST https://api.telegram.org/bot7690359419:AAFO0dgpL0IaAP44WCMtNOTPMq5plBmPWlA/sendMessage "HTTP/1.1 200 OK"
2025-04-14 02:21:39,478 - httpx - INFO - HTTP Request: POST https://api.telegram.org/bot7690359419:AAFO0dgpL0IaAP44WCMtNOTPMq5plBmPWlA/getUpdates "HTTP/1.1 200 OK"
2025-04-14 02:21:49,525 - httpx - INFO - HTTP Request: POST https://api.telegram.org/bot7690359419:AAFO0dgpL0IaAP44WCMtNOTPMq5plBmPWlA/getUpdates "HTTP/1.1 200 OK"
2025-04-14 02:21:59,560 - httpx - INFO - HTTP Request: POST https://api.telegram.org/bot7690359419:AAFO0dgpL0IaAP44WCMtNOTPMq5plBmPWlA/getUpdates "HTTP/1.1 200 OK"
2025-04-14 02:22:09,596 - httpx - INFO - HTTP Request: POST https://api.telegram.org/bot7690359419:AAFO0dgpL0IaAP44WCMtNOTPMq5plBmPWlA/getUpdates "HTTP/1.1 200 OK"
2025-04-14 02:24:21,074 - httpx - INFO - HTTP Request: POST https://api.telegram.org/bot7690359419:AAFO0dgpL0IaAP44WCMtNOTPMq5plBmPWlA/getMe "HTTP/1.1 200 OK"
2025-04-14 02:24:21,109 - httpx - INFO - HTTP Request: POST https://api.telegram.org/bot7690359419:AAFO0dgpL0IaAP44WCMtNOTPMq5plBmPWlA/deleteWebhook "HTTP/1.1 200 OK"
2025-04-14 02:24:21,110 - telegram.ext.Application - INFO - Application started
2025-04-14 02:24:31,215 - httpx - INFO - HTTP Request: POST https://api.telegram.org/bot7690359419:AAFO0dgpL0IaAP44WCMtNOTPMq5plBmPWlA/getUpdates "HTTP/1.1 200 OK"
2025-04-14 02:24:41,257 - httpx - INFO - HTTP Request: POST https://api.telegram.org/bot7690359419:AAFO0dgpL0IaAP44WCMtNOTPMq5plBmPWlA/getUpdates "HTTP/1.1 200 OK"
2025-04-14 02:24:41,297 - httpx - INFO - HTTP Request: POST https://api.telegram.org/bot7690359419:AAFO0dgpL0IaAP44WCMtNOTPMq5plBmPWlA/getUpdates "HTTP/1.1 200 OK"
2025-04-14 02:24:41,490 - httpx - INFO - HTTP Request: POST https://api.telegram.org/bot7690359419:AAFO0dgpL0IaAP44WCMtNOTPMq5plBmPWlA/sendMessage "HTTP/1.1 200 OK"
2025-04-14 02:24:41,491 - root - INFO - Начало загрузки видео по ссылке: https://www.youtube.com/shorts/Ye1OIN9Z75o
2025-04-14 02:24:47,311 - httpx - INFO - HTTP Request: POST https://api.telegram.org/bot7690359419:AAFO0dgpL0IaAP44WCMtNOTPMq5plBmPWlA/sendVideo "HTTP/1.1 200 OK"
2025-04-14 02:24:47,312 - root - INFO - Видео успешно отправлено в чат: -1002559211865_video.mp4
2025-04-14 02:24:51,335 - httpx - INFO - HTTP Request: POST https://api.telegram.org/bot7690359419:AAFO0dgpL0IaAP44WCMtNOTPMq5plBmPWlA/getUpdates "HTTP/1.1 200 OK"
2025-04-14 02:24:58,899 - httpx - INFO - HTTP Request: POST https://api.telegram.org/bot7690359419:AAFO0dgpL0IaAP44WCMtNOTPMq5plBmPWlA/getUpdates "HTTP/1.1 200 OK"
2025-04-14 02:24:58,901 - root - INFO - Сообщение не содержит ссылку на поддерживаемый ресурс.
2025-04-14 02:25:08,935 - httpx - INFO - HTTP Request: POST https://api.telegram.org/bot7690359419:AAFO0dgpL0IaAP44WCMtNOTPMq5plBmPWlA/getUpdates "HTTP/1.1 200 OK"
2025-04-14 02:25:18,970 - httpx - INFO - HTTP Request: POST https://api.telegram.org/bot7690359419:AAFO0dgpL0IaAP44WCMtNOTPMq5plBmPWlA/getUpdates "HTTP/1.1 200 OK"
2025-04-14 02:25:29,003 - httpx - INFO - HTTP Request: POST https://api.telegram.org/bot7690359419:AAFO0dgpL0IaAP44WCMtNOTPMq5plBmPWlA/getUpdates "HTTP/1.1 200 OK"
2025-04-14 02:25:31,914 - httpx - INFO - HTTP Request: POST https://api.telegram.org/bot7690359419:AAFO0dgpL0IaAP44WCMtNOTPMq5plBmPWlA/getUpdates "HTTP/1.1 200 OK"
2025-04-14 02:25:32,147 - httpx - INFO - HTTP Request: POST https://api.telegram.org/bot7690359419:AAFO0dgpL0IaAP44WCMtNOTPMq5plBmPWlA/sendMessage "HTTP/1.1 200 OK"
2025-04-14 02:25:32,148 - root - INFO - Начало загрузки видео по ссылке: https://www.youtube.com/watch?v=XC4PV3Wi0O4
2025-04-14 02:25:41,240 - httpx - INFO - HTTP Request: POST https://api.telegram.org/bot7690359419:AAFO0dgpL0IaAP44WCMtNOTPMq5plBmPWlA/sendVideo "HTTP/1.1 200 OK"
2025-04-14 02:25:41,242 - root - INFO - Видео успешно отправлено в чат: -1002559211865_video.mp4
2025-04-14 02:25:41,957 - httpx - INFO - HTTP Request: POST https://api.telegram.org/bot7690359419:AAFO0dgpL0IaAP44WCMtNOTPMq5plBmPWlA/getUpdates "HTTP/1.1 200 OK"
2025-04-14 02:25:51,991 - httpx - INFO - HTTP Request: POST https://api.telegram.org/bot7690359419:AAFO0dgpL0IaAP44WCMtNOTPMq5plBmPWlA/getUpdates "HTTP/1.1 200 OK"
2025-04-14 02:26:02,026 - httpx - INFO - HTTP Request: POST https://api.telegram.org/bot7690359419:AAFO0dgpL0IaAP44WCMtNOTPMq5plBmPWlA/getUpdates "HTTP/1.1 200 OK"
2025-04-14 02:26:02,784 - httpx - INFO - HTTP Request: POST https://api.telegram.org/bot7690359419:AAFO0dgpL0IaAP44WCMtNOTPMq5plBmPWlA/getUpdates "HTTP/1.1 200 OK"
2025-04-14 02:26:02,786 - root - INFO - Сообщение не содержит ссылку на поддерживаемый ресурс.
2025-04-14 02:26:12,822 - httpx - INFO - HTTP Request: POST https://api.telegram.org/bot7690359419:AAFO0dgpL0IaAP44WCMtNOTPMq5plBmPWlA/getUpdates "HTTP/1.1 200 OK"
2025-04-14 02:26:22,858 - httpx - INFO - HTTP Request: POST https://api.telegram.org/bot7690359419:AAFO0dgpL0IaAP44WCMtNOTPMq5plBmPWlA/getUpdates "HTTP/1.1 200 OK"
2025-04-14 02:26:32,045 - httpx - INFO - HTTP Request: POST https://api.telegram.org/bot7690359419:AAFO0dgpL0IaAP44WCMtNOTPMq5plBmPWlA/getUpdates "HTTP/1.1 200 OK"
2025-04-14 02:26:32,197 - httpx - INFO - HTTP Request: POST https://api.telegram.org/bot7690359419:AAFO0dgpL0IaAP44WCMtNOTPMq5plBmPWlA/sendMessage "HTTP/1.1 200 OK"
2025-04-14 02:26:32,198 - root - INFO - Начало загрузки TikTok видео по ссылке: https://www.tiktok.com/@igor_kvas1/video/6980316170008202502
2025-04-14 02:26:35,700 - httpx - INFO - HTTP Request: POST https://api.telegram.org/bot7690359419:AAFO0dgpL0IaAP44WCMtNOTPMq5plBmPWlA/sendVideo "HTTP/1.1 200 OK"
2025-04-14 02:26:35,701 - root - INFO - Видео TikTok успешно отправлено в чат: -1002559211865_tiktok.mp4
2025-04-14 02:26:42,087 - httpx - INFO - HTTP Request: POST https://api.telegram.org/bot7690359419:AAFO0dgpL0IaAP44WCMtNOTPMq5plBmPWlA/getUpdates "HTTP/1.1 200 OK"
2025-04-14 02:26:49,899 - httpx - INFO - HTTP Request: POST https://api.telegram.org/bot7690359419:AAFO0dgpL0IaAP44WCMtNOTPMq5plBmPWlA/getUpdates "HTTP/1.1 200 OK"
2025-04-14 02:26:49,901 - root - INFO - Сообщение не содержит ссылку на поддерживаемый ресурс.
2025-04-14 02:26:59,937 - httpx - INFO - HTTP Request: POST https://api.telegram.org/bot7690359419:AAFO0dgpL0IaAP44WCMtNOTPMq5plBmPWlA/getUpdates "HTTP/1.1 200 OK"
2025-04-14 02:27:09,972 - httpx - INFO - HTTP Request: POST https://api.telegram.org/bot7690359419:AAFO0dgpL0IaAP44WCMtNOTPMq5plBmPWlA/getUpdates "HTTP/1.1 200 OK"
2025-04-14 02:27:20,012 - httpx - INFO - HTTP Request: POST https://api.telegram.org/bot7690359419:AAFO0dgpL0IaAP44WCMtNOTPMq5plBmPWlA/getUpdates "HTTP/1.1 200 OK"
2025-04-14 02:27:30,047 - httpx - INFO - HTTP Request: POST https://api.telegram.org/bot7690359419:AAFO0dgpL0IaAP44WCMtNOTPMq5plBmPWlA/getUpdates "HTTP/1.1 200 OK"
2025-04-14 02:27:40,086 - httpx - INFO - HTTP Request: POST https://api.telegram.org/bot7690359419:AAFO0dgpL0IaAP44WCMtNOTPMq5plBmPWlA/getUpdates "HTTP/1.1 200 OK"
2025-04-14 02:27:50,123 - httpx - INFO - HTTP Request: POST https://api.telegram.org/bot7690359419:AAFO0dgpL0IaAP44WCMtNOTPMq5plBmPWlA/getUpdates "HTTP/1.1 200 OK"
2025-04-14 02:28:00,157 - httpx - INFO - HTTP Request: POST https://api.telegram.org/bot7690359419:AAFO0dgpL0IaAP44WCMtNOTPMq5plBmPWlA/getUpdates "HTTP/1.1 200 OK"
2025-04-14 02:28:10,191 - httpx - INFO - HTTP Request: POST https://api.telegram.org/bot7690359419:AAFO0dgpL0IaAP44WCMtNOTPMq5plBmPWlA/getUpdates "HTTP/1.1 200 OK"
2025-04-14 02:28:20,231 - httpx - INFO - HTTP Request: POST https://api.telegram.org/bot7690359419:AAFO0dgpL0IaAP44WCMtNOTPMq5plBmPWlA/getUpdates "HTTP/1.1 200 OK"
2025-04-14 02:28:30,274 - httpx - INFO - HTTP Request: POST https://api.telegram.org/bot7690359419:AAFO0dgpL0IaAP44WCMtNOTPMq5plBmPWlA/getUpdates "HTTP/1.1 200 OK"
2025-04-14 02:28:40,318 - httpx - INFO - HTTP Request: POST https://api.telegram.org/bot7690359419:AAFO0dgpL0IaAP44WCMtNOTPMq5plBmPWlA/getUpdates "HTTP/1.1 200 OK"
2025-04-14 02:28:50,360 - httpx - INFO - HTTP Request: POST https://api.telegram.org/bot7690359419:AAFO0dgpL0IaAP44WCMtNOTPMq5plBmPWlA/getUpdates "HTTP/1.1 200 OK"
2025-04-14 02:29:00,395 - httpx - INFO - HTTP Request: POST https://api.telegram.org/bot7690359419:AAFO0dgpL0IaAP44WCMtNOTPMq5plBmPWlA/getUpdates "HTTP/1.1 200 OK"
2025-04-14 02:29:10,435 - httpx - INFO - HTTP Request: POST https://api.telegram.org/bot7690359419:AAFO0dgpL0IaAP44WCMtNOTPMq5plBmPWlA/getUpdates "HTTP/1.1 200 OK"
2025-04-14 02:29:20,469 - httpx - INFO - HTTP Request: POST https://api.telegram.org/bot7690359419:AAFO0dgpL0IaAP44WCMtNOTPMq5plBmPWlA/getUpdates "HTTP/1.1 200 OK"
2025-04-14 02:29:30,504 - httpx - INFO - HTTP Request: POST https://api.telegram.org/bot7690359419:AAFO0dgpL0IaAP44WCMtNOTPMq5plBmPWlA/getUpdates "HTTP/1.1 200 OK"
2025-04-14 02:29:40,542 - httpx - INFO - HTTP Request: POST https://api.telegram.org/bot7690359419:AAFO0dgpL0IaAP44WCMtNOTPMq5plBmPWlA/getUpdates "HTTP/1.1 200 OK"
2025-04-14 02:29:50,577 - httpx - INFO - HTTP Request: POST https://api.telegram.org/bot7690359419:AAFO0dgpL0IaAP44WCMtNOTPMq5plBmPWlA/getUpdates "HTTP/1.1 200 OK"
2025-04-14 02:30:00,613 - httpx - INFO - HTTP Request: POST https://api.telegram.org/bot7690359419:AAFO0dgpL0IaAP44WCMtNOTPMq5plBmPWlA/getUpdates "HTTP/1.1 200 OK"
2025-04-14 02:30:10,646 - httpx - INFO - HTTP Request: POST https://api.telegram.org/bot7690359419:AAFO0dgpL0IaAP44WCMtNOTPMq5plBmPWlA/getUpdates "HTTP/1.1 200 OK"
2025-04-14 02:30:20,684 - httpx - INFO - HTTP Request: POST https://api.telegram.org/bot7690359419:AAFO0dgpL0IaAP44WCMtNOTPMq5plBmPWlA/getUpdates "HTTP/1.1 200 OK"
2025-04-14 02:30:30,719 - httpx - INFO - HTTP Request: POST https://api.telegram.org/bot7690359419:AAFO0dgpL0IaAP44WCMtNOTPMq5plBmPWlA/getUpdates "HTTP/1.1 200 OK"
2025-04-14 02:30:40,752 - httpx - INFO - HTTP Request: POST https://api.telegram.org/bot7690359419:AAFO0dgpL0IaAP44WCMtNOTPMq5plBmPWlA/getUpdates "HTTP/1.1 200 OK"
2025-04-14 02:30:50,787 - httpx - INFO - HTTP Request: POST https://api.telegram.org/bot7690359419:AAFO0dgpL0IaAP44WCMtNOTPMq5plBmPWlA/getUpdates "HTTP/1.1 200 OK"
2025-04-14 02:31:00,821 - httpx - INFO - HTTP Request: POST https://api.telegram.org/bot7690359419:AAFO0dgpL0IaAP44WCMtNOTPMq5plBmPWlA/getUpdates "HTTP/1.1 200 OK"
2025-04-14 02:31:10,858 - httpx - INFO - HTTP Request: POST https://api.telegram.org/bot7690359419:AAFO0dgpL0IaAP44WCMtNOTPMq5plBmPWlA/getUpdates "HTTP/1.1 200 OK"
2025-04-14 02:31:20,890 - httpx - INFO - HTTP Request: POST https://api.telegram.org/bot7690359419:AAFO0dgpL0IaAP44WCMtNOTPMq5plBmPWlA/getUpdates "HTTP/1.1 200 OK"
2025-04-14 02:31:30,925 - httpx - INFO - HTTP Request: POST https://api.telegram.org/bot7690359419:AAFO0dgpL0IaAP44WCMtNOTPMq5plBmPWlA/getUpdates "HTTP/1.1 200 OK"
2025-04-14 02:31:40,958 - httpx - INFO - HTTP Request: POST https://api.telegram.org/bot7690359419:AAFO0dgpL0IaAP44WCMtNOTPMq5plBmPWlA/getUpdates "HTTP/1.1 200 OK"
2025-04-14 02:31:50,992 - httpx - INFO - HTTP Request: POST https://api.telegram.org/bot7690359419:AAFO0dgpL0IaAP44WCMtNOTPMq5plBmPWlA/getUpdates "HTTP/1.1 200 OK"
2025-04-14 02:32:01,026 - httpx - INFO - HTTP Request: POST https://api.telegram.org/bot7690359419:AAFO0dgpL0IaAP44WCMtNOTPMq5plBmPWlA/getUpdates "HTTP/1.1 200 OK"
2025-04-14 02:32:11,060 - httpx - INFO - HTTP Request: POST https://api.telegram.org/bot7690359419:AAFO0dgpL0IaAP44WCMtNOTPMq5plBmPWlA/getUpdates "HTTP/1.1 200 OK"
2025-04-14 02:32:21,095 - httpx - INFO - HTTP Request: POST https://api.telegram.org/bot7690359419:AAFO0dgpL0IaAP44WCMtNOTPMq5plBmPWlA/getUpdates "HTTP/1.1 200 OK"
2025-04-14 02:32:31,131 - httpx - INFO - HTTP Request: POST https://api.telegram.org/bot7690359419:AAFO0dgpL0IaAP44WCMtNOTPMq5plBmPWlA/getUpdates "HTTP/1.1 200 OK"
2025-04-14 02:32:41,166 - httpx - INFO - HTTP Request: POST https://api.telegram.org/bot7690359419:AAFO0dgpL0IaAP44WCMtNOTPMq5plBmPWlA/getUpdates "HTTP/1.1 200 OK"
2025-04-14 02:32:51,203 - httpx - INFO - HTTP Request: POST https://api.telegram.org/bot7690359419:AAFO0dgpL0IaAP44WCMtNOTPMq5plBmPWlA/getUpdates "HTTP/1.1 200 OK"
2025-04-14 02:33:01,244 - httpx - INFO - HTTP Request: POST https://api.telegram.org/bot7690359419:AAFO0dgpL0IaAP44WCMtNOTPMq5plBmPWlA/getUpdates "HTTP/1.1 200 OK"
2025-04-14 02:33:11,280 - httpx - INFO - HTTP Request: POST https://api.telegram.org/bot7690359419:AAFO0dgpL0IaAP44WCMtNOTPMq5plBmPWlA/getUpdates "HTTP/1.1 200 OK"
2025-04-14 02:33:21,315 - httpx - INFO - HTTP Request: POST https://api.telegram.org/bot7690359419:AAFO0dgpL0IaAP44WCMtNOTPMq5plBmPWlA/getUpdates "HTTP/1.1 200 OK"
2025-04-14 02:33:31,350 - httpx - INFO - HTTP Request: POST https://api.telegram.org/bot7690359419:AAFO0dgpL0IaAP44WCMtNOTPMq5plBmPWlA/getUpdates "HTTP/1.1 200 OK"
2025-04-14 02:33:41,384 - httpx - INFO - HTTP Request: POST https://api.telegram.org/bot7690359419:AAFO0dgpL0IaAP44WCMtNOTPMq5plBmPWlA/getUpdates "HTTP/1.1 200 OK"
2025-04-14 02:33:51,416 - httpx - INFO - HTTP Request: POST https://api.telegram.org/bot7690359419:AAFO0dgpL0IaAP44WCMtNOTPMq5plBmPWlA/getUpdates "HTTP/1.1 200 OK"
2025-04-14 02:34:01,462 - httpx - INFO - HTTP Request: POST https://api.telegram.org/bot7690359419:AAFO0dgpL0IaAP44WCMtNOTPMq5plBmPWlA/getUpdates "HTTP/1.1 200 OK"
2025-04-14 02:34:11,496 - httpx - INFO - HTTP Request: POST https://api.telegram.org/bot7690359419:AAFO0dgpL0IaAP44WCMtNOTPMq5plBmPWlA/getUpdates "HTTP/1.1 200 OK"
2025-04-14 02:34:21,540 - httpx - INFO - HTTP Request: POST https://api.telegram.org/bot7690359419:AAFO0dgpL0IaAP44WCMtNOTPMq5plBmPWlA/getUpdates "HTTP/1.1 200 OK"
2025-04-14 02:34:31,574 - httpx - INFO - HTTP Request: POST https://api.telegram.org/bot7690359419:AAFO0dgpL0IaAP44WCMtNOTPMq5plBmPWlA/getUpdates "HTTP/1.1 200 OK"
2025-04-14 02:34:41,606 - httpx - INFO - HTTP Request: POST https://api.telegram.org/bot7690359419:AAFO0dgpL0IaAP44WCMtNOTPMq5plBmPWlA/getUpdates "HTTP/1.1 200 OK"
2025-04-14 02:34:51,644 - httpx - INFO - HTTP Request: POST https://api.telegram.org/bot7690359419:AAFO0dgpL0IaAP44WCMtNOTPMq5plBmPWlA/getUpdates "HTTP/1.1 200 OK"
2025-04-14 02:35:01,683 - httpx - INFO - HTTP Request: POST https://api.telegram.org/bot7690359419:AAFO0dgpL0IaAP44WCMtNOTPMq5plBmPWlA/getUpdates "HTTP/1.1 200 OK"
2025-04-14 02:35:11,717 - httpx - INFO - HTTP Request: POST https://api.telegram.org/bot7690359419:AAFO0dgpL0IaAP44WCMtNOTPMq5plBmPWlA/getUpdates "HTTP/1.1 200 OK"
2025-04-14 02:35:21,753 - httpx - INFO - HTTP Request: POST https://api.telegram.org/bot7690359419:AAFO0dgpL0IaAP44WCMtNOTPMq5plBmPWlA/getUpdates "HTTP/1.1 200 OK"
2025-04-14 02:35:31,787 - httpx - INFO - HTTP Request: POST https://api.telegram.org/bot7690359419:AAFO0dgpL0IaAP44WCMtNOTPMq5plBmPWlA/getUpdates "HTTP/1.1 200 OK"
2025-04-14 02:35:41,822 - httpx - INFO - HTTP Request: POST https://api.telegram.org/bot7690359419:AAFO0dgpL0IaAP44WCMtNOTPMq5plBmPWlA/getUpdates "HTTP/1.1 200 OK"
2025-04-14 02:35:51,864 - httpx - INFO - HTTP Request: POST https://api.telegram.org/bot7690359419:AAFO0dgpL0IaAP44WCMtNOTPMq5plBmPWlA/getUpdates "HTTP/1.1 200 OK"
2025-04-14 02:36:01,897 - httpx - INFO - HTTP Request: POST https://api.telegram.org/bot7690359419:AAFO0dgpL0IaAP44WCMtNOTPMq5plBmPWlA/getUpdates "HTTP/1.1 200 OK"
2025-04-14 02:36:11,932 - httpx - INFO - HTTP Request: POST https://api.telegram.org/bot7690359419:AAFO0dgpL0IaAP44WCMtNOTPMq5plBmPWlA/getUpdates "HTTP/1.1 200 OK"
2025-04-14 02:36:21,970 - httpx - INFO - HTTP Request: POST https://api.telegram.org/bot7690359419:AAFO0dgpL0IaAP44WCMtNOTPMq5plBmPWlA/getUpdates "HTTP/1.1 200 OK"
2025-04-14 02:36:32,003 - httpx - INFO - HTTP Request: POST https://api.telegram.org/bot7690359419:AAFO0dgpL0IaAP44WCMtNOTPMq5plBmPWlA/getUpdates "HTTP/1.1 200 OK"
2025-04-14 02:36:42,040 - httpx - INFO - HTTP Request: POST https://api.telegram.org/bot7690359419:AAFO0dgpL0IaAP44WCMtNOTPMq5plBmPWlA/getUpdates "HTTP/1.1 200 OK"
2025-04-14 02:36:52,082 - httpx - INFO - HTTP Request: POST https://api.telegram.org/bot7690359419:AAFO0dgpL0IaAP44WCMtNOTPMq5plBmPWlA/getUpdates "HTTP/1.1 200 OK"
2025-04-14 02:37:02,121 - httpx - INFO - HTTP Request: POST https://api.telegram.org/bot7690359419:AAFO0dgpL0IaAP44WCMtNOTPMq5plBmPWlA/getUpdates "HTTP/1.1 200 OK"
2025-04-14 02:37:12,154 - httpx - INFO - HTTP Request: POST https://api.telegram.org/bot7690359419:AAFO0dgpL0IaAP44WCMtNOTPMq5plBmPWlA/getUpdates "HTTP/1.1 200 OK"
2025-04-14 02:37:22,187 - httpx - INFO - HTTP Request: POST https://api.telegram.org/bot7690359419:AAFO0dgpL0IaAP44WCMtNOTPMq5plBmPWlA/getUpdates "HTTP/1.1 200 OK"
2025-04-14 02:37:32,222 - httpx - INFO - HTTP Request: POST https://api.telegram.org/bot7690359419:AAFO0dgpL0IaAP44WCMtNOTPMq5plBmPWlA/getUpdates "HTTP/1.1 200 OK"
2025-04-14 02:37:42,257 - httpx - INFO - HTTP Request: POST https://api.telegram.org/bot7690359419:AAFO0dgpL0IaAP44WCMtNOTPMq5plBmPWlA/getUpdates "HTTP/1.1 200 OK"
2025-04-14 02:37:52,291 - httpx - INFO - HTTP Request: POST https://api.telegram.org/bot7690359419:AAFO0dgpL0IaAP44WCMtNOTPMq5plBmPWlA/getUpdates "HTTP/1.1 200 OK"
2025-04-14 02:38:02,328 - httpx - INFO - HTTP Request: POST https://api.telegram.org/bot7690359419:AAFO0dgpL0IaAP44WCMtNOTPMq5plBmPWlA/getUpdates "HTTP/1.1 200 OK"
2025-04-14 02:38:12,362 - httpx - INFO - HTTP Request: POST https://api.telegram.org/bot7690359419:AAFO0dgpL0IaAP44WCMtNOTPMq5plBmPWlA/getUpdates "HTTP/1.1 200 OK"
2025-04-14 02:38:22,399 - httpx - INFO - HTTP Request: POST https://api.telegram.org/bot7690359419:AAFO0dgpL0IaAP44WCMtNOTPMq5plBmPWlA/getUpdates "HTTP/1.1 200 OK"
2025-04-14 02:38:32,434 - httpx - INFO - HTTP Request: POST https://api.telegram.org/bot7690359419:AAFO0dgpL0IaAP44WCMtNOTPMq5plBmPWlA/getUpdates "HTTP/1.1 200 OK"
2025-04-14 02:38:42,477 - httpx - INFO - HTTP Request: POST https://api.telegram.org/bot7690359419:AAFO0dgpL0IaAP44WCMtNOTPMq5plBmPWlA/getUpdates "HTTP/1.1 200 OK"
2025-04-14 02:38:52,514 - httpx - INFO - HTTP Request: POST https://api.telegram.org/bot7690359419:AAFO0dgpL0IaAP44WCMtNOTPMq5plBmPWlA/getUpdates "HTTP/1.1 200 OK"
2025-04-14 02:39:02,555 - httpx - INFO - HTTP Request: POST https://api.telegram.org/bot7690359419:AAFO0dgpL0IaAP44WCMtNOTPMq5plBmPWlA/getUpdates "HTTP/1.1 200 OK"
2025-04-14 02:39:12,590 - httpx - INFO - HTTP Request: POST https://api.telegram.org/bot7690359419:AAFO0dgpL0IaAP44WCMtNOTPMq5plBmPWlA/getUpdates "HTTP/1.1 200 OK"
2025-04-14 02:39:22,628 - httpx - INFO - HTTP Request: POST https://api.telegram.org/bot7690359419:AAFO0dgpL0IaAP44WCMtNOTPMq5plBmPWlA/getUpdates "HTTP/1.1 200 OK"
2025-04-14 02:39:32,661 - httpx - INFO - HTTP Request: POST https://api.telegram.org/bot7690359419:AAFO0dgpL0IaAP44WCMtNOTPMq5plBmPWlA/getUpdates "HTTP/1.1 200 OK"
2025-04-14 02:39:42,699 - httpx - INFO - HTTP Request: POST https://api.telegram.org/bot7690359419:AAFO0dgpL0IaAP44WCMtNOTPMq5plBmPWlA/getUpdates "HTTP/1.1 200 OK"
2025-04-14 02:39:52,733 - httpx - INFO - HTTP Request: POST https://api.telegram.org/bot7690359419:AAFO0dgpL0IaAP44WCMtNOTPMq5plBmPWlA/getUpdates "HTTP/1.1 200 OK"
2025-04-14 02:40:02,770 - httpx - INFO - HTTP Request: POST https://api.telegram.org/bot7690359419:AAFO0dgpL0IaAP44WCMtNOTPMq5plBmPWlA/getUpdates "HTTP/1.1 200 OK"
2025-04-14 02:40:12,803 - httpx - INFO - HTTP Request: POST https://api.telegram.org/bot7690359419:AAFO0dgpL0IaAP44WCMtNOTPMq5plBmPWlA/getUpdates "HTTP/1.1 200 OK"
2025-04-14 02:40:22,837 - httpx - INFO - HTTP Request: POST https://api.telegram.org/bot7690359419:AAFO0dgpL0IaAP44WCMtNOTPMq5plBmPWlA/getUpdates "HTTP/1.1 200 OK"
2025-04-14 02:40:32,872 - httpx - INFO - HTTP Request: POST https://api.telegram.org/bot7690359419:AAFO0dgpL0IaAP44WCMtNOTPMq5plBmPWlA/getUpdates "HTTP/1.1 200 OK"
2025-04-14 02:40:42,991 - httpx - INFO - HTTP Request: POST https://api.telegram.org/bot7690359419:AAFO0dgpL0IaAP44WCMtNOTPMq5plBmPWlA/getUpdates "HTTP/1.1 200 OK"
2025-04-14 02:40:53,028 - httpx - INFO - HTTP Request: POST https://api.telegram.org/bot7690359419:AAFO0dgpL0IaAP44WCMtNOTPMq5plBmPWlA/getUpdates "HTTP/1.1 200 OK"
2025-04-14 02:41:03,066 - httpx - INFO - HTTP Request: POST https://api.telegram.org/bot7690359419:AAFO0dgpL0IaAP44WCMtNOTPMq5plBmPWlA/getUpdates "HTTP/1.1 200 OK"
2025-04-14 02:41:13,101 - httpx - INFO - HTTP Request: POST https://api.telegram.org/bot7690359419:AAFO0dgpL0IaAP44WCMtNOTPMq5plBmPWlA/getUpdates "HTTP/1.1 200 OK"
2025-04-14 02:41:23,134 - httpx - INFO - HTTP Request: POST https://api.telegram.org/bot7690359419:AAFO0dgpL0IaAP44WCMtNOTPMq5plBmPWlA/getUpdates "HTTP/1.1 200 OK"
2025-04-14 02:41:33,166 - httpx - INFO - HTTP Request: POST https://api.telegram.org/bot7690359419:AAFO0dgpL0IaAP44WCMtNOTPMq5plBmPWlA/getUpdates "HTTP/1.1 200 OK"
2025-04-14 02:41:43,197 - httpx - INFO - HTTP Request: POST https://api.telegram.org/bot7690359419:AAFO0dgpL0IaAP44WCMtNOTPMq5plBmPWlA/getUpdates "HTTP/1.1 200 OK"
2025-04-14 02:41:53,228 - httpx - INFO - HTTP Request: POST https://api.telegram.org/bot7690359419:AAFO0dgpL0IaAP44WCMtNOTPMq5plBmPWlA/getUpdates "HTTP/1.1 200 OK"
2025-04-14 02:42:03,259 - httpx - INFO - HTTP Request: POST https://api.telegram.org/bot7690359419:AAFO0dgpL0IaAP44WCMtNOTPMq5plBmPWlA/getUpdates "HTTP/1.1 200 OK"
2025-04-14 02:42:13,293 - httpx - INFO - HTTP Request: POST https://api.telegram.org/bot7690359419:AAFO0dgpL0IaAP44WCMtNOTPMq5plBmPWlA/getUpdates "HTTP/1.1 200 OK"
2025-04-14 02:42:23,325 - httpx - INFO - HTTP Request: POST https://api.telegram.org/bot7690359419:AAFO0dgpL0IaAP44WCMtNOTPMq5plBmPWlA/getUpdates "HTTP/1.1 200 OK"
2025-04-14 02:42:33,357 - httpx - INFO - HTTP Request: POST https://api.telegram.org/bot7690359419:AAFO0dgpL0IaAP44WCMtNOTPMq5plBmPWlA/getUpdates "HTTP/1.1 200 OK"
2025-04-14 02:42:43,390 - httpx - INFO - HTTP Request: POST https://api.telegram.org/bot7690359419:AAFO0dgpL0IaAP44WCMtNOTPMq5plBmPWlA/getUpdates "HTTP/1.1 200 OK"
2025-04-14 02:42:53,426 - httpx - INFO - HTTP Request: POST https://api.telegram.org/bot7690359419:AAFO0dgpL0IaAP44WCMtNOTPMq5plBmPWlA/getUpdates "HTTP/1.1 200 OK"
2025-04-14 02:43:03,458 - httpx - INFO - HTTP Request: POST https://api.telegram.org/bot7690359419:AAFO0dgpL0IaAP44WCMtNOTPMq5plBmPWlA/getUpdates "HTTP/1.1 200 OK"
2025-04-14 02:43:13,495 - httpx - INFO - HTTP Request: POST https://api.telegram.org/bot7690359419:AAFO0dgpL0IaAP44WCMtNOTPMq5plBmPWlA/getUpdates "HTTP/1.1 200 OK"
2025-04-14 02:43:23,529 - httpx - INFO - HTTP Request: POST https://api.telegram.org/bot7690359419:AAFO0dgpL0IaAP44WCMtNOTPMq5plBmPWlA/getUpdates "HTTP/1.1 200 OK"
2025-04-14 02:43:33,564 - httpx - INFO - HTTP Request: POST https://api.telegram.org/bot7690359419:AAFO0dgpL0IaAP44WCMtNOTPMq5plBmPWlA/getUpdates "HTTP/1.1 200 OK"
2025-04-14 02:43:43,598 - httpx - INFO - HTTP Request: POST https://api.telegram.org/bot7690359419:AAFO0dgpL0IaAP44WCMtNOTPMq5plBmPWlA/getUpdates "HTTP/1.1 200 OK"
2025-04-14 02:43:53,631 - httpx - INFO - HTTP Request: POST https://api.telegram.org/bot7690359419:AAFO0dgpL0IaAP44WCMtNOTPMq5plBmPWlA/getUpdates "HTTP/1.1 200 OK"
2025-04-14 02:44:03,667 - httpx - INFO - HTTP Request: POST https://api.telegram.org/bot7690359419:AAFO0dgpL0IaAP44WCMtNOTPMq5plBmPWlA/getUpdates "HTTP/1.1 200 OK"
2025-04-14 02:44:13,705 - httpx - INFO - HTTP Request: POST https://api.telegram.org/bot7690359419:AAFO0dgpL0IaAP44WCMtNOTPMq5plBmPWlA/getUpdates "HTTP/1.1 200 OK"
2025-04-14 02:44:23,738 - httpx - INFO - HTTP Request: POST https://api.telegram.org/bot7690359419:AAFO0dgpL0IaAP44WCMtNOTPMq5plBmPWlA/getUpdates "HTTP/1.1 200 OK"
2025-04-14 02:44:33,769 - httpx - INFO - HTTP Request: POST https://api.telegram.org/bot7690359419:AAFO0dgpL0IaAP44WCMtNOTPMq5plBmPWlA/getUpdates "HTTP/1.1 200 OK"
2025-04-14 02:44:43,804 - httpx - INFO - HTTP Request: POST https://api.telegram.org/bot7690359419:AAFO0dgpL0IaAP44WCMtNOTPMq5plBmPWlA/getUpdates "HTTP/1.1 200 OK"
2025-04-14 02:44:53,837 - httpx - INFO - HTTP Request: POST https://api.telegram.org/bot7690359419:AAFO0dgpL0IaAP44WCMtNOTPMq5plBmPWlA/getUpdates "HTTP/1.1 200 OK"
2025-04-14 02:45:03,872 - httpx - INFO - HTTP Request: POST https://api.telegram.org/bot7690359419:AAFO0dgpL0IaAP44WCMtNOTPMq5plBmPWlA/getUpdates "HTTP/1.1 200 OK"
2025-04-14 02:45:13,905 - httpx - INFO - HTTP Request: POST https://api.telegram.org/bot7690359419:AAFO0dgpL0IaAP44WCMtNOTPMq5plBmPWlA/getUpdates "HTTP/1.1 200 OK"
2025-04-14 02:45:23,937 - httpx - INFO - HTTP Request: POST https://api.telegram.org/bot7690359419:AAFO0dgpL0IaAP44WCMtNOTPMq5plBmPWlA/getUpdates "HTTP/1.1 200 OK"
2025-04-14 02:45:33,970 - httpx - INFO - HTTP Request: POST https://api.telegram.org/bot7690359419:AAFO0dgpL0IaAP44WCMtNOTPMq5plBmPWlA/getUpdates "HTTP/1.1 200 OK"
2025-04-14 02:45:44,002 - httpx - INFO - HTTP Request: POST https://api.telegram.org/bot7690359419:AAFO0dgpL0IaAP44WCMtNOTPMq5plBmPWlA/getUpdates "HTTP/1.1 200 OK"
2025-04-14 02:45:54,034 - httpx - INFO - HTTP Request: POST https://api.telegram.org/bot7690359419:AAFO0dgpL0IaAP44WCMtNOTPMq5plBmPWlA/getUpdates "HTTP/1.1 200 OK"
2025-04-14 02:46:04,066 - httpx - INFO - HTTP Request: POST https://api.telegram.org/bot7690359419:AAFO0dgpL0IaAP44WCMtNOTPMq5plBmPWlA/getUpdates "HTTP/1.1 200 OK"
2025-04-14 02:46:14,103 - httpx - INFO - HTTP Request: POST https://api.telegram.org/bot7690359419:AAFO0dgpL0IaAP44WCMtNOTPMq5plBmPWlA/getUpdates "HTTP/1.1 200 OK"
2025-04-14 02:46:24,137 - httpx - INFO - HTTP Request: POST https://api.telegram.org/bot7690359419:AAFO0dgpL0IaAP44WCMtNOTPMq5plBmPWlA/getUpdates "HTTP/1.1 200 OK"
2025-04-14 02:46:34,169 - httpx - INFO - HTTP Request: POST https://api.telegram.org/bot7690359419:AAFO0dgpL0IaAP44WCMtNOTPMq5plBmPWlA/getUpdates "HTTP/1.1 200 OK"
2025-04-14 02:46:44,201 - httpx - INFO - HTTP Request: POST https://api.telegram.org/bot7690359419:AAFO0dgpL0IaAP44WCMtNOTPMq5plBmPWlA/getUpdates "HTTP/1.1 200 OK"
2025-04-14 02:46:54,233 - httpx - INFO - HTTP Request: POST https://api.telegram.org/bot7690359419:AAFO0dgpL0IaAP44WCMtNOTPMq5plBmPWlA/getUpdates "HTTP/1.1 200 OK"
2025-04-14 02:47:04,264 - httpx - INFO - HTTP Request: POST https://api.telegram.org/bot7690359419:AAFO0dgpL0IaAP44WCMtNOTPMq5plBmPWlA/getUpdates "HTTP/1.1 200 OK"
2025-04-14 02:47:14,301 - httpx - INFO - HTTP Request: POST https://api.telegram.org/bot7690359419:AAFO0dgpL0IaAP44WCMtNOTPMq5plBmPWlA/getUpdates "HTTP/1.1 200 OK"
2025-04-14 02:47:24,332 - httpx - INFO - HTTP Request: POST https://api.telegram.org/bot7690359419:AAFO0dgpL0IaAP44WCMtNOTPMq5plBmPWlA/getUpdates "HTTP/1.1 200 OK"
2025-04-14 02:47:34,364 - httpx - INFO - HTTP Request: POST https://api.telegram.org/bot7690359419:AAFO0dgpL0IaAP44WCMtNOTPMq5plBmPWlA/getUpdates "HTTP/1.1 200 OK"
2025-04-14 02:47:44,396 - httpx - INFO - HTTP Request: POST https://api.telegram.org/bot7690359419:AAFO0dgpL0IaAP44WCMtNOTPMq5plBmPWlA/getUpdates "HTTP/1.1 200 OK"
2025-04-14 02:47:54,429 - httpx - INFO - HTTP Request: POST https://api.telegram.org/bot7690359419:AAFO0dgpL0IaAP44WCMtNOTPMq5plBmPWlA/getUpdates "HTTP/1.1 200 OK"
2025-04-14 02:48:04,461 - httpx - INFO - HTTP Request: POST https://api.telegram.org/bot7690359419:AAFO0dgpL0IaAP44WCMtNOTPMq5plBmPWlA/getUpdates "HTTP/1.1 200 OK"
2025-04-14 02:48:14,494 - httpx - INFO - HTTP Request: POST https://api.telegram.org/bot7690359419:AAFO0dgpL0IaAP44WCMtNOTPMq5plBmPWlA/getUpdates "HTTP/1.1 200 OK"
2025-04-14 02:48:24,527 - httpx - INFO - HTTP Request: POST https://api.telegram.org/bot7690359419:AAFO0dgpL0IaAP44WCMtNOTPMq5plBmPWlA/getUpdates "HTTP/1.1 200 OK"
2025-04-14 02:48:34,557 - httpx - INFO - HTTP Request: POST https://api.telegram.org/bot7690359419:AAFO0dgpL0IaAP44WCMtNOTPMq5plBmPWlA/getUpdates "HTTP/1.1 200 OK"
2025-04-14 02:48:44,592 - httpx - INFO - HTTP Request: POST https://api.telegram.org/bot7690359419:AAFO0dgpL0IaAP44WCMtNOTPMq5plBmPWlA/getUpdates "HTTP/1.1 200 OK"
2025-04-14 02:48:54,624 - httpx - INFO - HTTP Request: POST https://api.telegram.org/bot7690359419:AAFO0dgpL0IaAP44WCMtNOTPMq5plBmPWlA/getUpdates "HTTP/1.1 200 OK"
2025-04-14 02:49:04,658 - httpx - INFO - HTTP Request: POST https://api.telegram.org/bot7690359419:AAFO0dgpL0IaAP44WCMtNOTPMq5plBmPWlA/getUpdates "HTTP/1.1 200 OK"
2025-04-14 02:49:14,691 - httpx - INFO - HTTP Request: POST https://api.telegram.org/bot7690359419:AAFO0dgpL0IaAP44WCMtNOTPMq5plBmPWlA/getUpdates "HTTP/1.1 200 OK"
2025-04-14 02:49:24,724 - httpx - INFO - HTTP Request: POST https://api.telegram.org/bot7690359419:AAFO0dgpL0IaAP44WCMtNOTPMq5plBmPWlA/getUpdates "HTTP/1.1 200 OK"
2025-04-14 02:49:34,757 - httpx - INFO - HTTP Request: POST https://api.telegram.org/bot7690359419:AAFO0dgpL0IaAP44WCMtNOTPMq5plBmPWlA/getUpdates "HTTP/1.1 200 OK"
2025-04-14 02:49:44,795 - httpx - INFO - HTTP Request: POST https://api.telegram.org/bot7690359419:AAFO0dgpL0IaAP44WCMtNOTPMq5plBmPWlA/getUpdates "HTTP/1.1 200 OK"
2025-04-14 02:49:54,826 - httpx - INFO - HTTP Request: POST https://api.telegram.org/bot7690359419:AAFO0dgpL0IaAP44WCMtNOTPMq5plBmPWlA/getUpdates "HTTP/1.1 200 OK"
2025-04-14 02:50:04,859 - httpx - INFO - HTTP Request: POST https://api.telegram.org/bot7690359419:AAFO0dgpL0IaAP44WCMtNOTPMq5plBmPWlA/getUpdates "HTTP/1.1 200 OK"
2025-04-14 02:50:14,893 - httpx - INFO - HTTP Request: POST https://api.telegram.org/bot7690359419:AAFO0dgpL0IaAP44WCMtNOTPMq5plBmPWlA/getUpdates "HTTP/1.1 200 OK"
2025-04-14 02:50:24,927 - httpx - INFO - HTTP Request: POST https://api.telegram.org/bot7690359419:AAFO0dgpL0IaAP44WCMtNOTPMq5plBmPWlA/getUpdates "HTTP/1.1 200 OK"
2025-04-14 02:50:34,962 - httpx - INFO - HTTP Request: POST https://api.telegram.org/bot7690359419:AAFO0dgpL0IaAP44WCMtNOTPMq5plBmPWlA/getUpdates "HTTP/1.1 200 OK"
2025-04-14 02:50:44,999 - httpx - INFO - HTTP Request: POST https://api.telegram.org/bot7690359419:AAFO0dgpL0IaAP44WCMtNOTPMq5plBmPWlA/getUpdates "HTTP/1.1 200 OK"
2025-04-14 02:50:55,031 - httpx - INFO - HTTP Request: POST https://api.telegram.org/bot7690359419:AAFO0dgpL0IaAP44WCMtNOTPMq5plBmPWlA/getUpdates "HTTP/1.1 200 OK"
2025-04-14 02:51:05,064 - httpx - INFO - HTTP Request: POST https://api.telegram.org/bot7690359419:AAFO0dgpL0IaAP44WCMtNOTPMq5plBmPWlA/getUpdates "HTTP/1.1 200 OK"
2025-04-14 02:51:15,095 - httpx - INFO - HTTP Request: POST https://api.telegram.org/bot7690359419:AAFO0dgpL0IaAP44WCMtNOTPMq5plBmPWlA/getUpdates "HTTP/1.1 200 OK"
2025-04-14 02:51:25,140 - httpx - INFO - HTTP Request: POST https://api.telegram.org/bot7690359419:AAFO0dgpL0IaAP44WCMtNOTPMq5plBmPWlA/getUpdates "HTTP/1.1 200 OK"
2025-04-14 02:51:35,181 - httpx - INFO - HTTP Request: POST https://api.telegram.org/bot7690359419:AAFO0dgpL0IaAP44WCMtNOTPMq5plBmPWlA/getUpdates "HTTP/1.1 200 OK"
2025-04-14 02:51:43,414 - httpx - INFO - HTTP Request: POST https://api.telegram.org/bot7690359419:AAFO0dgpL0IaAP44WCMtNOTPMq5plBmPWlA/getUpdates "HTTP/1.1 200 OK"
2025-04-14 02:51:48,721 - httpx - INFO - HTTP Request: POST https://api.telegram.org/bot7690359419:AAFO0dgpL0IaAP44WCMtNOTPMq5plBmPWlA/getUpdates "HTTP/1.1 200 OK"
2025-04-14 02:51:58,756 - httpx - INFO - HTTP Request: POST https://api.telegram.org/bot7690359419:AAFO0dgpL0IaAP44WCMtNOTPMq5plBmPWlA/getUpdates "HTTP/1.1 200 OK"
2025-04-14 02:52:08,792 - httpx - INFO - HTTP Request: POST https://api.telegram.org/bot7690359419:AAFO0dgpL0IaAP44WCMtNOTPMq5plBmPWlA/getUpdates "HTTP/1.1 200 OK"
2025-04-14 02:52:18,825 - httpx - INFO - HTTP Request: POST https://api.telegram.org/bot7690359419:AAFO0dgpL0IaAP44WCMtNOTPMq5plBmPWlA/getUpdates "HTTP/1.1 200 OK"
2025-04-14 02:52:22,270 - httpx - INFO - HTTP Request: POST https://api.telegram.org/bot7690359419:AAFO0dgpL0IaAP44WCMtNOTPMq5plBmPWlA/getUpdates "HTTP/1.1 200 OK"
2025-04-14 02:52:22,430 - httpx - INFO - HTTP Request: POST https://api.telegram.org/bot7690359419:AAFO0dgpL0IaAP44WCMtNOTPMq5plBmPWlA/sendMessage "HTTP/1.1 200 OK"
2025-04-14 02:52:22,431 - root - INFO - Начало загрузки видео по ссылке: https://youtu.be/ehMlxfqgYJk
2025-04-14 02:52:28,974 - httpx - INFO - HTTP Request: POST https://api.telegram.org/bot7690359419:AAFO0dgpL0IaAP44WCMtNOTPMq5plBmPWlA/sendVideo "HTTP/1.1 200 OK"
2025-04-14 02:52:28,976 - root - INFO - Видео успешно отправлено в чат: 524626692_video.mp4
2025-04-14 02:52:32,303 - httpx - INFO - HTTP Request: POST https://api.telegram.org/bot7690359419:AAFO0dgpL0IaAP44WCMtNOTPMq5plBmPWlA/getUpdates "HTTP/1.1 200 OK"
2025-04-14 02:52:42,337 - httpx - INFO - HTTP Request: POST https://api.telegram.org/bot7690359419:AAFO0dgpL0IaAP44WCMtNOTPMq5plBmPWlA/getUpdates "HTTP/1.1 200 OK"
2025-04-14 02:52:52,368 - httpx - INFO - HTTP Request: POST https://api.telegram.org/bot7690359419:AAFO0dgpL0IaAP44WCMtNOTPMq5plBmPWlA/getUpdates "HTTP/1.1 200 OK"
2025-04-14 02:53:02,401 - httpx - INFO - HTTP Request: POST https://api.telegram.org/bot7690359419:AAFO0dgpL0IaAP44WCMtNOTPMq5plBmPWlA/getUpdates "HTTP/1.1 200 OK"
2025-04-14 02:53:12,433 - httpx - INFO - HTTP Request: POST https://api.telegram.org/bot7690359419:AAFO0dgpL0IaAP44WCMtNOTPMq5plBmPWlA/getUpdates "HTTP/1.1 200 OK"
2025-04-14 02:53:22,466 - httpx - INFO - HTTP Request: POST https://api.telegram.org/bot7690359419:AAFO0dgpL0IaAP44WCMtNOTPMq5plBmPWlA/getUpdates "HTTP/1.1 200 OK"
2025-04-14 02:53:32,500 - httpx - INFO - HTTP Request: POST https://api.telegram.org/bot7690359419:AAFO0dgpL0IaAP44WCMtNOTPMq5plBmPWlA/getUpdates "HTTP/1.1 200 OK"
2025-04-14 02:53:42,535 - httpx - INFO - HTTP Request: POST https://api.telegram.org/bot7690359419:AAFO0dgpL0IaAP44WCMtNOTPMq5plBmPWlA/getUpdates "HTTP/1.1 200 OK"
2025-04-14 02:53:52,568 - httpx - INFO - HTTP Request: POST https://api.telegram.org/bot7690359419:AAFO0dgpL0IaAP44WCMtNOTPMq5plBmPWlA/getUpdates "HTTP/1.1 200 OK"
2025-04-14 02:54:02,602 - httpx - INFO - HTTP Request: POST https://api.telegram.org/bot7690359419:AAFO0dgpL0IaAP44WCMtNOTPMq5plBmPWlA/getUpdates "HTTP/1.1 200 OK"
2025-04-14 02:54:12,635 - httpx - INFO - HTTP Request: POST https://api.telegram.org/bot7690359419:AAFO0dgpL0IaAP44WCMtNOTPMq5plBmPWlA/getUpdates "HTTP/1.1 200 OK"
2025-04-14 02:54:22,668 - httpx - INFO - HTTP Request: POST https://api.telegram.org/bot7690359419:AAFO0dgpL0IaAP44WCMtNOTPMq5plBmPWlA/getUpdates "HTTP/1.1 200 OK"
2025-04-14 02:54:32,701 - httpx - INFO - HTTP Request: POST https://api.telegram.org/bot7690359419:AAFO0dgpL0IaAP44WCMtNOTPMq5plBmPWlA/getUpdates "HTTP/1.1 200 OK"
2025-04-14 02:54:42,735 - httpx - INFO - HTTP Request: POST https://api.telegram.org/bot7690359419:AAFO0dgpL0IaAP44WCMtNOTPMq5plBmPWlA/getUpdates "HTTP/1.1 200 OK"
2025-04-14 02:54:52,779 - httpx - INFO - HTTP Request: POST https://api.telegram.org/bot7690359419:AAFO0dgpL0IaAP44WCMtNOTPMq5plBmPWlA/getUpdates "HTTP/1.1 200 OK"
2025-04-14 02:55:02,811 - httpx - INFO - HTTP Request: POST https://api.telegram.org/bot7690359419:AAFO0dgpL0IaAP44WCMtNOTPMq5plBmPWlA/getUpdates "HTTP/1.1 200 OK"
2025-04-14 02:55:12,843 - httpx - INFO - HTTP Request: POST https://api.telegram.org/bot7690359419:AAFO0dgpL0IaAP44WCMtNOTPMq5plBmPWlA/getUpdates "HTTP/1.1 200 OK"
2025-04-14 02:55:22,879 - httpx - INFO - HTTP Request: POST https://api.telegram.org/bot7690359419:AAFO0dgpL0IaAP44WCMtNOTPMq5plBmPWlA/getUpdates "HTTP/1.1 200 OK"
2025-04-14 02:55:32,912 - httpx - INFO - HTTP Request: POST https://api.telegram.org/bot7690359419:AAFO0dgpL0IaAP44WCMtNOTPMq5plBmPWlA/getUpdates "HTTP/1.1 200 OK"
2025-04-14 02:55:42,950 - httpx - INFO - HTTP Request: POST https://api.telegram.org/bot7690359419:AAFO0dgpL0IaAP44WCMtNOTPMq5plBmPWlA/getUpdates "HTTP/1.1 200 OK"
2025-04-14 02:55:52,984 - httpx - INFO - HTTP Request: POST https://api.telegram.org/bot7690359419:AAFO0dgpL0IaAP44WCMtNOTPMq5plBmPWlA/getUpdates "HTTP/1.1 200 OK"
2025-04-14 02:56:03,016 - httpx - INFO - HTTP Request: POST https://api.telegram.org/bot7690359419:AAFO0dgpL0IaAP44WCMtNOTPMq5plBmPWlA/getUpdates "HTTP/1.1 200 OK"
2025-04-14 02:56:13,048 - httpx - INFO - HTTP Request: POST https://api.telegram.org/bot7690359419:AAFO0dgpL0IaAP44WCMtNOTPMq5plBmPWlA/getUpdates "HTTP/1.1 200 OK"
2025-04-14 02:56:23,083 - httpx - INFO - HTTP Request: POST https://api.telegram.org/bot7690359419:AAFO0dgpL0IaAP44WCMtNOTPMq5plBmPWlA/getUpdates "HTTP/1.1 200 OK"
2025-04-14 02:56:33,117 - httpx - INFO - HTTP Request: POST https://api.telegram.org/bot7690359419:AAFO0dgpL0IaAP44WCMtNOTPMq5plBmPWlA/getUpdates "HTTP/1.1 200 OK"
2025-04-14 02:56:43,148 - httpx - INFO - HTTP Request: POST https://api.telegram.org/bot7690359419:AAFO0dgpL0IaAP44WCMtNOTPMq5plBmPWlA/getUpdates "HTTP/1.1 200 OK"
2025-04-14 02:56:53,180 - httpx - INFO - HTTP Request: POST https://api.telegram.org/bot7690359419:AAFO0dgpL0IaAP44WCMtNOTPMq5plBmPWlA/getUpdates "HTTP/1.1 200 OK"
2025-04-14 02:57:03,212 - httpx - INFO - HTTP Request: POST https://api.telegram.org/bot7690359419:AAFO0dgpL0IaAP44WCMtNOTPMq5plBmPWlA/getUpdates "HTTP/1.1 200 OK"
2025-04-14 02:57:13,330 - httpx - INFO - HTTP Request: POST https://api.telegram.org/bot7690359419:AAFO0dgpL0IaAP44WCMtNOTPMq5plBmPWlA/getUpdates "HTTP/1.1 200 OK"
2025-04-14 02:57:23,365 - httpx - INFO - HTTP Request: POST https://api.telegram.org/bot7690359419:AAFO0dgpL0IaAP44WCMtNOTPMq5plBmPWlA/getUpdates "HTTP/1.1 200 OK"
2025-04-14 02:57:33,402 - httpx - INFO - HTTP Request: POST https://api.telegram.org/bot7690359419:AAFO0dgpL0IaAP44WCMtNOTPMq5plBmPWlA/getUpdates "HTTP/1.1 200 OK"
2025-04-14 02:57:43,451 - httpx - INFO - HTTP Request: POST https://api.telegram.org/bot7690359419:AAFO0dgpL0IaAP44WCMtNOTPMq5plBmPWlA/getUpdates "HTTP/1.1 200 OK"
2025-04-14 02:57:53,492 - httpx - INFO - HTTP Request: POST https://api.telegram.org/bot7690359419:AAFO0dgpL0IaAP44WCMtNOTPMq5plBmPWlA/getUpdates "HTTP/1.1 200 OK"
2025-04-14 02:58:03,526 - httpx - INFO - HTTP Request: POST https://api.telegram.org/bot7690359419:AAFO0dgpL0IaAP44WCMtNOTPMq5plBmPWlA/getUpdates "HTTP/1.1 200 OK"
2025-04-14 02:58:13,560 - httpx - INFO - HTTP Request: POST https://api.telegram.org/bot7690359419:AAFO0dgpL0IaAP44WCMtNOTPMq5plBmPWlA/getUpdates "HTTP/1.1 200 OK"
2025-04-14 02:58:23,593 - httpx - INFO - HTTP Request: POST https://api.telegram.org/bot7690359419:AAFO0dgpL0IaAP44WCMtNOTPMq5plBmPWlA/getUpdates "HTTP/1.1 200 OK"
2025-04-14 02:58:33,626 - httpx - INFO - HTTP Request: POST https://api.telegram.org/bot7690359419:AAFO0dgpL0IaAP44WCMtNOTPMq5plBmPWlA/getUpdates "HTTP/1.1 200 OK"
2025-04-14 02:58:43,660 - httpx - INFO - HTTP Request: POST https://api.telegram.org/bot7690359419:AAFO0dgpL0IaAP44WCMtNOTPMq5plBmPWlA/getUpdates "HTTP/1.1 200 OK"
2025-04-14 02:58:53,727 - httpx - INFO - HTTP Request: POST https://api.telegram.org/bot7690359419:AAFO0dgpL0IaAP44WCMtNOTPMq5plBmPWlA/getUpdates "HTTP/1.1 200 OK"
2025-04-14 02:59:03,759 - httpx - INFO - HTTP Request: POST https://api.telegram.org/bot7690359419:AAFO0dgpL0IaAP44WCMtNOTPMq5plBmPWlA/getUpdates "HTTP/1.1 200 OK"
2025-04-14 02:59:13,797 - httpx - INFO - HTTP Request: POST https://api.telegram.org/bot7690359419:AAFO0dgpL0IaAP44WCMtNOTPMq5plBmPWlA/getUpdates "HTTP/1.1 200 OK"
2025-04-14 02:59:23,832 - httpx - INFO - HTTP Request: POST https://api.telegram.org/bot7690359419:AAFO0dgpL0IaAP44WCMtNOTPMq5plBmPWlA/getUpdates "HTTP/1.1 200 OK"
2025-04-14 02:59:33,866 - httpx - INFO - HTTP Request: POST https://api.telegram.org/bot7690359419:AAFO0dgpL0IaAP44WCMtNOTPMq5plBmPWlA/getUpdates "HTTP/1.1 200 OK"
2025-04-14 02:59:43,899 - httpx - INFO - HTTP Request: POST https://api.telegram.org/bot7690359419:AAFO0dgpL0IaAP44WCMtNOTPMq5plBmPWlA/getUpdates "HTTP/1.1 200 OK"
2025-04-14 02:59:53,935 - httpx - INFO - HTTP Request: POST https://api.telegram.org/bot7690359419:AAFO0dgpL0IaAP44WCMtNOTPMq5plBmPWlA/getUpdates "HTTP/1.1 200 OK"
2025-04-14 03:00:03,968 - httpx - INFO - HTTP Request: POST https://api.telegram.org/bot7690359419:AAFO0dgpL0IaAP44WCMtNOTPMq5plBmPWlA/getUpdates "HTTP/1.1 200 OK"
2025-04-14 03:00:14,003 - httpx - INFO - HTTP Request: POST https://api.telegram.org/bot7690359419:AAFO0dgpL0IaAP44WCMtNOTPMq5plBmPWlA/getUpdates "HTTP/1.1 200 OK"
2025-04-14 03:00:24,036 - httpx - INFO - HTTP Request: POST https://api.telegram.org/bot7690359419:AAFO0dgpL0IaAP44WCMtNOTPMq5plBmPWlA/getUpdates "HTTP/1.1 200 OK"
2025-04-14 03:00:34,070 - httpx - INFO - HTTP Request: POST https://api.telegram.org/bot7690359419:AAFO0dgpL0IaAP44WCMtNOTPMq5plBmPWlA/getUpdates "HTTP/1.1 200 OK"
2025-04-14 03:00:44,105 - httpx - INFO - HTTP Request: POST https://api.telegram.org/bot7690359419:AAFO0dgpL0IaAP44WCMtNOTPMq5plBmPWlA/getUpdates "HTTP/1.1 200 OK"
2025-04-14 03:00:54,144 - httpx - INFO - HTTP Request: POST https://api.telegram.org/bot7690359419:AAFO0dgpL0IaAP44WCMtNOTPMq5plBmPWlA/getUpdates "HTTP/1.1 200 OK"
2025-04-14 03:01:04,180 - httpx - INFO - HTTP Request: POST https://api.telegram.org/bot7690359419:AAFO0dgpL0IaAP44WCMtNOTPMq5plBmPWlA/getUpdates "HTTP/1.1 200 OK"
2025-04-14 03:01:14,215 - httpx - INFO - HTTP Request: POST https://api.telegram.org/bot7690359419:AAFO0dgpL0IaAP44WCMtNOTPMq5plBmPWlA/getUpdates "HTTP/1.1 200 OK"
2025-04-14 03:01:24,250 - httpx - INFO - HTTP Request: POST https://api.telegram.org/bot7690359419:AAFO0dgpL0IaAP44WCMtNOTPMq5plBmPWlA/getUpdates "HTTP/1.1 200 OK"
2025-04-14 03:01:34,287 - httpx - INFO - HTTP Request: POST https://api.telegram.org/bot7690359419:AAFO0dgpL0IaAP44WCMtNOTPMq5plBmPWlA/getUpdates "HTTP/1.1 200 OK"
2025-04-14 03:01:44,322 - httpx - INFO - HTTP Request: POST https://api.telegram.org/bot7690359419:AAFO0dgpL0IaAP44WCMtNOTPMq5plBmPWlA/getUpdates "HTTP/1.1 200 OK"
2025-04-14 03:01:54,356 - httpx - INFO - HTTP Request: POST https://api.telegram.org/bot7690359419:AAFO0dgpL0IaAP44WCMtNOTPMq5plBmPWlA/getUpdates "HTTP/1.1 200 OK"
2025-04-14 03:02:04,390 - httpx - INFO - HTTP Request: POST https://api.telegram.org/bot7690359419:AAFO0dgpL0IaAP44WCMtNOTPMq5plBmPWlA/getUpdates "HTTP/1.1 200 OK"
2025-04-14 03:02:14,422 - httpx - INFO - HTTP Request: POST https://api.telegram.org/bot7690359419:AAFO0dgpL0IaAP44WCMtNOTPMq5plBmPWlA/getUpdates "HTTP/1.1 200 OK"
2025-04-14 03:02:24,462 - httpx - INFO - HTTP Request: POST https://api.telegram.org/bot7690359419:AAFO0dgpL0IaAP44WCMtNOTPMq5plBmPWlA/getUpdates "HTTP/1.1 200 OK"
2025-04-14 03:02:34,499 - httpx - INFO - HTTP Request: POST https://api.telegram.org/bot7690359419:AAFO0dgpL0IaAP44WCMtNOTPMq5plBmPWlA/getUpdates "HTTP/1.1 200 OK"
2025-04-14 03:02:44,536 - httpx - INFO - HTTP Request: POST https://api.telegram.org/bot7690359419:AAFO0dgpL0IaAP44WCMtNOTPMq5plBmPWlA/getUpdates "HTTP/1.1 200 OK"
2025-04-14 03:02:54,571 - httpx - INFO - HTTP Request: POST https://api.telegram.org/bot7690359419:AAFO0dgpL0IaAP44WCMtNOTPMq5plBmPWlA/getUpdates "HTTP/1.1 200 OK"
2025-04-14 03:03:04,604 - httpx - INFO - HTTP Request: POST https://api.telegram.org/bot7690359419:AAFO0dgpL0IaAP44WCMtNOTPMq5plBmPWlA/getUpdates "HTTP/1.1 200 OK"
2025-04-14 03:03:14,641 - httpx - INFO - HTTP Request: POST https://api.telegram.org/bot7690359419:AAFO0dgpL0IaAP44WCMtNOTPMq5plBmPWlA/getUpdates "HTTP/1.1 200 OK"
2025-04-14 03:03:24,679 - httpx - INFO - HTTP Request: POST https://api.telegram.org/bot7690359419:AAFO0dgpL0IaAP44WCMtNOTPMq5plBmPWlA/getUpdates "HTTP/1.1 200 OK"
2025-04-14 03:03:34,712 - httpx - INFO - HTTP Request: POST https://api.telegram.org/bot7690359419:AAFO0dgpL0IaAP44WCMtNOTPMq5plBmPWlA/getUpdates "HTTP/1.1 200 OK"
2025-04-14 03:03:44,748 - httpx - INFO - HTTP Request: POST https://api.telegram.org/bot7690359419:AAFO0dgpL0IaAP44WCMtNOTPMq5plBmPWlA/getUpdates "HTTP/1.1 200 OK"
2025-04-14 03:03:54,785 - httpx - INFO - HTTP Request: POST https://api.telegram.org/bot7690359419:AAFO0dgpL0IaAP44WCMtNOTPMq5plBmPWlA/getUpdates "HTTP/1.1 200 OK"
2025-04-14 03:04:04,818 - httpx - INFO - HTTP Request: POST https://api.telegram.org/bot7690359419:AAFO0dgpL0IaAP44WCMtNOTPMq5plBmPWlA/getUpdates "HTTP/1.1 200 OK"
2025-04-14 03:04:14,854 - httpx - INFO - HTTP Request: POST https://api.telegram.org/bot7690359419:AAFO0dgpL0IaAP44WCMtNOTPMq5plBmPWlA/getUpdates "HTTP/1.1 200 OK"
2025-04-14 03:04:24,891 - httpx - INFO - HTTP Request: POST https://api.telegram.org/bot7690359419:AAFO0dgpL0IaAP44WCMtNOTPMq5plBmPWlA/getUpdates "HTTP/1.1 200 OK"
2025-04-14 03:04:34,924 - httpx - INFO - HTTP Request: POST https://api.telegram.org/bot7690359419:AAFO0dgpL0IaAP44WCMtNOTPMq5plBmPWlA/getUpdates "HTTP/1.1 200 OK"
2025-04-14 03:04:44,957 - httpx - INFO - HTTP Request: POST https://api.telegram.org/bot7690359419:AAFO0dgpL0IaAP44WCMtNOTPMq5plBmPWlA/getUpdates "HTTP/1.1 200 OK"
2025-04-14 03:04:54,994 - httpx - INFO - HTTP Request: POST https://api.telegram.org/bot7690359419:AAFO0dgpL0IaAP44WCMtNOTPMq5plBmPWlA/getUpdates "HTTP/1.1 200 OK"
2025-04-14 03:05:05,029 - httpx - INFO - HTTP Request: POST https://api.telegram.org/bot7690359419:AAFO0dgpL0IaAP44WCMtNOTPMq5plBmPWlA/getUpdates "HTTP/1.1 200 OK"
2025-04-14 03:05:15,061 - httpx - INFO - HTTP Request: POST https://api.telegram.org/bot7690359419:AAFO0dgpL0IaAP44WCMtNOTPMq5plBmPWlA/getUpdates "HTTP/1.1 200 OK"
2025-04-14 03:05:25,095 - httpx - INFO - HTTP Request: POST https://api.telegram.org/bot7690359419:AAFO0dgpL0IaAP44WCMtNOTPMq5plBmPWlA/getUpdates "HTTP/1.1 200 OK"
2025-04-14 03:05:35,134 - httpx - INFO - HTTP Request: POST https://api.telegram.org/bot7690359419:AAFO0dgpL0IaAP44WCMtNOTPMq5plBmPWlA/getUpdates "HTTP/1.1 200 OK"
2025-04-14 03:05:45,166 - httpx - INFO - HTTP Request: POST https://api.telegram.org/bot7690359419:AAFO0dgpL0IaAP44WCMtNOTPMq5plBmPWlA/getUpdates "HTTP/1.1 200 OK"
2025-04-14 03:05:55,205 - httpx - INFO - HTTP Request: POST https://api.telegram.org/bot7690359419:AAFO0dgpL0IaAP44WCMtNOTPMq5plBmPWlA/getUpdates "HTTP/1.1 200 OK"
2025-04-14 03:06:05,238 - httpx - INFO - HTTP Request: POST https://api.telegram.org/bot7690359419:AAFO0dgpL0IaAP44WCMtNOTPMq5plBmPWlA/getUpdates "HTTP/1.1 200 OK"
2025-04-14 03:06:15,274 - httpx - INFO - HTTP Request: POST https://api.telegram.org/bot7690359419:AAFO0dgpL0IaAP44WCMtNOTPMq5plBmPWlA/getUpdates "HTTP/1.1 200 OK"
2025-04-14 03:06:25,308 - httpx - INFO - HTTP Request: POST https://api.telegram.org/bot7690359419:AAFO0dgpL0IaAP44WCMtNOTPMq5plBmPWlA/getUpdates "HTTP/1.1 200 OK"
2025-04-14 03:06:35,341 - httpx - INFO - HTTP Request: POST https://api.telegram.org/bot7690359419:AAFO0dgpL0IaAP44WCMtNOTPMq5plBmPWlA/getUpdates "HTTP/1.1 200 OK"
2025-04-14 03:06:45,376 - httpx - INFO - HTTP Request: POST https://api.telegram.org/bot7690359419:AAFO0dgpL0IaAP44WCMtNOTPMq5plBmPWlA/getUpdates "HTTP/1.1 200 OK"
2025-04-14 03:06:55,412 - httpx - INFO - HTTP Request: POST https://api.telegram.org/bot7690359419:AAFO0dgpL0IaAP44WCMtNOTPMq5plBmPWlA/getUpdates "HTTP/1.1 200 OK"
2025-04-14 03:07:05,449 - httpx - INFO - HTTP Request: POST https://api.telegram.org/bot7690359419:AAFO0dgpL0IaAP44WCMtNOTPMq5plBmPWlA/getUpdates "HTTP/1.1 200 OK"
2025-04-14 03:07:15,481 - httpx - INFO - HTTP Request: POST https://api.telegram.org/bot7690359419:AAFO0dgpL0IaAP44WCMtNOTPMq5plBmPWlA/getUpdates "HTTP/1.1 200 OK"
2025-04-14 03:07:25,518 - httpx - INFO - HTTP Request: POST https://api.telegram.org/bot7690359419:AAFO0dgpL0IaAP44WCMtNOTPMq5plBmPWlA/getUpdates "HTTP/1.1 200 OK"
2025-04-14 03:07:35,552 - httpx - INFO - HTTP Request: POST https://api.telegram.org/bot7690359419:AAFO0dgpL0IaAP44WCMtNOTPMq5plBmPWlA/getUpdates "HTTP/1.1 200 OK"
2025-04-14 03:07:45,587 - httpx - INFO - HTTP Request: POST https://api.telegram.org/bot7690359419:AAFO0dgpL0IaAP44WCMtNOTPMq5plBmPWlA/getUpdates "HTTP/1.1 200 OK"
2025-04-14 03:07:55,618 - httpx - INFO - HTTP Request: POST https://api.telegram.org/bot7690359419:AAFO0dgpL0IaAP44WCMtNOTPMq5plBmPWlA/getUpdates "HTTP/1.1 200 OK"
2025-04-14 03:08:05,652 - httpx - INFO - HTTP Request: POST https://api.telegram.org/bot7690359419:AAFO0dgpL0IaAP44WCMtNOTPMq5plBmPWlA/getUpdates "HTTP/1.1 200 OK"
2025-04-14 03:08:15,685 - httpx - INFO - HTTP Request: POST https://api.telegram.org/bot7690359419:AAFO0dgpL0IaAP44WCMtNOTPMq5plBmPWlA/getUpdates "HTTP/1.1 200 OK"
2025-04-14 03:08:25,717 - httpx - INFO - HTTP Request: POST https://api.telegram.org/bot7690359419:AAFO0dgpL0IaAP44WCMtNOTPMq5plBmPWlA/getUpdates "HTTP/1.1 200 OK"
2025-04-14 03:08:35,753 - httpx - INFO - HTTP Request: POST https://api.telegram.org/bot7690359419:AAFO0dgpL0IaAP44WCMtNOTPMq5plBmPWlA/getUpdates "HTTP/1.1 200 OK"
2025-04-14 03:08:38,234 - httpx - INFO - HTTP Request: POST https://api.telegram.org/bot7690359419:AAFO0dgpL0IaAP44WCMtNOTPMq5plBmPWlA/getUpdates "HTTP/1.1 200 OK"
2025-04-14 03:08:38,404 - httpx - INFO - HTTP Request: POST https://api.telegram.org/bot7690359419:AAFO0dgpL0IaAP44WCMtNOTPMq5plBmPWlA/sendMessage "HTTP/1.1 200 OK"
2025-04-14 03:08:38,405 - root - INFO - Начало загрузки видео по ссылке: https://youtu.be/XC4PV3Wi0O4
2025-04-14 03:08:47,688 - httpx - INFO - HTTP Request: POST https://api.telegram.org/bot7690359419:AAFO0dgpL0IaAP44WCMtNOTPMq5plBmPWlA/sendVideo "HTTP/1.1 200 OK"
2025-04-14 03:08:47,689 - root - INFO - Видео успешно отправлено в чат: -1002559211865_video.mp4
2025-04-14 03:08:48,276 - httpx - INFO - HTTP Request: POST https://api.telegram.org/bot7690359419:AAFO0dgpL0IaAP44WCMtNOTPMq5plBmPWlA/getUpdates "HTTP/1.1 200 OK"
2025-04-14 03:08:58,313 - httpx - INFO - HTTP Request: POST https://api.telegram.org/bot7690359419:AAFO0dgpL0IaAP44WCMtNOTPMq5plBmPWlA/getUpdates "HTTP/1.1 200 OK"
2025-04-14 03:09:08,363 - httpx - INFO - HTTP Request: POST https://api.telegram.org/bot7690359419:AAFO0dgpL0IaAP44WCMtNOTPMq5plBmPWlA/getUpdates "HTTP/1.1 200 OK"
2025-04-14 03:09:18,398 - httpx - INFO - HTTP Request: POST https://api.telegram.org/bot7690359419:AAFO0dgpL0IaAP44WCMtNOTPMq5plBmPWlA/getUpdates "HTTP/1.1 200 OK"
2025-04-14 03:09:28,438 - httpx - INFO - HTTP Request: POST https://api.telegram.org/bot7690359419:AAFO0dgpL0IaAP44WCMtNOTPMq5plBmPWlA/getUpdates "HTTP/1.1 200 OK"
2025-04-14 03:09:38,478 - httpx - INFO - HTTP Request: POST https://api.telegram.org/bot7690359419:AAFO0dgpL0IaAP44WCMtNOTPMq5plBmPWlA/getUpdates "HTTP/1.1 200 OK"
2025-04-14 03:09:48,513 - httpx - INFO - HTTP Request: POST https://api.telegram.org/bot7690359419:AAFO0dgpL0IaAP44WCMtNOTPMq5plBmPWlA/getUpdates "HTTP/1.1 200 OK"
2025-04-14 03:09:58,548 - httpx - INFO - HTTP Request: POST https://api.telegram.org/bot7690359419:AAFO0dgpL0IaAP44WCMtNOTPMq5plBmPWlA/getUpdates "HTTP/1.1 200 OK"
2025-04-14 03:10:08,581 - httpx - INFO - HTTP Request: POST https://api.telegram.org/bot7690359419:AAFO0dgpL0IaAP44WCMtNOTPMq5plBmPWlA/getUpdates "HTTP/1.1 200 OK"
2025-04-14 03:10:18,617 - httpx - INFO - HTTP Request: POST https://api.telegram.org/bot7690359419:AAFO0dgpL0IaAP44WCMtNOTPMq5plBmPWlA/getUpdates "HTTP/1.1 200 OK"
2025-04-14 03:10:19,088 - httpx - INFO - HTTP Request: POST https://api.telegram.org/bot7690359419:AAFO0dgpL0IaAP44WCMtNOTPMq5plBmPWlA/getUpdates "HTTP/1.1 200 OK"
2025-04-14 03:10:19,089 - root - INFO - Сообщение не содержит ссылку на поддерживаемый ресурс.
2025-04-14 03:10:29,121 - httpx - INFO - HTTP Request: POST https://api.telegram.org/bot7690359419:AAFO0dgpL0IaAP44WCMtNOTPMq5plBmPWlA/getUpdates "HTTP/1.1 200 OK"
2025-04-14 03:10:39,154 - httpx - INFO - HTTP Request: POST https://api.telegram.org/bot7690359419:AAFO0dgpL0IaAP44WCMtNOTPMq5plBmPWlA/getUpdates "HTTP/1.1 200 OK"
2025-04-14 03:10:49,191 - httpx - INFO - HTTP Request: POST https://api.telegram.org/bot7690359419:AAFO0dgpL0IaAP44WCMtNOTPMq5plBmPWlA/getUpdates "HTTP/1.1 200 OK"
2025-04-14 03:10:59,225 - httpx - INFO - HTTP Request: POST https://api.telegram.org/bot7690359419:AAFO0dgpL0IaAP44WCMtNOTPMq5plBmPWlA/getUpdates "HTTP/1.1 200 OK"
2025-04-14 03:11:09,259 - httpx - INFO - HTTP Request: POST https://api.telegram.org/bot7690359419:AAFO0dgpL0IaAP44WCMtNOTPMq5plBmPWlA/getUpdates "HTTP/1.1 200 OK"
2025-04-14 03:11:11,611 - httpx - INFO - HTTP Request: POST https://api.telegram.org/bot7690359419:AAFO0dgpL0IaAP44WCMtNOTPMq5plBmPWlA/getUpdates "HTTP/1.1 200 OK"
2025-04-14 03:11:11,613 - root - INFO - Сообщение не содержит ссылку на поддерживаемый ресурс.
2025-04-14 03:11:21,655 - httpx - INFO - HTTP Request: POST https://api.telegram.org/bot7690359419:AAFO0dgpL0IaAP44WCMtNOTPMq5plBmPWlA/getUpdates "HTTP/1.1 200 OK"
2025-04-14 03:11:31,689 - httpx - INFO - HTTP Request: POST https://api.telegram.org/bot7690359419:AAFO0dgpL0IaAP44WCMtNOTPMq5plBmPWlA/getUpdates "HTTP/1.1 200 OK"
2025-04-14 03:11:41,732 - httpx - INFO - HTTP Request: POST https://api.telegram.org/bot7690359419:AAFO0dgpL0IaAP44WCMtNOTPMq5plBmPWlA/getUpdates "HTTP/1.1 200 OK"
2025-04-14 03:11:51,771 - httpx - INFO - HTTP Request: POST https://api.telegram.org/bot7690359419:AAFO0dgpL0IaAP44WCMtNOTPMq5plBmPWlA/getUpdates "HTTP/1.1 200 OK"
2025-04-14 03:12:01,806 - httpx - INFO - HTTP Request: POST https://api.telegram.org/bot7690359419:AAFO0dgpL0IaAP44WCMtNOTPMq5plBmPWlA/getUpdates "HTTP/1.1 200 OK"
2025-04-14 03:12:11,854 - httpx - INFO - HTTP Request: POST https://api.telegram.org/bot7690359419:AAFO0dgpL0IaAP44WCMtNOTPMq5plBmPWlA/getUpdates "HTTP/1.1 200 OK"
2025-04-14 03:12:17,814 - httpx - INFO - HTTP Request: POST https://api.telegram.org/bot7690359419:AAFO0dgpL0IaAP44WCMtNOTPMq5plBmPWlA/getUpdates "HTTP/1.1 200 OK"
2025-04-14 03:12:17,815 - root - INFO - Сообщение не содержит ссылку на поддерживаемый ресурс.
2025-04-14 03:12:27,853 - httpx - INFO - HTTP Request: POST https://api.telegram.org/bot7690359419:AAFO0dgpL0IaAP44WCMtNOTPMq5plBmPWlA/getUpdates "HTTP/1.1 200 OK"
2025-04-14 03:12:37,886 - httpx - INFO - HTTP Request: POST https://api.telegram.org/bot7690359419:AAFO0dgpL0IaAP44WCMtNOTPMq5plBmPWlA/getUpdates "HTTP/1.1 200 OK"
2025-04-14 03:12:47,923 - httpx - INFO - HTTP Request: POST https://api.telegram.org/bot7690359419:AAFO0dgpL0IaAP44WCMtNOTPMq5plBmPWlA/getUpdates "HTTP/1.1 200 OK"
2025-04-14 03:12:57,957 - httpx - INFO - HTTP Request: POST https://api.telegram.org/bot7690359419:AAFO0dgpL0IaAP44WCMtNOTPMq5plBmPWlA/getUpdates "HTTP/1.1 200 OK"
2025-04-14 03:13:07,989 - httpx - INFO - HTTP Request: POST https://api.telegram.org/bot7690359419:AAFO0dgpL0IaAP44WCMtNOTPMq5plBmPWlA/getUpdates "HTTP/1.1 200 OK"
2025-04-14 03:13:18,034 - httpx - INFO - HTTP Request: POST https://api.telegram.org/bot7690359419:AAFO0dgpL0IaAP44WCMtNOTPMq5plBmPWlA/getUpdates "HTTP/1.1 200 OK"
2025-04-14 03:13:28,152 - httpx - INFO - HTTP Request: POST https://api.telegram.org/bot7690359419:AAFO0dgpL0IaAP44WCMtNOTPMq5plBmPWlA/getUpdates "HTTP/1.1 200 OK"
2025-04-14 03:13:32,484 - httpx - INFO - HTTP Request: POST https://api.telegram.org/bot7690359419:AAFO0dgpL0IaAP44WCMtNOTPMq5plBmPWlA/getUpdates "HTTP/1.1 200 OK"
2025-04-14 03:13:32,484 - root - INFO - Сообщение не содержит ссылку на поддерживаемый ресурс.
2025-04-14 03:13:42,519 - httpx - INFO - HTTP Request: POST https://api.telegram.org/bot7690359419:AAFO0dgpL0IaAP44WCMtNOTPMq5plBmPWlA/getUpdates "HTTP/1.1 200 OK"
2025-04-14 03:13:52,553 - httpx - INFO - HTTP Request: POST https://api.telegram.org/bot7690359419:AAFO0dgpL0IaAP44WCMtNOTPMq5plBmPWlA/getUpdates "HTTP/1.1 200 OK"
2025-04-14 03:14:02,588 - httpx - INFO - HTTP Request: POST https://api.telegram.org/bot7690359419:AAFO0dgpL0IaAP44WCMtNOTPMq5plBmPWlA/getUpdates "HTTP/1.1 200 OK"
2025-04-14 03:14:11,790 - httpx - INFO - HTTP Request: POST https://api.telegram.org/bot7690359419:AAFO0dgpL0IaAP44WCMtNOTPMq5plBmPWlA/getUpdates "HTTP/1.1 200 OK"
2025-04-14 03:14:11,791 - root - INFO - Сообщение не содержит ссылку на поддерживаемый ресурс.
2025-04-14 03:14:21,823 - httpx - INFO - HTTP Request: POST https://api.telegram.org/bot7690359419:AAFO0dgpL0IaAP44WCMtNOTPMq5plBmPWlA/getUpdates "HTTP/1.1 200 OK"
2025-04-14 03:14:31,864 - httpx - INFO - HTTP Request: POST https://api.telegram.org/bot7690359419:AAFO0dgpL0IaAP44WCMtNOTPMq5plBmPWlA/getUpdates "HTTP/1.1 200 OK"
2025-04-14 03:14:41,895 - httpx - INFO - HTTP Request: POST https://api.telegram.org/bot7690359419:AAFO0dgpL0IaAP44WCMtNOTPMq5plBmPWlA/getUpdates "HTTP/1.1 200 OK"
2025-04-14 03:14:51,932 - httpx - INFO - HTTP Request: POST https://api.telegram.org/bot7690359419:AAFO0dgpL0IaAP44WCMtNOTPMq5plBmPWlA/getUpdates "HTTP/1.1 200 OK"
2025-04-14 03:15:01,967 - httpx - INFO - HTTP Request: POST https://api.telegram.org/bot7690359419:AAFO0dgpL0IaAP44WCMtNOTPMq5plBmPWlA/getUpdates "HTTP/1.1 200 OK"
2025-04-14 03:15:12,000 - httpx - INFO - HTTP Request: POST https://api.telegram.org/bot7690359419:AAFO0dgpL0IaAP44WCMtNOTPMq5plBmPWlA/getUpdates "HTTP/1.1 200 OK"
2025-04-14 03:15:22,031 - httpx - INFO - HTTP Request: POST https://api.telegram.org/bot7690359419:AAFO0dgpL0IaAP44WCMtNOTPMq5plBmPWlA/getUpdates "HTTP/1.1 200 OK"
2025-04-14 03:15:32,063 - httpx - INFO - HTTP Request: POST https://api.telegram.org/bot7690359419:AAFO0dgpL0IaAP44WCMtNOTPMq5plBmPWlA/getUpdates "HTTP/1.1 200 OK"
2025-04-14 03:15:42,095 - httpx - INFO - HTTP Request: POST https://api.telegram.org/bot7690359419:AAFO0dgpL0IaAP44WCMtNOTPMq5plBmPWlA/getUpdates "HTTP/1.1 200 OK"
2025-04-14 03:15:52,128 - httpx - INFO - HTTP Request: POST https://api.telegram.org/bot7690359419:AAFO0dgpL0IaAP44WCMtNOTPMq5plBmPWlA/getUpdates "HTTP/1.1 200 OK"
2025-04-14 03:16:02,164 - httpx - INFO - HTTP Request: POST https://api.telegram.org/bot7690359419:AAFO0dgpL0IaAP44WCMtNOTPMq5plBmPWlA/getUpdates "HTTP/1.1 200 OK"
2025-04-14 03:16:12,196 - httpx - INFO - HTTP Request: POST https://api.telegram.org/bot7690359419:AAFO0dgpL0IaAP44WCMtNOTPMq5plBmPWlA/getUpdates "HTTP/1.1 200 OK"
2025-04-14 03:16:22,230 - httpx - INFO - HTTP Request: POST https://api.telegram.org/bot7690359419:AAFO0dgpL0IaAP44WCMtNOTPMq5plBmPWlA/getUpdates "HTTP/1.1 200 OK"
2025-04-14 03:16:32,265 - httpx - INFO - HTTP Request: POST https://api.telegram.org/bot7690359419:AAFO0dgpL0IaAP44WCMtNOTPMq5plBmPWlA/getUpdates "HTTP/1.1 200 OK"
2025-04-14 03:16:42,303 - httpx - INFO - HTTP Request: POST https://api.telegram.org/bot7690359419:AAFO0dgpL0IaAP44WCMtNOTPMq5plBmPWlA/getUpdates "HTTP/1.1 200 OK"
2025-04-14 03:16:52,353 - httpx - INFO - HTTP Request: POST https://api.telegram.org/bot7690359419:AAFO0dgpL0IaAP44WCMtNOTPMq5plBmPWlA/getUpdates "HTTP/1.1 200 OK"
2025-04-14 03:17:02,387 - httpx - INFO - HTTP Request: POST https://api.telegram.org/bot7690359419:AAFO0dgpL0IaAP44WCMtNOTPMq5plBmPWlA/getUpdates "HTTP/1.1 200 OK"
2025-04-14 03:17:12,437 - httpx - INFO - HTTP Request: POST https://api.telegram.org/bot7690359419:AAFO0dgpL0IaAP44WCMtNOTPMq5plBmPWlA/getUpdates "HTTP/1.1 200 OK"
2025-04-14 03:17:22,470 - httpx - INFO - HTTP Request: POST https://api.telegram.org/bot7690359419:AAFO0dgpL0IaAP44WCMtNOTPMq5plBmPWlA/getUpdates "HTTP/1.1 200 OK"
2025-04-14 03:17:32,507 - httpx - INFO - HTTP Request: POST https://api.telegram.org/bot7690359419:AAFO0dgpL0IaAP44WCMtNOTPMq5plBmPWlA/getUpdates "HTTP/1.1 200 OK"
2025-04-14 03:17:42,540 - httpx - INFO - HTTP Request: POST https://api.telegram.org/bot7690359419:AAFO0dgpL0IaAP44WCMtNOTPMq5plBmPWlA/getUpdates "HTTP/1.1 200 OK"
2025-04-14 03:17:52,572 - httpx - INFO - HTTP Request: POST https://api.telegram.org/bot7690359419:AAFO0dgpL0IaAP44WCMtNOTPMq5plBmPWlA/getUpdates "HTTP/1.1 200 OK"
2025-04-14 03:18:02,606 - httpx - INFO - HTTP Request: POST https://api.telegram.org/bot7690359419:AAFO0dgpL0IaAP44WCMtNOTPMq5plBmPWlA/getUpdates "HTTP/1.1 200 OK"
2025-04-14 03:18:12,653 - httpx - INFO - HTTP Request: POST https://api.telegram.org/bot7690359419:AAFO0dgpL0IaAP44WCMtNOTPMq5plBmPWlA/getUpdates "HTTP/1.1 200 OK"
2025-04-14 03:18:22,688 - httpx - INFO - HTTP Request: POST https://api.telegram.org/bot7690359419:AAFO0dgpL0IaAP44WCMtNOTPMq5plBmPWlA/getUpdates "HTTP/1.1 200 OK"
2025-04-14 03:18:32,734 - httpx - INFO - HTTP Request: POST https://api.telegram.org/bot7690359419:AAFO0dgpL0IaAP44WCMtNOTPMq5plBmPWlA/getUpdates "HTTP/1.1 200 OK"
2025-04-14 03:18:42,767 - httpx - INFO - HTTP Request: POST https://api.telegram.org/bot7690359419:AAFO0dgpL0IaAP44WCMtNOTPMq5plBmPWlA/getUpdates "HTTP/1.1 200 OK"
2025-04-14 03:18:52,803 - httpx - INFO - HTTP Request: POST https://api.telegram.org/bot7690359419:AAFO0dgpL0IaAP44WCMtNOTPMq5plBmPWlA/getUpdates "HTTP/1.1 200 OK"
2025-04-14 03:19:02,839 - httpx - INFO - HTTP Request: POST https://api.telegram.org/bot7690359419:AAFO0dgpL0IaAP44WCMtNOTPMq5plBmPWlA/getUpdates "HTTP/1.1 200 OK"
2025-04-14 03:19:12,872 - httpx - INFO - HTTP Request: POST https://api.telegram.org/bot7690359419:AAFO0dgpL0IaAP44WCMtNOTPMq5plBmPWlA/getUpdates "HTTP/1.1 200 OK"
2025-04-14 03:19:22,905 - httpx - INFO - HTTP Request: POST https://api.telegram.org/bot7690359419:AAFO0dgpL0IaAP44WCMtNOTPMq5plBmPWlA/getUpdates "HTTP/1.1 200 OK"
2025-04-14 03:19:32,939 - httpx - INFO - HTTP Request: POST https://api.telegram.org/bot7690359419:AAFO0dgpL0IaAP44WCMtNOTPMq5plBmPWlA/getUpdates "HTTP/1.1 200 OK"
2025-04-14 03:19:42,978 - httpx - INFO - HTTP Request: POST https://api.telegram.org/bot7690359419:AAFO0dgpL0IaAP44WCMtNOTPMq5plBmPWlA/getUpdates "HTTP/1.1 200 OK"
2025-04-14 03:19:53,013 - httpx - INFO - HTTP Request: POST https://api.telegram.org/bot7690359419:AAFO0dgpL0IaAP44WCMtNOTPMq5plBmPWlA/getUpdates "HTTP/1.1 200 OK"
2025-04-14 03:20:03,047 - httpx - INFO - HTTP Request: POST https://api.telegram.org/bot7690359419:AAFO0dgpL0IaAP44WCMtNOTPMq5plBmPWlA/getUpdates "HTTP/1.1 200 OK"
2025-04-14 03:20:13,078 - httpx - INFO - HTTP Request: POST https://api.telegram.org/bot7690359419:AAFO0dgpL0IaAP44WCMtNOTPMq5plBmPWlA/getUpdates "HTTP/1.1 200 OK"
2025-04-14 03:20:23,131 - httpx - INFO - HTTP Request: POST https://api.telegram.org/bot7690359419:AAFO0dgpL0IaAP44WCMtNOTPMq5plBmPWlA/getUpdates "HTTP/1.1 200 OK"
2025-04-14 03:20:33,164 - httpx - INFO - HTTP Request: POST https://api.telegram.org/bot7690359419:AAFO0dgpL0IaAP44WCMtNOTPMq5plBmPWlA/getUpdates "HTTP/1.1 200 OK"
2025-04-14 03:20:43,198 - httpx - INFO - HTTP Request: POST https://api.telegram.org/bot7690359419:AAFO0dgpL0IaAP44WCMtNOTPMq5plBmPWlA/getUpdates "HTTP/1.1 200 OK"
2025-04-14 03:20:53,231 - httpx - INFO - HTTP Request: POST https://api.telegram.org/bot7690359419:AAFO0dgpL0IaAP44WCMtNOTPMq5plBmPWlA/getUpdates "HTTP/1.1 200 OK"
2025-04-14 03:21:03,264 - httpx - INFO - HTTP Request: POST https://api.telegram.org/bot7690359419:AAFO0dgpL0IaAP44WCMtNOTPMq5plBmPWlA/getUpdates "HTTP/1.1 200 OK"
2025-04-14 03:21:13,295 - httpx - INFO - HTTP Request: POST https://api.telegram.org/bot7690359419:AAFO0dgpL0IaAP44WCMtNOTPMq5plBmPWlA/getUpdates "HTTP/1.1 200 OK"
2025-04-14 03:21:23,329 - httpx - INFO - HTTP Request: POST https://api.telegram.org/bot7690359419:AAFO0dgpL0IaAP44WCMtNOTPMq5plBmPWlA/getUpdates "HTTP/1.1 200 OK"
2025-04-14 03:21:33,362 - httpx - INFO - HTTP Request: POST https://api.telegram.org/bot7690359419:AAFO0dgpL0IaAP44WCMtNOTPMq5plBmPWlA/getUpdates "HTTP/1.1 200 OK"
2025-04-14 03:21:43,394 - httpx - INFO - HTTP Request: POST https://api.telegram.org/bot7690359419:AAFO0dgpL0IaAP44WCMtNOTPMq5plBmPWlA/getUpdates "HTTP/1.1 200 OK"
2025-04-14 03:21:53,427 - httpx - INFO - HTTP Request: POST https://api.telegram.org/bot7690359419:AAFO0dgpL0IaAP44WCMtNOTPMq5plBmPWlA/getUpdates "HTTP/1.1 200 OK"
2025-04-14 03:22:03,467 - httpx - INFO - HTTP Request: POST https://api.telegram.org/bot7690359419:AAFO0dgpL0IaAP44WCMtNOTPMq5plBmPWlA/getUpdates "HTTP/1.1 200 OK"
2025-04-14 03:22:13,502 - httpx - INFO - HTTP Request: POST https://api.telegram.org/bot7690359419:AAFO0dgpL0IaAP44WCMtNOTPMq5plBmPWlA/getUpdates "HTTP/1.1 200 OK"
2025-04-14 03:22:23,535 - httpx - INFO - HTTP Request: POST https://api.telegram.org/bot7690359419:AAFO0dgpL0IaAP44WCMtNOTPMq5plBmPWlA/getUpdates "HTTP/1.1 200 OK"
2025-04-14 03:22:33,568 - httpx - INFO - HTTP Request: POST https://api.telegram.org/bot7690359419:AAFO0dgpL0IaAP44WCMtNOTPMq5plBmPWlA/getUpdates "HTTP/1.1 200 OK"
2025-04-14 03:22:43,599 - httpx - INFO - HTTP Request: POST https://api.telegram.org/bot7690359419:AAFO0dgpL0IaAP44WCMtNOTPMq5plBmPWlA/getUpdates "HTTP/1.1 200 OK"
2025-04-14 03:22:53,632 - httpx - INFO - HTTP Request: POST https://api.telegram.org/bot7690359419:AAFO0dgpL0IaAP44WCMtNOTPMq5plBmPWlA/getUpdates "HTTP/1.1 200 OK"
2025-04-14 03:23:03,667 - httpx - INFO - HTTP Request: POST https://api.telegram.org/bot7690359419:AAFO0dgpL0IaAP44WCMtNOTPMq5plBmPWlA/getUpdates "HTTP/1.1 200 OK"
2025-04-14 03:23:13,699 - httpx - INFO - HTTP Request: POST https://api.telegram.org/bot7690359419:AAFO0dgpL0IaAP44WCMtNOTPMq5plBmPWlA/getUpdates "HTTP/1.1 200 OK"
2025-04-14 03:23:23,732 - httpx - INFO - HTTP Request: POST https://api.telegram.org/bot7690359419:AAFO0dgpL0IaAP44WCMtNOTPMq5plBmPWlA/getUpdates "HTTP/1.1 200 OK"
2025-04-14 03:23:33,765 - httpx - INFO - HTTP Request: POST https://api.telegram.org/bot7690359419:AAFO0dgpL0IaAP44WCMtNOTPMq5plBmPWlA/getUpdates "HTTP/1.1 200 OK"
2025-04-14 03:23:43,799 - httpx - INFO - HTTP Request: POST https://api.telegram.org/bot7690359419:AAFO0dgpL0IaAP44WCMtNOTPMq5plBmPWlA/getUpdates "HTTP/1.1 200 OK"
2025-04-14 03:23:53,835 - httpx - INFO - HTTP Request: POST https://api.telegram.org/bot7690359419:AAFO0dgpL0IaAP44WCMtNOTPMq5plBmPWlA/getUpdates "HTTP/1.1 200 OK"
2025-04-14 03:24:03,868 - httpx - INFO - HTTP Request: POST https://api.telegram.org/bot7690359419:AAFO0dgpL0IaAP44WCMtNOTPMq5plBmPWlA/getUpdates "HTTP/1.1 200 OK"
2025-04-14 03:24:13,901 - httpx - INFO - HTTP Request: POST https://api.telegram.org/bot7690359419:AAFO0dgpL0IaAP44WCMtNOTPMq5plBmPWlA/getUpdates "HTTP/1.1 200 OK"
2025-04-14 03:24:23,933 - httpx - INFO - HTTP Request: POST https://api.telegram.org/bot7690359419:AAFO0dgpL0IaAP44WCMtNOTPMq5plBmPWlA/getUpdates "HTTP/1.1 200 OK"
2025-04-14 03:24:33,969 - httpx - INFO - HTTP Request: POST https://api.telegram.org/bot7690359419:AAFO0dgpL0IaAP44WCMtNOTPMq5plBmPWlA/getUpdates "HTTP/1.1 200 OK"
2025-04-14 03:24:44,001 - httpx - INFO - HTTP Request: POST https://api.telegram.org/bot7690359419:AAFO0dgpL0IaAP44WCMtNOTPMq5plBmPWlA/getUpdates "HTTP/1.1 200 OK"
2025-04-14 03:24:54,035 - httpx - INFO - HTTP Request: POST https://api.telegram.org/bot7690359419:AAFO0dgpL0IaAP44WCMtNOTPMq5plBmPWlA/getUpdates "HTTP/1.1 200 OK"
2025-04-14 03:25:04,073 - httpx - INFO - HTTP Request: POST https://api.telegram.org/bot7690359419:AAFO0dgpL0IaAP44WCMtNOTPMq5plBmPWlA/getUpdates "HTTP/1.1 200 OK"
2025-04-14 03:25:14,107 - httpx - INFO - HTTP Request: POST https://api.telegram.org/bot7690359419:AAFO0dgpL0IaAP44WCMtNOTPMq5plBmPWlA/getUpdates "HTTP/1.1 200 OK"
2025-04-14 03:25:24,139 - httpx - INFO - HTTP Request: POST https://api.telegram.org/bot7690359419:AAFO0dgpL0IaAP44WCMtNOTPMq5plBmPWlA/getUpdates "HTTP/1.1 200 OK"
2025-04-14 03:25:34,173 - httpx - INFO - HTTP Request: POST https://api.telegram.org/bot7690359419:AAFO0dgpL0IaAP44WCMtNOTPMq5plBmPWlA/getUpdates "HTTP/1.1 200 OK"
2025-04-14 03:25:44,207 - httpx - INFO - HTTP Request: POST https://api.telegram.org/bot7690359419:AAFO0dgpL0IaAP44WCMtNOTPMq5plBmPWlA/getUpdates "HTTP/1.1 200 OK"
2025-04-14 03:25:54,242 - httpx - INFO - HTTP Request: POST https://api.telegram.org/bot7690359419:AAFO0dgpL0IaAP44WCMtNOTPMq5plBmPWlA/getUpdates "HTTP/1.1 200 OK"
2025-04-14 03:26:04,275 - httpx - INFO - HTTP Request: POST https://api.telegram.org/bot7690359419:AAFO0dgpL0IaAP44WCMtNOTPMq5plBmPWlA/getUpdates "HTTP/1.1 200 OK"
2025-04-14 03:26:14,308 - httpx - INFO - HTTP Request: POST https://api.telegram.org/bot7690359419:AAFO0dgpL0IaAP44WCMtNOTPMq5plBmPWlA/getUpdates "HTTP/1.1 200 OK"
2025-04-14 03:26:24,341 - httpx - INFO - HTTP Request: POST https://api.telegram.org/bot7690359419:AAFO0dgpL0IaAP44WCMtNOTPMq5plBmPWlA/getUpdates "HTTP/1.1 200 OK"
2025-04-14 03:26:34,374 - httpx - INFO - HTTP Request: POST https://api.telegram.org/bot7690359419:AAFO0dgpL0IaAP44WCMtNOTPMq5plBmPWlA/getUpdates "HTTP/1.1 200 OK"
2025-04-14 03:26:44,407 - httpx - INFO - HTTP Request: POST https://api.telegram.org/bot7690359419:AAFO0dgpL0IaAP44WCMtNOTPMq5plBmPWlA/getUpdates "HTTP/1.1 200 OK"
2025-04-14 03:26:54,440 - httpx - INFO - HTTP Request: POST https://api.telegram.org/bot7690359419:AAFO0dgpL0IaAP44WCMtNOTPMq5plBmPWlA/getUpdates "HTTP/1.1 200 OK"
2025-04-14 03:27:04,476 - httpx - INFO - HTTP Request: POST https://api.telegram.org/bot7690359419:AAFO0dgpL0IaAP44WCMtNOTPMq5plBmPWlA/getUpdates "HTTP/1.1 200 OK"
2025-04-14 03:27:14,513 - httpx - INFO - HTTP Request: POST https://api.telegram.org/bot7690359419:AAFO0dgpL0IaAP44WCMtNOTPMq5plBmPWlA/getUpdates "HTTP/1.1 200 OK"
2025-04-14 03:27:24,548 - httpx - INFO - HTTP Request: POST https://api.telegram.org/bot7690359419:AAFO0dgpL0IaAP44WCMtNOTPMq5plBmPWlA/getUpdates "HTTP/1.1 200 OK"
2025-04-14 03:27:34,579 - httpx - INFO - HTTP Request: POST https://api.telegram.org/bot7690359419:AAFO0dgpL0IaAP44WCMtNOTPMq5plBmPWlA/getUpdates "HTTP/1.1 200 OK"
2025-04-14 03:27:44,612 - httpx - INFO - HTTP Request: POST https://api.telegram.org/bot7690359419:AAFO0dgpL0IaAP44WCMtNOTPMq5plBmPWlA/getUpdates "HTTP/1.1 200 OK"
2025-04-14 03:27:54,644 - httpx - INFO - HTTP Request: POST https://api.telegram.org/bot7690359419:AAFO0dgpL0IaAP44WCMtNOTPMq5plBmPWlA/getUpdates "HTTP/1.1 200 OK"
2025-04-14 03:28:04,677 - httpx - INFO - HTTP Request: POST https://api.telegram.org/bot7690359419:AAFO0dgpL0IaAP44WCMtNOTPMq5plBmPWlA/getUpdates "HTTP/1.1 200 OK"
2025-04-14 03:28:14,708 - httpx - INFO - HTTP Request: POST https://api.telegram.org/bot7690359419:AAFO0dgpL0IaAP44WCMtNOTPMq5plBmPWlA/getUpdates "HTTP/1.1 200 OK"
2025-04-14 03:28:24,742 - httpx - INFO - HTTP Request: POST https://api.telegram.org/bot7690359419:AAFO0dgpL0IaAP44WCMtNOTPMq5plBmPWlA/getUpdates "HTTP/1.1 200 OK"
2025-04-14 03:28:34,778 - httpx - INFO - HTTP Request: POST https://api.telegram.org/bot7690359419:AAFO0dgpL0IaAP44WCMtNOTPMq5plBmPWlA/getUpdates "HTTP/1.1 200 OK"
2025-04-14 03:28:44,812 - httpx - INFO - HTTP Request: POST https://api.telegram.org/bot7690359419:AAFO0dgpL0IaAP44WCMtNOTPMq5plBmPWlA/getUpdates "HTTP/1.1 200 OK"
2025-04-14 03:28:54,846 - httpx - INFO - HTTP Request: POST https://api.telegram.org/bot7690359419:AAFO0dgpL0IaAP44WCMtNOTPMq5plBmPWlA/getUpdates "HTTP/1.1 200 OK"
2025-04-14 03:29:04,878 - httpx - INFO - HTTP Request: POST https://api.telegram.org/bot7690359419:AAFO0dgpL0IaAP44WCMtNOTPMq5plBmPWlA/getUpdates "HTTP/1.1 200 OK"
2025-04-14 03:29:14,912 - httpx - INFO - HTTP Request: POST https://api.telegram.org/bot7690359419:AAFO0dgpL0IaAP44WCMtNOTPMq5plBmPWlA/getUpdates "HTTP/1.1 200 OK"
2025-04-14 03:29:24,944 - httpx - INFO - HTTP Request: POST https://api.telegram.org/bot7690359419:AAFO0dgpL0IaAP44WCMtNOTPMq5plBmPWlA/getUpdates "HTTP/1.1 200 OK"
2025-04-14 03:29:34,977 - httpx - INFO - HTTP Request: POST https://api.telegram.org/bot7690359419:AAFO0dgpL0IaAP44WCMtNOTPMq5plBmPWlA/getUpdates "HTTP/1.1 200 OK"
2025-04-14 03:29:45,011 - httpx - INFO - HTTP Request: POST https://api.telegram.org/bot7690359419:AAFO0dgpL0IaAP44WCMtNOTPMq5plBmPWlA/getUpdates "HTTP/1.1 200 OK"
2025-04-14 03:29:55,046 - httpx - INFO - HTTP Request: POST https://api.telegram.org/bot7690359419:AAFO0dgpL0IaAP44WCMtNOTPMq5plBmPWlA/getUpdates "HTTP/1.1 200 OK"
2025-04-14 03:30:05,190 - httpx - INFO - HTTP Request: POST https://api.telegram.org/bot7690359419:AAFO0dgpL0IaAP44WCMtNOTPMq5plBmPWlA/getUpdates "HTTP/1.1 200 OK"
2025-04-14 03:30:15,228 - httpx - INFO - HTTP Request: POST https://api.telegram.org/bot7690359419:AAFO0dgpL0IaAP44WCMtNOTPMq5plBmPWlA/getUpdates "HTTP/1.1 200 OK"
2025-04-14 03:30:25,266 - httpx - INFO - HTTP Request: POST https://api.telegram.org/bot7690359419:AAFO0dgpL0IaAP44WCMtNOTPMq5plBmPWlA/getUpdates "HTTP/1.1 200 OK"
2025-04-14 03:30:35,302 - httpx - INFO - HTTP Request: POST https://api.telegram.org/bot7690359419:AAFO0dgpL0IaAP44WCMtNOTPMq5plBmPWlA/getUpdates "HTTP/1.1 200 OK"
2025-04-14 03:30:45,340 - httpx - INFO - HTTP Request: POST https://api.telegram.org/bot7690359419:AAFO0dgpL0IaAP44WCMtNOTPMq5plBmPWlA/getUpdates "HTTP/1.1 200 OK"
2025-04-14 03:30:55,377 - httpx - INFO - HTTP Request: POST https://api.telegram.org/bot7690359419:AAFO0dgpL0IaAP44WCMtNOTPMq5plBmPWlA/getUpdates "HTTP/1.1 200 OK"
2025-04-14 03:31:05,409 - httpx - INFO - HTTP Request: POST https://api.telegram.org/bot7690359419:AAFO0dgpL0IaAP44WCMtNOTPMq5plBmPWlA/getUpdates "HTTP/1.1 200 OK"
2025-04-14 03:31:15,441 - httpx - INFO - HTTP Request: POST https://api.telegram.org/bot7690359419:AAFO0dgpL0IaAP44WCMtNOTPMq5plBmPWlA/getUpdates "HTTP/1.1 200 OK"
2025-04-14 03:31:25,474 - httpx - INFO - HTTP Request: POST https://api.telegram.org/bot7690359419:AAFO0dgpL0IaAP44WCMtNOTPMq5plBmPWlA/getUpdates "HTTP/1.1 200 OK"
2025-04-14 03:31:35,506 - httpx - INFO - HTTP Request: POST https://api.telegram.org/bot7690359419:AAFO0dgpL0IaAP44WCMtNOTPMq5plBmPWlA/getUpdates "HTTP/1.1 200 OK"
2025-04-14 03:31:45,537 - httpx - INFO - HTTP Request: POST https://api.telegram.org/bot7690359419:AAFO0dgpL0IaAP44WCMtNOTPMq5plBmPWlA/getUpdates "HTTP/1.1 200 OK"
2025-04-14 03:31:55,574 - httpx - INFO - HTTP Request: POST https://api.telegram.org/bot7690359419:AAFO0dgpL0IaAP44WCMtNOTPMq5plBmPWlA/getUpdates "HTTP/1.1 200 OK"
2025-04-14 03:32:05,611 - httpx - INFO - HTTP Request: POST https://api.telegram.org/bot7690359419:AAFO0dgpL0IaAP44WCMtNOTPMq5plBmPWlA/getUpdates "HTTP/1.1 200 OK"
2025-04-14 03:32:15,649 - httpx - INFO - HTTP Request: POST https://api.telegram.org/bot7690359419:AAFO0dgpL0IaAP44WCMtNOTPMq5plBmPWlA/getUpdates "HTTP/1.1 200 OK"
2025-04-14 03:32:25,682 - httpx - INFO - HTTP Request: POST https://api.telegram.org/bot7690359419:AAFO0dgpL0IaAP44WCMtNOTPMq5plBmPWlA/getUpdates "HTTP/1.1 200 OK"
2025-04-14 03:32:35,721 - httpx - INFO - HTTP Request: POST https://api.telegram.org/bot7690359419:AAFO0dgpL0IaAP44WCMtNOTPMq5plBmPWlA/getUpdates "HTTP/1.1 200 OK"
2025-04-14 03:32:45,753 - httpx - INFO - HTTP Request: POST https://api.telegram.org/bot7690359419:AAFO0dgpL0IaAP44WCMtNOTPMq5plBmPWlA/getUpdates "HTTP/1.1 200 OK"
2025-04-14 03:32:55,788 - httpx - INFO - HTTP Request: POST https://api.telegram.org/bot7690359419:AAFO0dgpL0IaAP44WCMtNOTPMq5plBmPWlA/getUpdates "HTTP/1.1 200 OK"
2025-04-14 03:33:05,821 - httpx - INFO - HTTP Request: POST https://api.telegram.org/bot7690359419:AAFO0dgpL0IaAP44WCMtNOTPMq5plBmPWlA/getUpdates "HTTP/1.1 200 OK"
2025-04-14 03:33:15,857 - httpx - INFO - HTTP Request: POST https://api.telegram.org/bot7690359419:AAFO0dgpL0IaAP44WCMtNOTPMq5plBmPWlA/getUpdates "HTTP/1.1 200 OK"
2025-04-14 03:33:25,889 - httpx - INFO - HTTP Request: POST https://api.telegram.org/bot7690359419:AAFO0dgpL0IaAP44WCMtNOTPMq5plBmPWlA/getUpdates "HTTP/1.1 200 OK"
2025-04-14 03:33:35,925 - httpx - INFO - HTTP Request: POST https://api.telegram.org/bot7690359419:AAFO0dgpL0IaAP44WCMtNOTPMq5plBmPWlA/getUpdates "HTTP/1.1 200 OK"
2025-04-14 03:33:45,960 - httpx - INFO - HTTP Request: POST https://api.telegram.org/bot7690359419:AAFO0dgpL0IaAP44WCMtNOTPMq5plBmPWlA/getUpdates "HTTP/1.1 200 OK"
2025-04-14 03:33:55,993 - httpx - INFO - HTTP Request: POST https://api.telegram.org/bot7690359419:AAFO0dgpL0IaAP44WCMtNOTPMq5plBmPWlA/getUpdates "HTTP/1.1 200 OK"
2025-04-14 03:34:06,025 - httpx - INFO - HTTP Request: POST https://api.telegram.org/bot7690359419:AAFO0dgpL0IaAP44WCMtNOTPMq5plBmPWlA/getUpdates "HTTP/1.1 200 OK"
2025-04-14 03:34:16,057 - httpx - INFO - HTTP Request: POST https://api.telegram.org/bot7690359419:AAFO0dgpL0IaAP44WCMtNOTPMq5plBmPWlA/getUpdates "HTTP/1.1 200 OK"
2025-04-14 03:34:26,089 - httpx - INFO - HTTP Request: POST https://api.telegram.org/bot7690359419:AAFO0dgpL0IaAP44WCMtNOTPMq5plBmPWlA/getUpdates "HTTP/1.1 200 OK"
2025-04-14 03:34:36,123 - httpx - INFO - HTTP Request: POST https://api.telegram.org/bot7690359419:AAFO0dgpL0IaAP44WCMtNOTPMq5plBmPWlA/getUpdates "HTTP/1.1 200 OK"
2025-04-14 03:34:46,158 - httpx - INFO - HTTP Request: POST https://api.telegram.org/bot7690359419:AAFO0dgpL0IaAP44WCMtNOTPMq5plBmPWlA/getUpdates "HTTP/1.1 200 OK"
2025-04-14 03:34:56,205 - httpx - INFO - HTTP Request: POST https://api.telegram.org/bot7690359419:AAFO0dgpL0IaAP44WCMtNOTPMq5plBmPWlA/getUpdates "HTTP/1.1 200 OK"
2025-04-14 03:35:06,241 - httpx - INFO - HTTP Request: POST https://api.telegram.org/bot7690359419:AAFO0dgpL0IaAP44WCMtNOTPMq5plBmPWlA/getUpdates "HTTP/1.1 200 OK"
2025-04-14 03:35:16,274 - httpx - INFO - HTTP Request: POST https://api.telegram.org/bot7690359419:AAFO0dgpL0IaAP44WCMtNOTPMq5plBmPWlA/getUpdates "HTTP/1.1 200 OK"
2025-04-14 03:35:26,307 - httpx - INFO - HTTP Request: POST https://api.telegram.org/bot7690359419:AAFO0dgpL0IaAP44WCMtNOTPMq5plBmPWlA/getUpdates "HTTP/1.1 200 OK"
2025-04-14 03:35:36,338 - httpx - INFO - HTTP Request: POST https://api.telegram.org/bot7690359419:AAFO0dgpL0IaAP44WCMtNOTPMq5plBmPWlA/getUpdates "HTTP/1.1 200 OK"
2025-04-14 03:35:46,373 - httpx - INFO - HTTP Request: POST https://api.telegram.org/bot7690359419:AAFO0dgpL0IaAP44WCMtNOTPMq5plBmPWlA/getUpdates "HTTP/1.1 200 OK"
2025-04-14 03:35:56,403 - httpx - INFO - HTTP Request: POST https://api.telegram.org/bot7690359419:AAFO0dgpL0IaAP44WCMtNOTPMq5plBmPWlA/getUpdates "HTTP/1.1 200 OK"
2025-04-14 03:36:06,438 - httpx - INFO - HTTP Request: POST https://api.telegram.org/bot7690359419:AAFO0dgpL0IaAP44WCMtNOTPMq5plBmPWlA/getUpdates "HTTP/1.1 200 OK"
2025-04-14 03:36:16,474 - httpx - INFO - HTTP Request: POST https://api.telegram.org/bot7690359419:AAFO0dgpL0IaAP44WCMtNOTPMq5plBmPWlA/getUpdates "HTTP/1.1 200 OK"
2025-04-14 03:36:26,512 - httpx - INFO - HTTP Request: POST https://api.telegram.org/bot7690359419:AAFO0dgpL0IaAP44WCMtNOTPMq5plBmPWlA/getUpdates "HTTP/1.1 200 OK"
2025-04-14 03:36:36,547 - httpx - INFO - HTTP Request: POST https://api.telegram.org/bot7690359419:AAFO0dgpL0IaAP44WCMtNOTPMq5plBmPWlA/getUpdates "HTTP/1.1 200 OK"
2025-04-14 03:36:46,580 - httpx - INFO - HTTP Request: POST https://api.telegram.org/bot7690359419:AAFO0dgpL0IaAP44WCMtNOTPMq5plBmPWlA/getUpdates "HTTP/1.1 200 OK"
2025-04-14 03:36:56,631 - httpx - INFO - HTTP Request: POST https://api.telegram.org/bot7690359419:AAFO0dgpL0IaAP44WCMtNOTPMq5plBmPWlA/getUpdates "HTTP/1.1 200 OK"
2025-04-14 03:37:06,663 - httpx - INFO - HTTP Request: POST https://api.telegram.org/bot7690359419:AAFO0dgpL0IaAP44WCMtNOTPMq5plBmPWlA/getUpdates "HTTP/1.1 200 OK"
2025-04-14 03:37:16,699 - httpx - INFO - HTTP Request: POST https://api.telegram.org/bot7690359419:AAFO0dgpL0IaAP44WCMtNOTPMq5plBmPWlA/getUpdates "HTTP/1.1 200 OK"
2025-04-14 03:37:26,734 - httpx - INFO - HTTP Request: POST https://api.telegram.org/bot7690359419:AAFO0dgpL0IaAP44WCMtNOTPMq5plBmPWlA/getUpdates "HTTP/1.1 200 OK"
2025-04-14 03:37:36,766 - httpx - INFO - HTTP Request: POST https://api.telegram.org/bot7690359419:AAFO0dgpL0IaAP44WCMtNOTPMq5plBmPWlA/getUpdates "HTTP/1.1 200 OK"
2025-04-14 03:37:46,798 - httpx - INFO - HTTP Request: POST https://api.telegram.org/bot7690359419:AAFO0dgpL0IaAP44WCMtNOTPMq5plBmPWlA/getUpdates "HTTP/1.1 200 OK"
2025-04-14 03:37:56,834 - httpx - INFO - HTTP Request: POST https://api.telegram.org/bot7690359419:AAFO0dgpL0IaAP44WCMtNOTPMq5plBmPWlA/getUpdates "HTTP/1.1 200 OK"
2025-04-14 03:38:06,867 - httpx - INFO - HTTP Request: POST https://api.telegram.org/bot7690359419:AAFO0dgpL0IaAP44WCMtNOTPMq5plBmPWlA/getUpdates "HTTP/1.1 200 OK"
2025-04-14 03:38:16,905 - httpx - INFO - HTTP Request: POST https://api.telegram.org/bot7690359419:AAFO0dgpL0IaAP44WCMtNOTPMq5plBmPWlA/getUpdates "HTTP/1.1 200 OK"
2025-04-14 03:38:26,938 - httpx - INFO - HTTP Request: POST https://api.telegram.org/bot7690359419:AAFO0dgpL0IaAP44WCMtNOTPMq5plBmPWlA/getUpdates "HTTP/1.1 200 OK"
2025-04-14 03:38:36,969 - httpx - INFO - HTTP Request: POST https://api.telegram.org/bot7690359419:AAFO0dgpL0IaAP44WCMtNOTPMq5plBmPWlA/getUpdates "HTTP/1.1 200 OK"
2025-04-14 03:38:47,005 - httpx - INFO - HTTP Request: POST https://api.telegram.org/bot7690359419:AAFO0dgpL0IaAP44WCMtNOTPMq5plBmPWlA/getUpdates "HTTP/1.1 200 OK"
2025-04-14 03:38:57,038 - httpx - INFO - HTTP Request: POST https://api.telegram.org/bot7690359419:AAFO0dgpL0IaAP44WCMtNOTPMq5plBmPWlA/getUpdates "HTTP/1.1 200 OK"
2025-04-14 03:39:07,072 - httpx - INFO - HTTP Request: POST https://api.telegram.org/bot7690359419:AAFO0dgpL0IaAP44WCMtNOTPMq5plBmPWlA/getUpdates "HTTP/1.1 200 OK"
2025-04-14 03:39:17,103 - httpx - INFO - HTTP Request: POST https://api.telegram.org/bot7690359419:AAFO0dgpL0IaAP44WCMtNOTPMq5plBmPWlA/getUpdates "HTTP/1.1 200 OK"
2025-04-14 03:39:27,142 - httpx - INFO - HTTP Request: POST https://api.telegram.org/bot7690359419:AAFO0dgpL0IaAP44WCMtNOTPMq5plBmPWlA/getUpdates "HTTP/1.1 200 OK"
2025-04-14 03:39:37,175 - httpx - INFO - HTTP Request: POST https://api.telegram.org/bot7690359419:AAFO0dgpL0IaAP44WCMtNOTPMq5plBmPWlA/getUpdates "HTTP/1.1 200 OK"
2025-04-14 03:39:47,207 - httpx - INFO - HTTP Request: POST https://api.telegram.org/bot7690359419:AAFO0dgpL0IaAP44WCMtNOTPMq5plBmPWlA/getUpdates "HTTP/1.1 200 OK"
2025-04-14 03:39:57,242 - httpx - INFO - HTTP Request: POST https://api.telegram.org/bot7690359419:AAFO0dgpL0IaAP44WCMtNOTPMq5plBmPWlA/getUpdates "HTTP/1.1 200 OK"
2025-04-14 03:40:07,282 - httpx - INFO - HTTP Request: POST https://api.telegram.org/bot7690359419:AAFO0dgpL0IaAP44WCMtNOTPMq5plBmPWlA/getUpdates "HTTP/1.1 200 OK"
2025-04-14 03:40:17,318 - httpx - INFO - HTTP Request: POST https://api.telegram.org/bot7690359419:AAFO0dgpL0IaAP44WCMtNOTPMq5plBmPWlA/getUpdates "HTTP/1.1 200 OK"
2025-04-14 03:40:27,390 - httpx - INFO - HTTP Request: POST https://api.telegram.org/bot7690359419:AAFO0dgpL0IaAP44WCMtNOTPMq5plBmPWlA/getUpdates "HTTP/1.1 200 OK"
2025-04-14 03:40:37,421 - httpx - INFO - HTTP Request: POST https://api.telegram.org/bot7690359419:AAFO0dgpL0IaAP44WCMtNOTPMq5plBmPWlA/getUpdates "HTTP/1.1 200 OK"
2025-04-14 03:40:47,461 - httpx - INFO - HTTP Request: POST https://api.telegram.org/bot7690359419:AAFO0dgpL0IaAP44WCMtNOTPMq5plBmPWlA/getUpdates "HTTP/1.1 200 OK"
2025-04-14 03:40:57,495 - httpx - INFO - HTTP Request: POST https://api.telegram.org/bot7690359419:AAFO0dgpL0IaAP44WCMtNOTPMq5plBmPWlA/getUpdates "HTTP/1.1 200 OK"
2025-04-14 03:41:07,527 - httpx - INFO - HTTP Request: POST https://api.telegram.org/bot7690359419:AAFO0dgpL0IaAP44WCMtNOTPMq5plBmPWlA/getUpdates "HTTP/1.1 200 OK"
2025-04-14 03:41:17,561 - httpx - INFO - HTTP Request: POST https://api.telegram.org/bot7690359419:AAFO0dgpL0IaAP44WCMtNOTPMq5plBmPWlA/getUpdates "HTTP/1.1 200 OK"
2025-04-14 03:41:27,599 - httpx - INFO - HTTP Request: POST https://api.telegram.org/bot7690359419:AAFO0dgpL0IaAP44WCMtNOTPMq5plBmPWlA/getUpdates "HTTP/1.1 200 OK"
2025-04-14 03:41:37,632 - httpx - INFO - HTTP Request: POST https://api.telegram.org/bot7690359419:AAFO0dgpL0IaAP44WCMtNOTPMq5plBmPWlA/getUpdates "HTTP/1.1 200 OK"
2025-04-14 03:41:47,664 - httpx - INFO - HTTP Request: POST https://api.telegram.org/bot7690359419:AAFO0dgpL0IaAP44WCMtNOTPMq5plBmPWlA/getUpdates "HTTP/1.1 200 OK"
2025-04-14 03:41:57,696 - httpx - INFO - HTTP Request: POST https://api.telegram.org/bot7690359419:AAFO0dgpL0IaAP44WCMtNOTPMq5plBmPWlA/getUpdates "HTTP/1.1 200 OK"
2025-04-14 03:42:07,728 - httpx - INFO - HTTP Request: POST https://api.telegram.org/bot7690359419:AAFO0dgpL0IaAP44WCMtNOTPMq5plBmPWlA/getUpdates "HTTP/1.1 200 OK"
2025-04-14 03:42:17,762 - httpx - INFO - HTTP Request: POST https://api.telegram.org/bot7690359419:AAFO0dgpL0IaAP44WCMtNOTPMq5plBmPWlA/getUpdates "HTTP/1.1 200 OK"
2025-04-14 03:42:27,797 - httpx - INFO - HTTP Request: POST https://api.telegram.org/bot7690359419:AAFO0dgpL0IaAP44WCMtNOTPMq5plBmPWlA/getUpdates "HTTP/1.1 200 OK"
2025-04-14 03:42:37,833 - httpx - INFO - HTTP Request: POST https://api.telegram.org/bot7690359419:AAFO0dgpL0IaAP44WCMtNOTPMq5plBmPWlA/getUpdates "HTTP/1.1 200 OK"
2025-04-14 03:42:47,867 - httpx - INFO - HTTP Request: POST https://api.telegram.org/bot7690359419:AAFO0dgpL0IaAP44WCMtNOTPMq5plBmPWlA/getUpdates "HTTP/1.1 200 OK"
2025-04-14 03:42:57,899 - httpx - INFO - HTTP Request: POST https://api.telegram.org/bot7690359419:AAFO0dgpL0IaAP44WCMtNOTPMq5plBmPWlA/getUpdates "HTTP/1.1 200 OK"
2025-04-14 03:43:07,931 - httpx - INFO - HTTP Request: POST https://api.telegram.org/bot7690359419:AAFO0dgpL0IaAP44WCMtNOTPMq5plBmPWlA/getUpdates "HTTP/1.1 200 OK"
2025-04-14 03:43:17,965 - httpx - INFO - HTTP Request: POST https://api.telegram.org/bot7690359419:AAFO0dgpL0IaAP44WCMtNOTPMq5plBmPWlA/getUpdates "HTTP/1.1 200 OK"
2025-04-14 03:43:27,996 - httpx - INFO - HTTP Request: POST https://api.telegram.org/bot7690359419:AAFO0dgpL0IaAP44WCMtNOTPMq5plBmPWlA/getUpdates "HTTP/1.1 200 OK"
2025-04-14 03:43:38,035 - httpx - INFO - HTTP Request: POST https://api.telegram.org/bot7690359419:AAFO0dgpL0IaAP44WCMtNOTPMq5plBmPWlA/getUpdates "HTTP/1.1 200 OK"
2025-04-14 03:43:48,067 - httpx - INFO - HTTP Request: POST https://api.telegram.org/bot7690359419:AAFO0dgpL0IaAP44WCMtNOTPMq5plBmPWlA/getUpdates "HTTP/1.1 200 OK"
2025-04-14 03:43:58,103 - httpx - INFO - HTTP Request: POST https://api.telegram.org/bot7690359419:AAFO0dgpL0IaAP44WCMtNOTPMq5plBmPWlA/getUpdates "HTTP/1.1 200 OK"
2025-04-14 03:44:08,135 - httpx - INFO - HTTP Request: POST https://api.telegram.org/bot7690359419:AAFO0dgpL0IaAP44WCMtNOTPMq5plBmPWlA/getUpdates "HTTP/1.1 200 OK"
2025-04-14 03:44:18,170 - httpx - INFO - HTTP Request: POST https://api.telegram.org/bot7690359419:AAFO0dgpL0IaAP44WCMtNOTPMq5plBmPWlA/getUpdates "HTTP/1.1 200 OK"
2025-04-14 03:44:28,204 - httpx - INFO - HTTP Request: POST https://api.telegram.org/bot7690359419:AAFO0dgpL0IaAP44WCMtNOTPMq5plBmPWlA/getUpdates "HTTP/1.1 200 OK"
2025-04-14 03:44:38,241 - httpx - INFO - HTTP Request: POST https://api.telegram.org/bot7690359419:AAFO0dgpL0IaAP44WCMtNOTPMq5plBmPWlA/getUpdates "HTTP/1.1 200 OK"
2025-04-14 03:44:48,276 - httpx - INFO - HTTP Request: POST https://api.telegram.org/bot7690359419:AAFO0dgpL0IaAP44WCMtNOTPMq5plBmPWlA/getUpdates "HTTP/1.1 200 OK"
2025-04-14 03:44:58,311 - httpx - INFO - HTTP Request: POST https://api.telegram.org/bot7690359419:AAFO0dgpL0IaAP44WCMtNOTPMq5plBmPWlA/getUpdates "HTTP/1.1 200 OK"
2025-04-14 03:45:08,348 - httpx - INFO - HTTP Request: POST https://api.telegram.org/bot7690359419:AAFO0dgpL0IaAP44WCMtNOTPMq5plBmPWlA/getUpdates "HTTP/1.1 200 OK"
2025-04-14 03:45:18,383 - httpx - INFO - HTTP Request: POST https://api.telegram.org/bot7690359419:AAFO0dgpL0IaAP44WCMtNOTPMq5plBmPWlA/getUpdates "HTTP/1.1 200 OK"
2025-04-14 03:45:28,417 - httpx - INFO - HTTP Request: POST https://api.telegram.org/bot7690359419:AAFO0dgpL0IaAP44WCMtNOTPMq5plBmPWlA/getUpdates "HTTP/1.1 200 OK"
2025-04-14 03:45:38,451 - httpx - INFO - HTTP Request: POST https://api.telegram.org/bot7690359419:AAFO0dgpL0IaAP44WCMtNOTPMq5plBmPWlA/getUpdates "HTTP/1.1 200 OK"
2025-04-14 03:45:48,484 - httpx - INFO - HTTP Request: POST https://api.telegram.org/bot7690359419:AAFO0dgpL0IaAP44WCMtNOTPMq5plBmPWlA/getUpdates "HTTP/1.1 200 OK"
2025-04-14 03:45:58,517 - httpx - INFO - HTTP Request: POST https://api.telegram.org/bot7690359419:AAFO0dgpL0IaAP44WCMtNOTPMq5plBmPWlA/getUpdates "HTTP/1.1 200 OK"
2025-04-14 03:46:08,553 - httpx - INFO - HTTP Request: POST https://api.telegram.org/bot7690359419:AAFO0dgpL0IaAP44WCMtNOTPMq5plBmPWlA/getUpdates "HTTP/1.1 200 OK"
2025-04-14 03:46:18,584 - httpx - INFO - HTTP Request: POST https://api.telegram.org/bot7690359419:AAFO0dgpL0IaAP44WCMtNOTPMq5plBmPWlA/getUpdates "HTTP/1.1 200 OK"
2025-04-14 03:46:28,622 - httpx - INFO - HTTP Request: POST https://api.telegram.org/bot7690359419:AAFO0dgpL0IaAP44WCMtNOTPMq5plBmPWlA/getUpdates "HTTP/1.1 200 OK"
2025-04-14 03:46:38,659 - httpx - INFO - HTTP Request: POST https://api.telegram.org/bot7690359419:AAFO0dgpL0IaAP44WCMtNOTPMq5plBmPWlA/getUpdates "HTTP/1.1 200 OK"
2025-04-14 03:46:48,776 - httpx - INFO - HTTP Request: POST https://api.telegram.org/bot7690359419:AAFO0dgpL0IaAP44WCMtNOTPMq5plBmPWlA/getUpdates "HTTP/1.1 200 OK"
2025-04-14 03:46:58,811 - httpx - INFO - HTTP Request: POST https://api.telegram.org/bot7690359419:AAFO0dgpL0IaAP44WCMtNOTPMq5plBmPWlA/getUpdates "HTTP/1.1 200 OK"
2025-04-14 03:47:08,846 - httpx - INFO - HTTP Request: POST https://api.telegram.org/bot7690359419:AAFO0dgpL0IaAP44WCMtNOTPMq5plBmPWlA/getUpdates "HTTP/1.1 200 OK"
2025-04-14 03:47:18,879 - httpx - INFO - HTTP Request: POST https://api.telegram.org/bot7690359419:AAFO0dgpL0IaAP44WCMtNOTPMq5plBmPWlA/getUpdates "HTTP/1.1 200 OK"
2025-04-14 03:47:28,911 - httpx - INFO - HTTP Request: POST https://api.telegram.org/bot7690359419:AAFO0dgpL0IaAP44WCMtNOTPMq5plBmPWlA/getUpdates "HTTP/1.1 200 OK"
2025-04-14 03:47:38,945 - httpx - INFO - HTTP Request: POST https://api.telegram.org/bot7690359419:AAFO0dgpL0IaAP44WCMtNOTPMq5plBmPWlA/getUpdates "HTTP/1.1 200 OK"
2025-04-14 03:47:48,977 - httpx - INFO - HTTP Request: POST https://api.telegram.org/bot7690359419:AAFO0dgpL0IaAP44WCMtNOTPMq5plBmPWlA/getUpdates "HTTP/1.1 200 OK"
2025-04-14 03:47:59,009 - httpx - INFO - HTTP Request: POST https://api.telegram.org/bot7690359419:AAFO0dgpL0IaAP44WCMtNOTPMq5plBmPWlA/getUpdates "HTTP/1.1 200 OK"
2025-04-14 03:48:09,045 - httpx - INFO - HTTP Request: POST https://api.telegram.org/bot7690359419:AAFO0dgpL0IaAP44WCMtNOTPMq5plBmPWlA/getUpdates "HTTP/1.1 200 OK"
2025-04-14 03:48:19,078 - httpx - INFO - HTTP Request: POST https://api.telegram.org/bot7690359419:AAFO0dgpL0IaAP44WCMtNOTPMq5plBmPWlA/getUpdates "HTTP/1.1 200 OK"
2025-04-14 03:48:29,112 - httpx - INFO - HTTP Request: POST https://api.telegram.org/bot7690359419:AAFO0dgpL0IaAP44WCMtNOTPMq5plBmPWlA/getUpdates "HTTP/1.1 200 OK"
2025-04-14 03:48:39,146 - httpx - INFO - HTTP Request: POST https://api.telegram.org/bot7690359419:AAFO0dgpL0IaAP44WCMtNOTPMq5plBmPWlA/getUpdates "HTTP/1.1 200 OK"
2025-04-14 03:48:49,179 - httpx - INFO - HTTP Request: POST https://api.telegram.org/bot7690359419:AAFO0dgpL0IaAP44WCMtNOTPMq5plBmPWlA/getUpdates "HTTP/1.1 200 OK"
2025-04-14 03:48:59,214 - httpx - INFO - HTTP Request: POST https://api.telegram.org/bot7690359419:AAFO0dgpL0IaAP44WCMtNOTPMq5plBmPWlA/getUpdates "HTTP/1.1 200 OK"
2025-04-14 03:49:09,249 - httpx - INFO - HTTP Request: POST https://api.telegram.org/bot7690359419:AAFO0dgpL0IaAP44WCMtNOTPMq5plBmPWlA/getUpdates "HTTP/1.1 200 OK"
2025-04-14 03:49:19,288 - httpx - INFO - HTTP Request: POST https://api.telegram.org/bot7690359419:AAFO0dgpL0IaAP44WCMtNOTPMq5plBmPWlA/getUpdates "HTTP/1.1 200 OK"
2025-04-14 03:49:29,320 - httpx - INFO - HTTP Request: POST https://api.telegram.org/bot7690359419:AAFO0dgpL0IaAP44WCMtNOTPMq5plBmPWlA/getUpdates "HTTP/1.1 200 OK"
2025-04-14 03:49:39,352 - httpx - INFO - HTTP Request: POST https://api.telegram.org/bot7690359419:AAFO0dgpL0IaAP44WCMtNOTPMq5plBmPWlA/getUpdates "HTTP/1.1 200 OK"
2025-04-14 03:49:49,384 - httpx - INFO - HTTP Request: POST https://api.telegram.org/bot7690359419:AAFO0dgpL0IaAP44WCMtNOTPMq5plBmPWlA/getUpdates "HTTP/1.1 200 OK"
2025-04-14 03:49:59,416 - httpx - INFO - HTTP Request: POST https://api.telegram.org/bot7690359419:AAFO0dgpL0IaAP44WCMtNOTPMq5plBmPWlA/getUpdates "HTTP/1.1 200 OK"
2025-04-14 03:50:09,450 - httpx - INFO - HTTP Request: POST https://api.telegram.org/bot7690359419:AAFO0dgpL0IaAP44WCMtNOTPMq5plBmPWlA/getUpdates "HTTP/1.1 200 OK"
2025-04-14 03:50:19,485 - httpx - INFO - HTTP Request: POST https://api.telegram.org/bot7690359419:AAFO0dgpL0IaAP44WCMtNOTPMq5plBmPWlA/getUpdates "HTTP/1.1 200 OK"
2025-04-14 03:50:29,521 - httpx - INFO - HTTP Request: POST https://api.telegram.org/bot7690359419:AAFO0dgpL0IaAP44WCMtNOTPMq5plBmPWlA/getUpdates "HTTP/1.1 200 OK"
2025-04-14 03:50:39,556 - httpx - INFO - HTTP Request: POST https://api.telegram.org/bot7690359419:AAFO0dgpL0IaAP44WCMtNOTPMq5plBmPWlA/getUpdates "HTTP/1.1 200 OK"
2025-04-14 03:50:49,588 - httpx - INFO - HTTP Request: POST https://api.telegram.org/bot7690359419:AAFO0dgpL0IaAP44WCMtNOTPMq5plBmPWlA/getUpdates "HTTP/1.1 200 OK"
2025-04-14 03:50:59,619 - httpx - INFO - HTTP Request: POST https://api.telegram.org/bot7690359419:AAFO0dgpL0IaAP44WCMtNOTPMq5plBmPWlA/getUpdates "HTTP/1.1 200 OK"
2025-04-14 03:51:09,660 - httpx - INFO - HTTP Request: POST https://api.telegram.org/bot7690359419:AAFO0dgpL0IaAP44WCMtNOTPMq5plBmPWlA/getUpdates "HTTP/1.1 200 OK"
2025-04-14 03:51:19,692 - httpx - INFO - HTTP Request: POST https://api.telegram.org/bot7690359419:AAFO0dgpL0IaAP44WCMtNOTPMq5plBmPWlA/getUpdates "HTTP/1.1 200 OK"
2025-04-14 03:51:29,723 - httpx - INFO - HTTP Request: POST https://api.telegram.org/bot7690359419:AAFO0dgpL0IaAP44WCMtNOTPMq5plBmPWlA/getUpdates "HTTP/1.1 200 OK"
2025-04-14 03:51:39,755 - httpx - INFO - HTTP Request: POST https://api.telegram.org/bot7690359419:AAFO0dgpL0IaAP44WCMtNOTPMq5plBmPWlA/getUpdates "HTTP/1.1 200 OK"
2025-04-14 03:51:49,788 - httpx - INFO - HTTP Request: POST https://api.telegram.org/bot7690359419:AAFO0dgpL0IaAP44WCMtNOTPMq5plBmPWlA/getUpdates "HTTP/1.1 200 OK"
2025-04-14 03:51:59,820 - httpx - INFO - HTTP Request: POST https://api.telegram.org/bot7690359419:AAFO0dgpL0IaAP44WCMtNOTPMq5plBmPWlA/getUpdates "HTTP/1.1 200 OK"
2025-04-14 03:52:09,852 - httpx - INFO - HTTP Request: POST https://api.telegram.org/bot7690359419:AAFO0dgpL0IaAP44WCMtNOTPMq5plBmPWlA/getUpdates "HTTP/1.1 200 OK"
2025-04-14 03:52:19,884 - httpx - INFO - HTTP Request: POST https://api.telegram.org/bot7690359419:AAFO0dgpL0IaAP44WCMtNOTPMq5plBmPWlA/getUpdates "HTTP/1.1 200 OK"
2025-04-14 03:52:29,916 - httpx - INFO - HTTP Request: POST https://api.telegram.org/bot7690359419:AAFO0dgpL0IaAP44WCMtNOTPMq5plBmPWlA/getUpdates "HTTP/1.1 200 OK"
2025-04-14 03:52:39,949 - httpx - INFO - HTTP Request: POST https://api.telegram.org/bot7690359419:AAFO0dgpL0IaAP44WCMtNOTPMq5plBmPWlA/getUpdates "HTTP/1.1 200 OK"
2025-04-14 03:52:49,983 - httpx - INFO - HTTP Request: POST https://api.telegram.org/bot7690359419:AAFO0dgpL0IaAP44WCMtNOTPMq5plBmPWlA/getUpdates "HTTP/1.1 200 OK"
2025-04-14 03:53:00,017 - httpx - INFO - HTTP Request: POST https://api.telegram.org/bot7690359419:AAFO0dgpL0IaAP44WCMtNOTPMq5plBmPWlA/getUpdates "HTTP/1.1 200 OK"
2025-04-14 03:53:10,049 - httpx - INFO - HTTP Request: POST https://api.telegram.org/bot7690359419:AAFO0dgpL0IaAP44WCMtNOTPMq5plBmPWlA/getUpdates "HTTP/1.1 200 OK"
2025-04-14 03:53:20,082 - httpx - INFO - HTTP Request: POST https://api.telegram.org/bot7690359419:AAFO0dgpL0IaAP44WCMtNOTPMq5plBmPWlA/getUpdates "HTTP/1.1 200 OK"
2025-04-14 03:53:30,116 - httpx - INFO - HTTP Request: POST https://api.telegram.org/bot7690359419:AAFO0dgpL0IaAP44WCMtNOTPMq5plBmPWlA/getUpdates "HTTP/1.1 200 OK"
2025-04-14 03:53:40,178 - httpx - INFO - HTTP Request: POST https://api.telegram.org/bot7690359419:AAFO0dgpL0IaAP44WCMtNOTPMq5plBmPWlA/getUpdates "HTTP/1.1 200 OK"
2025-04-14 03:53:50,212 - httpx - INFO - HTTP Request: POST https://api.telegram.org/bot7690359419:AAFO0dgpL0IaAP44WCMtNOTPMq5plBmPWlA/getUpdates "HTTP/1.1 200 OK"
2025-04-14 03:54:00,243 - httpx - INFO - HTTP Request: POST https://api.telegram.org/bot7690359419:AAFO0dgpL0IaAP44WCMtNOTPMq5plBmPWlA/getUpdates "HTTP/1.1 200 OK"
2025-04-14 03:54:10,278 - httpx - INFO - HTTP Request: POST https://api.telegram.org/bot7690359419:AAFO0dgpL0IaAP44WCMtNOTPMq5plBmPWlA/getUpdates "HTTP/1.1 200 OK"
2025-04-14 03:54:20,316 - httpx - INFO - HTTP Request: POST https://api.telegram.org/bot7690359419:AAFO0dgpL0IaAP44WCMtNOTPMq5plBmPWlA/getUpdates "HTTP/1.1 200 OK"
2025-04-14 03:54:30,351 - httpx - INFO - HTTP Request: POST https://api.telegram.org/bot7690359419:AAFO0dgpL0IaAP44WCMtNOTPMq5plBmPWlA/getUpdates "HTTP/1.1 200 OK"
2025-04-14 03:54:40,383 - httpx - INFO - HTTP Request: POST https://api.telegram.org/bot7690359419:AAFO0dgpL0IaAP44WCMtNOTPMq5plBmPWlA/getUpdates "HTTP/1.1 200 OK"
2025-04-14 03:54:50,421 - httpx - INFO - HTTP Request: POST https://api.telegram.org/bot7690359419:AAFO0dgpL0IaAP44WCMtNOTPMq5plBmPWlA/getUpdates "HTTP/1.1 200 OK"
2025-04-14 03:55:00,453 - httpx - INFO - HTTP Request: POST https://api.telegram.org/bot7690359419:AAFO0dgpL0IaAP44WCMtNOTPMq5plBmPWlA/getUpdates "HTTP/1.1 200 OK"
2025-04-14 03:55:10,488 - httpx - INFO - HTTP Request: POST https://api.telegram.org/bot7690359419:AAFO0dgpL0IaAP44WCMtNOTPMq5plBmPWlA/getUpdates "HTTP/1.1 200 OK"
2025-04-14 03:55:20,522 - httpx - INFO - HTTP Request: POST https://api.telegram.org/bot7690359419:AAFO0dgpL0IaAP44WCMtNOTPMq5plBmPWlA/getUpdates "HTTP/1.1 200 OK"
2025-04-14 03:55:30,555 - httpx - INFO - HTTP Request: POST https://api.telegram.org/bot7690359419:AAFO0dgpL0IaAP44WCMtNOTPMq5plBmPWlA/getUpdates "HTTP/1.1 200 OK"
2025-04-14 03:55:40,587 - httpx - INFO - HTTP Request: POST https://api.telegram.org/bot7690359419:AAFO0dgpL0IaAP44WCMtNOTPMq5plBmPWlA/getUpdates "HTTP/1.1 200 OK"
2025-04-14 03:55:50,619 - httpx - INFO - HTTP Request: POST https://api.telegram.org/bot7690359419:AAFO0dgpL0IaAP44WCMtNOTPMq5plBmPWlA/getUpdates "HTTP/1.1 200 OK"
2025-04-14 03:56:00,651 - httpx - INFO - HTTP Request: POST https://api.telegram.org/bot7690359419:AAFO0dgpL0IaAP44WCMtNOTPMq5plBmPWlA/getUpdates "HTTP/1.1 200 OK"
2025-04-14 03:56:10,685 - httpx - INFO - HTTP Request: POST https://api.telegram.org/bot7690359419:AAFO0dgpL0IaAP44WCMtNOTPMq5plBmPWlA/getUpdates "HTTP/1.1 200 OK"
2025-04-14 03:56:20,717 - httpx - INFO - HTTP Request: POST https://api.telegram.org/bot7690359419:AAFO0dgpL0IaAP44WCMtNOTPMq5plBmPWlA/getUpdates "HTTP/1.1 200 OK"
2025-04-14 03:56:30,759 - httpx - INFO - HTTP Request: POST https://api.telegram.org/bot7690359419:AAFO0dgpL0IaAP44WCMtNOTPMq5plBmPWlA/getUpdates "HTTP/1.1 200 OK"
2025-04-14 03:56:40,794 - httpx - INFO - HTTP Request: POST https://api.telegram.org/bot7690359419:AAFO0dgpL0IaAP44WCMtNOTPMq5plBmPWlA/getUpdates "HTTP/1.1 200 OK"
2025-04-14 03:56:50,826 - httpx - INFO - HTTP Request: POST https://api.telegram.org/bot7690359419:AAFO0dgpL0IaAP44WCMtNOTPMq5plBmPWlA/getUpdates "HTTP/1.1 200 OK"
2025-04-14 03:57:00,859 - httpx - INFO - HTTP Request: POST https://api.telegram.org/bot7690359419:AAFO0dgpL0IaAP44WCMtNOTPMq5plBmPWlA/getUpdates "HTTP/1.1 200 OK"
2025-04-14 03:57:10,891 - httpx - INFO - HTTP Request: POST https://api.telegram.org/bot7690359419:AAFO0dgpL0IaAP44WCMtNOTPMq5plBmPWlA/getUpdates "HTTP/1.1 200 OK"
2025-04-14 03:57:20,922 - httpx - INFO - HTTP Request: POST https://api.telegram.org/bot7690359419:AAFO0dgpL0IaAP44WCMtNOTPMq5plBmPWlA/getUpdates "HTTP/1.1 200 OK"
2025-04-14 03:57:30,955 - httpx - INFO - HTTP Request: POST https://api.telegram.org/bot7690359419:AAFO0dgpL0IaAP44WCMtNOTPMq5plBmPWlA/getUpdates "HTTP/1.1 200 OK"
2025-04-14 03:57:40,987 - httpx - INFO - HTTP Request: POST https://api.telegram.org/bot7690359419:AAFO0dgpL0IaAP44WCMtNOTPMq5plBmPWlA/getUpdates "HTTP/1.1 200 OK"
2025-04-14 03:57:51,022 - httpx - INFO - HTTP Request: POST https://api.telegram.org/bot7690359419:AAFO0dgpL0IaAP44WCMtNOTPMq5plBmPWlA/getUpdates "HTTP/1.1 200 OK"
2025-04-14 03:58:01,055 - httpx - INFO - HTTP Request: POST https://api.telegram.org/bot7690359419:AAFO0dgpL0IaAP44WCMtNOTPMq5plBmPWlA/getUpdates "HTTP/1.1 200 OK"
2025-04-14 03:58:11,087 - httpx - INFO - HTTP Request: POST https://api.telegram.org/bot7690359419:AAFO0dgpL0IaAP44WCMtNOTPMq5plBmPWlA/getUpdates "HTTP/1.1 200 OK"
2025-04-14 03:58:21,122 - httpx - INFO - HTTP Request: POST https://api.telegram.org/bot7690359419:AAFO0dgpL0IaAP44WCMtNOTPMq5plBmPWlA/getUpdates "HTTP/1.1 200 OK"
2025-04-14 03:58:31,158 - httpx - INFO - HTTP Request: POST https://api.telegram.org/bot7690359419:AAFO0dgpL0IaAP44WCMtNOTPMq5plBmPWlA/getUpdates "HTTP/1.1 200 OK"
2025-04-14 03:58:41,191 - httpx - INFO - HTTP Request: POST https://api.telegram.org/bot7690359419:AAFO0dgpL0IaAP44WCMtNOTPMq5plBmPWlA/getUpdates "HTTP/1.1 200 OK"
2025-04-14 03:58:51,225 - httpx - INFO - HTTP Request: POST https://api.telegram.org/bot7690359419:AAFO0dgpL0IaAP44WCMtNOTPMq5plBmPWlA/getUpdates "HTTP/1.1 200 OK"
2025-04-14 03:59:01,257 - httpx - INFO - HTTP Request: POST https://api.telegram.org/bot7690359419:AAFO0dgpL0IaAP44WCMtNOTPMq5plBmPWlA/getUpdates "HTTP/1.1 200 OK"
2025-04-14 03:59:11,288 - httpx - INFO - HTTP Request: POST https://api.telegram.org/bot7690359419:AAFO0dgpL0IaAP44WCMtNOTPMq5plBmPWlA/getUpdates "HTTP/1.1 200 OK"
2025-04-14 03:59:21,320 - httpx - INFO - HTTP Request: POST https://api.telegram.org/bot7690359419:AAFO0dgpL0IaAP44WCMtNOTPMq5plBmPWlA/getUpdates "HTTP/1.1 200 OK"
2025-04-14 03:59:31,352 - httpx - INFO - HTTP Request: POST https://api.telegram.org/bot7690359419:AAFO0dgpL0IaAP44WCMtNOTPMq5plBmPWlA/getUpdates "HTTP/1.1 200 OK"
2025-04-14 03:59:41,386 - httpx - INFO - HTTP Request: POST https://api.telegram.org/bot7690359419:AAFO0dgpL0IaAP44WCMtNOTPMq5plBmPWlA/getUpdates "HTTP/1.1 200 OK"
2025-04-14 03:59:51,419 - httpx - INFO - HTTP Request: POST https://api.telegram.org/bot7690359419:AAFO0dgpL0IaAP44WCMtNOTPMq5plBmPWlA/getUpdates "HTTP/1.1 200 OK"
2025-04-14 04:00:01,452 - httpx - INFO - HTTP Request: POST https://api.telegram.org/bot7690359419:AAFO0dgpL0IaAP44WCMtNOTPMq5plBmPWlA/getUpdates "HTTP/1.1 200 OK"
2025-04-14 04:00:11,485 - httpx - INFO - HTTP Request: POST https://api.telegram.org/bot7690359419:AAFO0dgpL0IaAP44WCMtNOTPMq5plBmPWlA/getUpdates "HTTP/1.1 200 OK"
2025-04-14 04:00:21,518 - httpx - INFO - HTTP Request: POST https://api.telegram.org/bot7690359419:AAFO0dgpL0IaAP44WCMtNOTPMq5plBmPWlA/getUpdates "HTTP/1.1 200 OK"
2025-04-14 04:00:31,550 - httpx - INFO - HTTP Request: POST https://api.telegram.org/bot7690359419:AAFO0dgpL0IaAP44WCMtNOTPMq5plBmPWlA/getUpdates "HTTP/1.1 200 OK"
2025-04-14 04:00:41,585 - httpx - INFO - HTTP Request: POST https://api.telegram.org/bot7690359419:AAFO0dgpL0IaAP44WCMtNOTPMq5plBmPWlA/getUpdates "HTTP/1.1 200 OK"
2025-04-14 04:02:50,007 - httpx - INFO - HTTP Request: POST https://api.telegram.org/botYOUR_BOT_TOKEN/getMe "HTTP/1.1 404 Not Found"
2025-04-14 04:02:50,007 - telegram.ext - ERROR - Network Retry Loop (Bootstrap Initialize Application): Invalid token. Aborting retry loop.
Traceback (most recent call last):
  File "E:\Python\Python 3.12.6\Lib\site-packages\telegram\_bot.py", line 835, in initialize
    await self.get_me()
  File "E:\Python\Python 3.12.6\Lib\site-packages\telegram\ext\_extbot.py", line 1969, in get_me
    return await super().get_me(
           ^^^^^^^^^^^^^^^^^^^^^
  File "E:\Python\Python 3.12.6\Lib\site-packages\telegram\_bot.py", line 967, in get_me
    result = await self._post(
             ^^^^^^^^^^^^^^^^^
  File "E:\Python\Python 3.12.6\Lib\site-packages\telegram\_bot.py", line 691, in _post
    return await self._do_post(
           ^^^^^^^^^^^^^^^^^^^^
  File "E:\Python\Python 3.12.6\Lib\site-packages\telegram\ext\_extbot.py", line 362, in _do_post
    return await super()._do_post(
           ^^^^^^^^^^^^^^^^^^^^^^^
  File "E:\Python\Python 3.12.6\Lib\site-packages\telegram\_bot.py", line 720, in _do_post
    result = await request.post(
             ^^^^^^^^^^^^^^^^^^^
  File "E:\Python\Python 3.12.6\Lib\site-packages\telegram\request\_baserequest.py", line 197, in post
    result = await self._request_wrapper(
             ^^^^^^^^^^^^^^^^^^^^^^^^^^^^
  File "E:\Python\Python 3.12.6\Lib\site-packages\telegram\request\_baserequest.py", line 351, in _request_wrapper
    raise InvalidToken(message)
telegram.error.InvalidToken: Not Found

The above exception was the direct cause of the following exception:

Traceback (most recent call last):
  File "E:\Python\Python 3.12.6\Lib\site-packages\telegram\ext\_utils\networkloop.py", line 115, in network_retry_loop
    if not await do_action():
           ^^^^^^^^^^^^^^^^^
  File "E:\Python\Python 3.12.6\Lib\site-packages\telegram\ext\_utils\networkloop.py", line 93, in do_action
    return await action_cb()
           ^^^^^^^^^^^^^^^^^
  File "E:\Python\Python 3.12.6\Lib\site-packages\telegram\ext\_application.py", line 486, in initialize
    await self.bot.initialize()
  File "E:\Python\Python 3.12.6\Lib\site-packages\telegram\ext\_extbot.py", line 308, in initialize
    await super().initialize()
  File "E:\Python\Python 3.12.6\Lib\site-packages\telegram\_bot.py", line 837, in initialize
    raise InvalidToken(f"The token `{self._token}` was rejected by the server.") from exc
telegram.error.InvalidToken: The token `YOUR_BOT_TOKEN` was rejected by the server.
2025-04-14 04:03:36,506 - httpx - INFO - HTTP Request: POST https://api.telegram.org/bot7690359419:AAFO0dgpL0IaAP44WCMtNOTPMq5plBmPWlA/getMe "HTTP/1.1 200 OK"
2025-04-14 04:03:36,541 - httpx - INFO - HTTP Request: POST https://api.telegram.org/bot7690359419:AAFO0dgpL0IaAP44WCMtNOTPMq5plBmPWlA/deleteWebhook "HTTP/1.1 200 OK"
2025-04-14 04:03:36,542 - telegram.ext.Application - INFO - Application started
2025-04-14 04:03:46,655 - httpx - INFO - HTTP Request: POST https://api.telegram.org/bot7690359419:AAFO0dgpL0IaAP44WCMtNOTPMq5plBmPWlA/getUpdates "HTTP/1.1 200 OK"
2025-04-14 04:03:56,690 - httpx - INFO - HTTP Request: POST https://api.telegram.org/bot7690359419:AAFO0dgpL0IaAP44WCMtNOTPMq5plBmPWlA/getUpdates "HTTP/1.1 200 OK"
2025-04-14 04:04:06,728 - httpx - INFO - HTTP Request: POST https://api.telegram.org/bot7690359419:AAFO0dgpL0IaAP44WCMtNOTPMq5plBmPWlA/getUpdates "HTTP/1.1 200 OK"
2025-04-14 04:04:16,762 - httpx - INFO - HTTP Request: POST https://api.telegram.org/bot7690359419:AAFO0dgpL0IaAP44WCMtNOTPMq5plBmPWlA/getUpdates "HTTP/1.1 200 OK"
2025-04-14 04:04:26,804 - httpx - INFO - HTTP Request: POST https://api.telegram.org/bot7690359419:AAFO0dgpL0IaAP44WCMtNOTPMq5plBmPWlA/getUpdates "HTTP/1.1 200 OK"
2025-04-14 04:04:35,359 - httpx - INFO - HTTP Request: POST https://api.telegram.org/bot7690359419:AAFO0dgpL0IaAP44WCMtNOTPMq5plBmPWlA/getUpdates "HTTP/1.1 200 OK"
2025-04-14 04:04:35,565 - httpx - INFO - HTTP Request: POST https://api.telegram.org/bot7690359419:AAFO0dgpL0IaAP44WCMtNOTPMq5plBmPWlA/sendMessage "HTTP/1.1 200 OK"
2025-04-14 04:04:35,566 - root - INFO - Начало загрузки видео по ссылке: https://www.youtube.com/watch?v=merKjCcpxVY
2025-04-14 04:04:42,889 - httpx - INFO - HTTP Request: POST https://api.telegram.org/bot7690359419:AAFO0dgpL0IaAP44WCMtNOTPMq5plBmPWlA/sendVideo "HTTP/1.1 200 OK"
2025-04-14 04:04:42,890 - root - INFO - Видео успешно отправлено в чат: -1002559211865_video.mp4
2025-04-14 04:04:45,621 - root - ERROR - Ошибка при извлечении аудио: Command '['ffmpeg', '-i', '-1002559211865_video.mp4', '-vn', '-acodec', 'libmp3lame', '-ar', '44100', '-ac', '2', '-1002559211865_audio.mp3']' returned non-zero exit status 2880417800.
2025-04-14 04:04:45,623 - httpx - INFO - HTTP Request: POST https://api.telegram.org/bot7690359419:AAFO0dgpL0IaAP44WCMtNOTPMq5plBmPWlA/getUpdates "HTTP/1.1 200 OK"
2025-04-14 04:04:45,678 - httpx - INFO - HTTP Request: POST https://api.telegram.org/bot7690359419:AAFO0dgpL0IaAP44WCMtNOTPMq5plBmPWlA/sendMessage "HTTP/1.1 200 OK"
2025-04-14 04:04:55,660 - httpx - INFO - HTTP Request: POST https://api.telegram.org/bot7690359419:AAFO0dgpL0IaAP44WCMtNOTPMq5plBmPWlA/getUpdates "HTTP/1.1 200 OK"
2025-04-14 04:05:05,695 - httpx - INFO - HTTP Request: POST https://api.telegram.org/bot7690359419:AAFO0dgpL0IaAP44WCMtNOTPMq5plBmPWlA/getUpdates "HTTP/1.1 200 OK"
2025-04-14 04:05:15,729 - httpx - INFO - HTTP Request: POST https://api.telegram.org/bot7690359419:AAFO0dgpL0IaAP44WCMtNOTPMq5plBmPWlA/getUpdates "HTTP/1.1 200 OK"
2025-04-14 04:05:25,766 - httpx - INFO - HTTP Request: POST https://api.telegram.org/bot7690359419:AAFO0dgpL0IaAP44WCMtNOTPMq5plBmPWlA/getUpdates "HTTP/1.1 200 OK"
2025-04-14 04:05:35,802 - httpx - INFO - HTTP Request: POST https://api.telegram.org/bot7690359419:AAFO0dgpL0IaAP44WCMtNOTPMq5plBmPWlA/getUpdates "HTTP/1.1 200 OK"
2025-04-14 04:05:45,842 - httpx - INFO - HTTP Request: POST https://api.telegram.org/bot7690359419:AAFO0dgpL0IaAP44WCMtNOTPMq5plBmPWlA/getUpdates "HTTP/1.1 200 OK"
2025-04-14 04:05:55,876 - httpx - INFO - HTTP Request: POST https://api.telegram.org/bot7690359419:AAFO0dgpL0IaAP44WCMtNOTPMq5plBmPWlA/getUpdates "HTTP/1.1 200 OK"
2025-04-14 04:06:05,910 - httpx - INFO - HTTP Request: POST https://api.telegram.org/bot7690359419:AAFO0dgpL0IaAP44WCMtNOTPMq5plBmPWlA/getUpdates "HTTP/1.1 200 OK"
2025-04-14 04:06:15,949 - httpx - INFO - HTTP Request: POST https://api.telegram.org/bot7690359419:AAFO0dgpL0IaAP44WCMtNOTPMq5plBmPWlA/getUpdates "HTTP/1.1 200 OK"
2025-04-14 04:06:25,985 - httpx - INFO - HTTP Request: POST https://api.telegram.org/bot7690359419:AAFO0dgpL0IaAP44WCMtNOTPMq5plBmPWlA/getUpdates "HTTP/1.1 200 OK"
2025-04-14 04:06:36,021 - httpx - INFO - HTTP Request: POST https://api.telegram.org/bot7690359419:AAFO0dgpL0IaAP44WCMtNOTPMq5plBmPWlA/getUpdates "HTTP/1.1 200 OK"
2025-04-14 04:06:46,059 - httpx - INFO - HTTP Request: POST https://api.telegram.org/bot7690359419:AAFO0dgpL0IaAP44WCMtNOTPMq5plBmPWlA/getUpdates "HTTP/1.1 200 OK"
2025-04-14 04:06:56,093 - httpx - INFO - HTTP Request: POST https://api.telegram.org/bot7690359419:AAFO0dgpL0IaAP44WCMtNOTPMq5plBmPWlA/getUpdates "HTTP/1.1 200 OK"
2025-04-14 04:07:06,130 - httpx - INFO - HTTP Request: POST https://api.telegram.org/bot7690359419:AAFO0dgpL0IaAP44WCMtNOTPMq5plBmPWlA/getUpdates "HTTP/1.1 200 OK"
2025-04-14 04:07:16,164 - httpx - INFO - HTTP Request: POST https://api.telegram.org/bot7690359419:AAFO0dgpL0IaAP44WCMtNOTPMq5plBmPWlA/getUpdates "HTTP/1.1 200 OK"
2025-04-14 04:07:26,201 - httpx - INFO - HTTP Request: POST https://api.telegram.org/bot7690359419:AAFO0dgpL0IaAP44WCMtNOTPMq5plBmPWlA/getUpdates "HTTP/1.1 200 OK"
2025-04-14 04:07:36,237 - httpx - INFO - HTTP Request: POST https://api.telegram.org/bot7690359419:AAFO0dgpL0IaAP44WCMtNOTPMq5plBmPWlA/getUpdates "HTTP/1.1 200 OK"
2025-04-14 04:07:46,270 - httpx - INFO - HTTP Request: POST https://api.telegram.org/bot7690359419:AAFO0dgpL0IaAP44WCMtNOTPMq5plBmPWlA/getUpdates "HTTP/1.1 200 OK"
2025-04-14 04:07:56,304 - httpx - INFO - HTTP Request: POST https://api.telegram.org/bot7690359419:AAFO0dgpL0IaAP44WCMtNOTPMq5plBmPWlA/getUpdates "HTTP/1.1 200 OK"
2025-04-14 04:08:06,340 - httpx - INFO - HTTP Request: POST https://api.telegram.org/bot7690359419:AAFO0dgpL0IaAP44WCMtNOTPMq5plBmPWlA/getUpdates "HTTP/1.1 200 OK"
2025-04-14 04:08:16,376 - httpx - INFO - HTTP Request: POST https://api.telegram.org/bot7690359419:AAFO0dgpL0IaAP44WCMtNOTPMq5plBmPWlA/getUpdates "HTTP/1.1 200 OK"
2025-04-14 04:08:26,411 - httpx - INFO - HTTP Request: POST https://api.telegram.org/bot7690359419:AAFO0dgpL0IaAP44WCMtNOTPMq5plBmPWlA/getUpdates "HTTP/1.1 200 OK"
2025-04-14 04:08:36,450 - httpx - INFO - HTTP Request: POST https://api.telegram.org/bot7690359419:AAFO0dgpL0IaAP44WCMtNOTPMq5plBmPWlA/getUpdates "HTTP/1.1 200 OK"
2025-04-14 04:08:46,493 - httpx - INFO - HTTP Request: POST https://api.telegram.org/bot7690359419:AAFO0dgpL0IaAP44WCMtNOTPMq5plBmPWlA/getUpdates "HTTP/1.1 200 OK"
2025-04-14 04:08:56,524 - httpx - INFO - HTTP Request: POST https://api.telegram.org/bot7690359419:AAFO0dgpL0IaAP44WCMtNOTPMq5plBmPWlA/getUpdates "HTTP/1.1 200 OK"
2025-04-14 04:09:06,558 - httpx - INFO - HTTP Request: POST https://api.telegram.org/bot7690359419:AAFO0dgpL0IaAP44WCMtNOTPMq5plBmPWlA/getUpdates "HTTP/1.1 200 OK"
2025-04-14 04:09:16,591 - httpx - INFO - HTTP Request: POST https://api.telegram.org/bot7690359419:AAFO0dgpL0IaAP44WCMtNOTPMq5plBmPWlA/getUpdates "HTTP/1.1 200 OK"
2025-04-14 04:09:26,626 - httpx - INFO - HTTP Request: POST https://api.telegram.org/bot7690359419:AAFO0dgpL0IaAP44WCMtNOTPMq5plBmPWlA/getUpdates "HTTP/1.1 200 OK"
2025-04-14 04:09:36,660 - httpx - INFO - HTTP Request: POST https://api.telegram.org/bot7690359419:AAFO0dgpL0IaAP44WCMtNOTPMq5plBmPWlA/getUpdates "HTTP/1.1 200 OK"
2025-04-14 04:09:46,693 - httpx - INFO - HTTP Request: POST https://api.telegram.org/bot7690359419:AAFO0dgpL0IaAP44WCMtNOTPMq5plBmPWlA/getUpdates "HTTP/1.1 200 OK"
2025-04-14 04:09:56,728 - httpx - INFO - HTTP Request: POST https://api.telegram.org/bot7690359419:AAFO0dgpL0IaAP44WCMtNOTPMq5plBmPWlA/getUpdates "HTTP/1.1 200 OK"
2025-04-14 04:10:06,763 - httpx - INFO - HTTP Request: POST https://api.telegram.org/bot7690359419:AAFO0dgpL0IaAP44WCMtNOTPMq5plBmPWlA/getUpdates "HTTP/1.1 200 OK"
2025-04-14 04:10:16,807 - httpx - INFO - HTTP Request: POST https://api.telegram.org/bot7690359419:AAFO0dgpL0IaAP44WCMtNOTPMq5plBmPWlA/getUpdates "HTTP/1.1 200 OK"
2025-04-14 04:10:26,840 - httpx - INFO - HTTP Request: POST https://api.telegram.org/bot7690359419:AAFO0dgpL0IaAP44WCMtNOTPMq5plBmPWlA/getUpdates "HTTP/1.1 200 OK"
2025-04-14 04:10:36,875 - httpx - INFO - HTTP Request: POST https://api.telegram.org/bot7690359419:AAFO0dgpL0IaAP44WCMtNOTPMq5plBmPWlA/getUpdates "HTTP/1.1 200 OK"
2025-04-14 04:10:46,910 - httpx - INFO - HTTP Request: POST https://api.telegram.org/bot7690359419:AAFO0dgpL0IaAP44WCMtNOTPMq5plBmPWlA/getUpdates "HTTP/1.1 200 OK"
2025-04-14 04:10:56,946 - httpx - INFO - HTTP Request: POST https://api.telegram.org/bot7690359419:AAFO0dgpL0IaAP44WCMtNOTPMq5plBmPWlA/getUpdates "HTTP/1.1 200 OK"
2025-04-14 04:11:06,980 - httpx - INFO - HTTP Request: POST https://api.telegram.org/bot7690359419:AAFO0dgpL0IaAP44WCMtNOTPMq5plBmPWlA/getUpdates "HTTP/1.1 200 OK"
2025-04-14 04:11:17,013 - httpx - INFO - HTTP Request: POST https://api.telegram.org/bot7690359419:AAFO0dgpL0IaAP44WCMtNOTPMq5plBmPWlA/getUpdates "HTTP/1.1 200 OK"
2025-04-14 04:11:27,050 - httpx - INFO - HTTP Request: POST https://api.telegram.org/bot7690359419:AAFO0dgpL0IaAP44WCMtNOTPMq5plBmPWlA/getUpdates "HTTP/1.1 200 OK"
2025-04-14 04:11:37,083 - httpx - INFO - HTTP Request: POST https://api.telegram.org/bot7690359419:AAFO0dgpL0IaAP44WCMtNOTPMq5plBmPWlA/getUpdates "HTTP/1.1 200 OK"
2025-04-14 04:11:47,116 - httpx - INFO - HTTP Request: POST https://api.telegram.org/bot7690359419:AAFO0dgpL0IaAP44WCMtNOTPMq5plBmPWlA/getUpdates "HTTP/1.1 200 OK"
2025-04-14 04:11:57,152 - httpx - INFO - HTTP Request: POST https://api.telegram.org/bot7690359419:AAFO0dgpL0IaAP44WCMtNOTPMq5plBmPWlA/getUpdates "HTTP/1.1 200 OK"
2025-04-14 04:12:07,190 - httpx - INFO - HTTP Request: POST https://api.telegram.org/bot7690359419:AAFO0dgpL0IaAP44WCMtNOTPMq5plBmPWlA/getUpdates "HTTP/1.1 200 OK"
2025-04-14 04:12:17,235 - httpx - INFO - HTTP Request: POST https://api.telegram.org/bot7690359419:AAFO0dgpL0IaAP44WCMtNOTPMq5plBmPWlA/getUpdates "HTTP/1.1 200 OK"
2025-04-14 04:12:27,269 - httpx - INFO - HTTP Request: POST https://api.telegram.org/bot7690359419:AAFO0dgpL0IaAP44WCMtNOTPMq5plBmPWlA/getUpdates "HTTP/1.1 200 OK"
2025-04-14 04:12:37,304 - httpx - INFO - HTTP Request: POST https://api.telegram.org/bot7690359419:AAFO0dgpL0IaAP44WCMtNOTPMq5plBmPWlA/getUpdates "HTTP/1.1 200 OK"
2025-04-14 04:12:47,341 - httpx - INFO - HTTP Request: POST https://api.telegram.org/bot7690359419:AAFO0dgpL0IaAP44WCMtNOTPMq5plBmPWlA/getUpdates "HTTP/1.1 200 OK"
2025-04-14 04:12:57,375 - httpx - INFO - HTTP Request: POST https://api.telegram.org/bot7690359419:AAFO0dgpL0IaAP44WCMtNOTPMq5plBmPWlA/getUpdates "HTTP/1.1 200 OK"
2025-04-14 04:13:32,741 - httpx - INFO - HTTP Request: POST https://api.telegram.org/bot7690359419:AAFO0dgpL0IaAP44WCMtNOTPMq5plBmPWlA/getMe "HTTP/1.1 200 OK"
2025-04-14 04:13:32,775 - httpx - INFO - HTTP Request: POST https://api.telegram.org/bot7690359419:AAFO0dgpL0IaAP44WCMtNOTPMq5plBmPWlA/deleteWebhook "HTTP/1.1 200 OK"
2025-04-14 04:13:32,776 - telegram.ext.Application - INFO - Application started
2025-04-14 04:13:42,882 - httpx - INFO - HTTP Request: POST https://api.telegram.org/bot7690359419:AAFO0dgpL0IaAP44WCMtNOTPMq5plBmPWlA/getUpdates "HTTP/1.1 200 OK"
2025-04-14 04:13:52,917 - httpx - INFO - HTTP Request: POST https://api.telegram.org/bot7690359419:AAFO0dgpL0IaAP44WCMtNOTPMq5plBmPWlA/getUpdates "HTTP/1.1 200 OK"
2025-04-14 04:13:53,478 - httpx - INFO - HTTP Request: POST https://api.telegram.org/bot7690359419:AAFO0dgpL0IaAP44WCMtNOTPMq5plBmPWlA/getUpdates "HTTP/1.1 200 OK"
2025-04-14 04:13:53,608 - httpx - INFO - HTTP Request: POST https://api.telegram.org/bot7690359419:AAFO0dgpL0IaAP44WCMtNOTPMq5plBmPWlA/sendMessage "HTTP/1.1 200 OK"
2025-04-14 04:13:53,610 - root - INFO - Начало загрузки видео по ссылке: https://www.youtube.com/watch?v=merKjCcpxVY
2025-04-14 04:14:00,696 - httpx - INFO - HTTP Request: POST https://api.telegram.org/bot7690359419:AAFO0dgpL0IaAP44WCMtNOTPMq5plBmPWlA/sendVideo "HTTP/1.1 200 OK"
2025-04-14 04:14:00,697 - root - INFO - Видео успешно отправлено в чат: -1002559211865_video.mp4
2025-04-14 04:14:00,730 - root - ERROR - Ошибка при извлечении аудио: Command '['ffmpeg', '-i', '-1002559211865_video.mp4', '-vn', '-acodec', 'libmp3lame', '-ar', '44100', '-ac', '2', '-1002559211865_audio.mp3']' returned non-zero exit status 2880417800.
2025-04-14 04:14:00,779 - httpx - INFO - HTTP Request: POST https://api.telegram.org/bot7690359419:AAFO0dgpL0IaAP44WCMtNOTPMq5plBmPWlA/sendMessage "HTTP/1.1 200 OK"
2025-04-14 04:14:03,519 - httpx - INFO - HTTP Request: POST https://api.telegram.org/bot7690359419:AAFO0dgpL0IaAP44WCMtNOTPMq5plBmPWlA/getUpdates "HTTP/1.1 200 OK"
2025-04-14 04:14:13,555 - httpx - INFO - HTTP Request: POST https://api.telegram.org/bot7690359419:AAFO0dgpL0IaAP44WCMtNOTPMq5plBmPWlA/getUpdates "HTTP/1.1 200 OK"
2025-04-14 04:14:23,589 - httpx - INFO - HTTP Request: POST https://api.telegram.org/bot7690359419:AAFO0dgpL0IaAP44WCMtNOTPMq5plBmPWlA/getUpdates "HTTP/1.1 200 OK"
2025-04-14 04:14:33,624 - httpx - INFO - HTTP Request: POST https://api.telegram.org/bot7690359419:AAFO0dgpL0IaAP44WCMtNOTPMq5plBmPWlA/getUpdates "HTTP/1.1 200 OK"
2025-04-14 04:14:43,656 - httpx - INFO - HTTP Request: POST https://api.telegram.org/bot7690359419:AAFO0dgpL0IaAP44WCMtNOTPMq5plBmPWlA/getUpdates "HTTP/1.1 200 OK"
2025-04-14 04:14:53,690 - httpx - INFO - HTTP Request: POST https://api.telegram.org/bot7690359419:AAFO0dgpL0IaAP44WCMtNOTPMq5plBmPWlA/getUpdates "HTTP/1.1 200 OK"
2025-04-14 04:15:03,722 - httpx - INFO - HTTP Request: POST https://api.telegram.org/bot7690359419:AAFO0dgpL0IaAP44WCMtNOTPMq5plBmPWlA/getUpdates "HTTP/1.1 200 OK"
2025-04-14 04:15:13,757 - httpx - INFO - HTTP Request: POST https://api.telegram.org/bot7690359419:AAFO0dgpL0IaAP44WCMtNOTPMq5plBmPWlA/getUpdates "HTTP/1.1 200 OK"
2025-04-14 04:15:23,790 - httpx - INFO - HTTP Request: POST https://api.telegram.org/bot7690359419:AAFO0dgpL0IaAP44WCMtNOTPMq5plBmPWlA/getUpdates "HTTP/1.1 200 OK"
2025-04-14 04:15:33,821 - httpx - INFO - HTTP Request: POST https://api.telegram.org/bot7690359419:AAFO0dgpL0IaAP44WCMtNOTPMq5plBmPWlA/getUpdates "HTTP/1.1 200 OK"
2025-04-14 04:15:43,857 - httpx - INFO - HTTP Request: POST https://api.telegram.org/bot7690359419:AAFO0dgpL0IaAP44WCMtNOTPMq5plBmPWlA/getUpdates "HTTP/1.1 200 OK"
2025-04-14 04:15:53,891 - httpx - INFO - HTTP Request: POST https://api.telegram.org/bot7690359419:AAFO0dgpL0IaAP44WCMtNOTPMq5plBmPWlA/getUpdates "HTTP/1.1 200 OK"
2025-04-14 04:16:03,924 - httpx - INFO - HTTP Request: POST https://api.telegram.org/bot7690359419:AAFO0dgpL0IaAP44WCMtNOTPMq5plBmPWlA/getUpdates "HTTP/1.1 200 OK"
2025-04-14 04:16:13,955 - httpx - INFO - HTTP Request: POST https://api.telegram.org/bot7690359419:AAFO0dgpL0IaAP44WCMtNOTPMq5plBmPWlA/getUpdates "HTTP/1.1 200 OK"
2025-04-14 04:16:23,991 - httpx - INFO - HTTP Request: POST https://api.telegram.org/bot7690359419:AAFO0dgpL0IaAP44WCMtNOTPMq5plBmPWlA/getUpdates "HTTP/1.1 200 OK"
2025-04-14 04:16:34,023 - httpx - INFO - HTTP Request: POST https://api.telegram.org/bot7690359419:AAFO0dgpL0IaAP44WCMtNOTPMq5plBmPWlA/getUpdates "HTTP/1.1 200 OK"
2025-04-14 04:16:44,059 - httpx - INFO - HTTP Request: POST https://api.telegram.org/bot7690359419:AAFO0dgpL0IaAP44WCMtNOTPMq5plBmPWlA/getUpdates "HTTP/1.1 200 OK"
2025-04-14 04:16:54,096 - httpx - INFO - HTTP Request: POST https://api.telegram.org/bot7690359419:AAFO0dgpL0IaAP44WCMtNOTPMq5plBmPWlA/getUpdates "HTTP/1.1 200 OK"
2025-04-14 04:17:04,130 - httpx - INFO - HTTP Request: POST https://api.telegram.org/bot7690359419:AAFO0dgpL0IaAP44WCMtNOTPMq5plBmPWlA/getUpdates "HTTP/1.1 200 OK"
2025-04-14 04:17:14,162 - httpx - INFO - HTTP Request: POST https://api.telegram.org/bot7690359419:AAFO0dgpL0IaAP44WCMtNOTPMq5plBmPWlA/getUpdates "HTTP/1.1 200 OK"
2025-04-14 04:17:24,198 - httpx - INFO - HTTP Request: POST https://api.telegram.org/bot7690359419:AAFO0dgpL0IaAP44WCMtNOTPMq5plBmPWlA/getUpdates "HTTP/1.1 200 OK"
2025-04-14 04:17:34,230 - httpx - INFO - HTTP Request: POST https://api.telegram.org/bot7690359419:AAFO0dgpL0IaAP44WCMtNOTPMq5plBmPWlA/getUpdates "HTTP/1.1 200 OK"
2025-04-14 04:17:44,263 - httpx - INFO - HTTP Request: POST https://api.telegram.org/bot7690359419:AAFO0dgpL0IaAP44WCMtNOTPMq5plBmPWlA/getUpdates "HTTP/1.1 200 OK"
2025-04-14 04:17:54,298 - httpx - INFO - HTTP Request: POST https://api.telegram.org/bot7690359419:AAFO0dgpL0IaAP44WCMtNOTPMq5plBmPWlA/getUpdates "HTTP/1.1 200 OK"
2025-04-14 04:18:04,330 - httpx - INFO - HTTP Request: POST https://api.telegram.org/bot7690359419:AAFO0dgpL0IaAP44WCMtNOTPMq5plBmPWlA/getUpdates "HTTP/1.1 200 OK"
2025-04-14 04:18:14,364 - httpx - INFO - HTTP Request: POST https://api.telegram.org/bot7690359419:AAFO0dgpL0IaAP44WCMtNOTPMq5plBmPWlA/getUpdates "HTTP/1.1 200 OK"
2025-04-14 04:18:24,396 - httpx - INFO - HTTP Request: POST https://api.telegram.org/bot7690359419:AAFO0dgpL0IaAP44WCMtNOTPMq5plBmPWlA/getUpdates "HTTP/1.1 200 OK"
2025-04-14 04:18:34,429 - httpx - INFO - HTTP Request: POST https://api.telegram.org/bot7690359419:AAFO0dgpL0IaAP44WCMtNOTPMq5plBmPWlA/getUpdates "HTTP/1.1 200 OK"
2025-04-14 04:18:44,468 - httpx - INFO - HTTP Request: POST https://api.telegram.org/bot7690359419:AAFO0dgpL0IaAP44WCMtNOTPMq5plBmPWlA/getUpdates "HTTP/1.1 200 OK"
2025-04-14 04:18:48,688 - httpx - INFO - HTTP Request: POST https://api.telegram.org/bot7690359419:AAFO0dgpL0IaAP44WCMtNOTPMq5plBmPWlA/getUpdates "HTTP/1.1 200 OK"
2025-04-14 04:18:58,722 - httpx - INFO - HTTP Request: POST https://api.telegram.org/bot7690359419:AAFO0dgpL0IaAP44WCMtNOTPMq5plBmPWlA/getUpdates "HTTP/1.1 200 OK"
2025-04-14 04:19:08,757 - httpx - INFO - HTTP Request: POST https://api.telegram.org/bot7690359419:AAFO0dgpL0IaAP44WCMtNOTPMq5plBmPWlA/getUpdates "HTTP/1.1 200 OK"
2025-04-14 04:19:18,790 - httpx - INFO - HTTP Request: POST https://api.telegram.org/bot7690359419:AAFO0dgpL0IaAP44WCMtNOTPMq5plBmPWlA/getUpdates "HTTP/1.1 200 OK"
2025-04-14 04:19:28,822 - httpx - INFO - HTTP Request: POST https://api.telegram.org/bot7690359419:AAFO0dgpL0IaAP44WCMtNOTPMq5plBmPWlA/getUpdates "HTTP/1.1 200 OK"
2025-04-14 04:19:38,855 - httpx - INFO - HTTP Request: POST https://api.telegram.org/bot7690359419:AAFO0dgpL0IaAP44WCMtNOTPMq5plBmPWlA/getUpdates "HTTP/1.1 200 OK"
2025-04-14 04:19:48,887 - httpx - INFO - HTTP Request: POST https://api.telegram.org/bot7690359419:AAFO0dgpL0IaAP44WCMtNOTPMq5plBmPWlA/getUpdates "HTTP/1.1 200 OK"
2025-04-14 04:19:58,924 - httpx - INFO - HTTP Request: POST https://api.telegram.org/bot7690359419:AAFO0dgpL0IaAP44WCMtNOTPMq5plBmPWlA/getUpdates "HTTP/1.1 200 OK"
2025-04-14 04:20:08,957 - httpx - INFO - HTTP Request: POST https://api.telegram.org/bot7690359419:AAFO0dgpL0IaAP44WCMtNOTPMq5plBmPWlA/getUpdates "HTTP/1.1 200 OK"
2025-04-14 04:20:18,991 - httpx - INFO - HTTP Request: POST https://api.telegram.org/bot7690359419:AAFO0dgpL0IaAP44WCMtNOTPMq5plBmPWlA/getUpdates "HTTP/1.1 200 OK"
2025-04-14 04:20:29,025 - httpx - INFO - HTTP Request: POST https://api.telegram.org/bot7690359419:AAFO0dgpL0IaAP44WCMtNOTPMq5plBmPWlA/getUpdates "HTTP/1.1 200 OK"
2025-04-14 04:20:39,057 - httpx - INFO - HTTP Request: POST https://api.telegram.org/bot7690359419:AAFO0dgpL0IaAP44WCMtNOTPMq5plBmPWlA/getUpdates "HTTP/1.1 200 OK"
2025-04-14 04:20:49,092 - httpx - INFO - HTTP Request: POST https://api.telegram.org/bot7690359419:AAFO0dgpL0IaAP44WCMtNOTPMq5plBmPWlA/getUpdates "HTTP/1.1 200 OK"
2025-04-14 04:20:59,125 - httpx - INFO - HTTP Request: POST https://api.telegram.org/bot7690359419:AAFO0dgpL0IaAP44WCMtNOTPMq5plBmPWlA/getUpdates "HTTP/1.1 200 OK"
2025-04-14 04:21:09,159 - httpx - INFO - HTTP Request: POST https://api.telegram.org/bot7690359419:AAFO0dgpL0IaAP44WCMtNOTPMq5plBmPWlA/getUpdates "HTTP/1.1 200 OK"
2025-04-14 04:21:19,193 - httpx - INFO - HTTP Request: POST https://api.telegram.org/bot7690359419:AAFO0dgpL0IaAP44WCMtNOTPMq5plBmPWlA/getUpdates "HTTP/1.1 200 OK"
2025-04-14 04:21:29,225 - httpx - INFO - HTTP Request: POST https://api.telegram.org/bot7690359419:AAFO0dgpL0IaAP44WCMtNOTPMq5plBmPWlA/getUpdates "HTTP/1.1 200 OK"
2025-04-14 04:21:39,260 - httpx - INFO - HTTP Request: POST https://api.telegram.org/bot7690359419:AAFO0dgpL0IaAP44WCMtNOTPMq5plBmPWlA/getUpdates "HTTP/1.1 200 OK"
2025-04-14 04:21:49,293 - httpx - INFO - HTTP Request: POST https://api.telegram.org/bot7690359419:AAFO0dgpL0IaAP44WCMtNOTPMq5plBmPWlA/getUpdates "HTTP/1.1 200 OK"
2025-04-14 04:21:59,326 - httpx - INFO - HTTP Request: POST https://api.telegram.org/bot7690359419:AAFO0dgpL0IaAP44WCMtNOTPMq5plBmPWlA/getUpdates "HTTP/1.1 200 OK"
2025-04-14 04:22:09,365 - httpx - INFO - HTTP Request: POST https://api.telegram.org/bot7690359419:AAFO0dgpL0IaAP44WCMtNOTPMq5plBmPWlA/getUpdates "HTTP/1.1 200 OK"
2025-04-14 04:22:19,396 - httpx - INFO - HTTP Request: POST https://api.telegram.org/bot7690359419:AAFO0dgpL0IaAP44WCMtNOTPMq5plBmPWlA/getUpdates "HTTP/1.1 200 OK"
2025-04-14 04:22:29,432 - httpx - INFO - HTTP Request: POST https://api.telegram.org/bot7690359419:AAFO0dgpL0IaAP44WCMtNOTPMq5plBmPWlA/getUpdates "HTTP/1.1 200 OK"
2025-04-14 04:22:39,468 - httpx - INFO - HTTP Request: POST https://api.telegram.org/bot7690359419:AAFO0dgpL0IaAP44WCMtNOTPMq5plBmPWlA/getUpdates "HTTP/1.1 200 OK"
2025-04-14 04:22:49,500 - httpx - INFO - HTTP Request: POST https://api.telegram.org/bot7690359419:AAFO0dgpL0IaAP44WCMtNOTPMq5plBmPWlA/getUpdates "HTTP/1.1 200 OK"
2025-04-14 04:22:59,532 - httpx - INFO - HTTP Request: POST https://api.telegram.org/bot7690359419:AAFO0dgpL0IaAP44WCMtNOTPMq5plBmPWlA/getUpdates "HTTP/1.1 200 OK"
2025-04-14 04:23:09,565 - httpx - INFO - HTTP Request: POST https://api.telegram.org/bot7690359419:AAFO0dgpL0IaAP44WCMtNOTPMq5plBmPWlA/getUpdates "HTTP/1.1 200 OK"
2025-04-14 04:23:19,600 - httpx - INFO - HTTP Request: POST https://api.telegram.org/bot7690359419:AAFO0dgpL0IaAP44WCMtNOTPMq5plBmPWlA/getUpdates "HTTP/1.1 200 OK"
2025-04-14 04:23:29,636 - httpx - INFO - HTTP Request: POST https://api.telegram.org/bot7690359419:AAFO0dgpL0IaAP44WCMtNOTPMq5plBmPWlA/getUpdates "HTTP/1.1 200 OK"
2025-04-14 04:23:39,670 - httpx - INFO - HTTP Request: POST https://api.telegram.org/bot7690359419:AAFO0dgpL0IaAP44WCMtNOTPMq5plBmPWlA/getUpdates "HTTP/1.1 200 OK"
2025-04-14 04:23:49,703 - httpx - INFO - HTTP Request: POST https://api.telegram.org/bot7690359419:AAFO0dgpL0IaAP44WCMtNOTPMq5plBmPWlA/getUpdates "HTTP/1.1 200 OK"
2025-04-14 04:23:59,736 - httpx - INFO - HTTP Request: POST https://api.telegram.org/bot7690359419:AAFO0dgpL0IaAP44WCMtNOTPMq5plBmPWlA/getUpdates "HTTP/1.1 200 OK"
2025-04-14 04:24:09,767 - httpx - INFO - HTTP Request: POST https://api.telegram.org/bot7690359419:AAFO0dgpL0IaAP44WCMtNOTPMq5plBmPWlA/getUpdates "HTTP/1.1 200 OK"
2025-04-14 04:24:19,803 - httpx - INFO - HTTP Request: POST https://api.telegram.org/bot7690359419:AAFO0dgpL0IaAP44WCMtNOTPMq5plBmPWlA/getUpdates "HTTP/1.1 200 OK"
2025-04-14 04:24:29,836 - httpx - INFO - HTTP Request: POST https://api.telegram.org/bot7690359419:AAFO0dgpL0IaAP44WCMtNOTPMq5plBmPWlA/getUpdates "HTTP/1.1 200 OK"
2025-04-14 04:24:39,873 - httpx - INFO - HTTP Request: POST https://api.telegram.org/bot7690359419:AAFO0dgpL0IaAP44WCMtNOTPMq5plBmPWlA/getUpdates "HTTP/1.1 200 OK"
2025-04-14 04:24:49,905 - httpx - INFO - HTTP Request: POST https://api.telegram.org/bot7690359419:AAFO0dgpL0IaAP44WCMtNOTPMq5plBmPWlA/getUpdates "HTTP/1.1 200 OK"
2025-04-14 04:24:59,940 - httpx - INFO - HTTP Request: POST https://api.telegram.org/bot7690359419:AAFO0dgpL0IaAP44WCMtNOTPMq5plBmPWlA/getUpdates "HTTP/1.1 200 OK"
2025-04-14 04:25:09,974 - httpx - INFO - HTTP Request: POST https://api.telegram.org/bot7690359419:AAFO0dgpL0IaAP44WCMtNOTPMq5plBmPWlA/getUpdates "HTTP/1.1 200 OK"
2025-04-14 04:25:20,016 - httpx - INFO - HTTP Request: POST https://api.telegram.org/bot7690359419:AAFO0dgpL0IaAP44WCMtNOTPMq5plBmPWlA/getUpdates "HTTP/1.1 200 OK"
2025-04-14 04:25:30,047 - httpx - INFO - HTTP Request: POST https://api.telegram.org/bot7690359419:AAFO0dgpL0IaAP44WCMtNOTPMq5plBmPWlA/getUpdates "HTTP/1.1 200 OK"
2025-04-14 04:25:40,083 - httpx - INFO - HTTP Request: POST https://api.telegram.org/bot7690359419:AAFO0dgpL0IaAP44WCMtNOTPMq5plBmPWlA/getUpdates "HTTP/1.1 200 OK"
2025-04-14 04:25:50,118 - httpx - INFO - HTTP Request: POST https://api.telegram.org/bot7690359419:AAFO0dgpL0IaAP44WCMtNOTPMq5plBmPWlA/getUpdates "HTTP/1.1 200 OK"
2025-04-14 04:26:00,150 - httpx - INFO - HTTP Request: POST https://api.telegram.org/bot7690359419:AAFO0dgpL0IaAP44WCMtNOTPMq5plBmPWlA/getUpdates "HTTP/1.1 200 OK"
2025-04-14 04:26:10,233 - httpx - INFO - HTTP Request: POST https://api.telegram.org/bot7690359419:AAFO0dgpL0IaAP44WCMtNOTPMq5plBmPWlA/getUpdates "HTTP/1.1 200 OK"
2025-04-14 04:26:20,267 - httpx - INFO - HTTP Request: POST https://api.telegram.org/bot7690359419:AAFO0dgpL0IaAP44WCMtNOTPMq5plBmPWlA/getUpdates "HTTP/1.1 200 OK"
2025-04-14 04:26:30,300 - httpx - INFO - HTTP Request: POST https://api.telegram.org/bot7690359419:AAFO0dgpL0IaAP44WCMtNOTPMq5plBmPWlA/getUpdates "HTTP/1.1 200 OK"
2025-04-14 04:26:40,333 - httpx - INFO - HTTP Request: POST https://api.telegram.org/bot7690359419:AAFO0dgpL0IaAP44WCMtNOTPMq5plBmPWlA/getUpdates "HTTP/1.1 200 OK"
2025-04-14 04:26:50,368 - httpx - INFO - HTTP Request: POST https://api.telegram.org/bot7690359419:AAFO0dgpL0IaAP44WCMtNOTPMq5plBmPWlA/getUpdates "HTTP/1.1 200 OK"
2025-04-14 04:27:00,405 - httpx - INFO - HTTP Request: POST https://api.telegram.org/bot7690359419:AAFO0dgpL0IaAP44WCMtNOTPMq5plBmPWlA/getUpdates "HTTP/1.1 200 OK"
2025-04-14 04:27:10,437 - httpx - INFO - HTTP Request: POST https://api.telegram.org/bot7690359419:AAFO0dgpL0IaAP44WCMtNOTPMq5plBmPWlA/getUpdates "HTTP/1.1 200 OK"
2025-04-14 04:27:20,470 - httpx - INFO - HTTP Request: POST https://api.telegram.org/bot7690359419:AAFO0dgpL0IaAP44WCMtNOTPMq5plBmPWlA/getUpdates "HTTP/1.1 200 OK"
2025-04-14 04:27:30,508 - httpx - INFO - HTTP Request: POST https://api.telegram.org/bot7690359419:AAFO0dgpL0IaAP44WCMtNOTPMq5plBmPWlA/getUpdates "HTTP/1.1 200 OK"
2025-04-14 04:27:40,542 - httpx - INFO - HTTP Request: POST https://api.telegram.org/bot7690359419:AAFO0dgpL0IaAP44WCMtNOTPMq5plBmPWlA/getUpdates "HTTP/1.1 200 OK"
2025-04-14 04:27:50,576 - httpx - INFO - HTTP Request: POST https://api.telegram.org/bot7690359419:AAFO0dgpL0IaAP44WCMtNOTPMq5plBmPWlA/getUpdates "HTTP/1.1 200 OK"
2025-04-14 04:28:00,610 - httpx - INFO - HTTP Request: POST https://api.telegram.org/bot7690359419:AAFO0dgpL0IaAP44WCMtNOTPMq5plBmPWlA/getUpdates "HTTP/1.1 200 OK"
2025-04-14 04:28:10,644 - httpx - INFO - HTTP Request: POST https://api.telegram.org/bot7690359419:AAFO0dgpL0IaAP44WCMtNOTPMq5plBmPWlA/getUpdates "HTTP/1.1 200 OK"
2025-04-14 04:28:20,679 - httpx - INFO - HTTP Request: POST https://api.telegram.org/bot7690359419:AAFO0dgpL0IaAP44WCMtNOTPMq5plBmPWlA/getUpdates "HTTP/1.1 200 OK"
2025-04-14 04:28:30,711 - httpx - INFO - HTTP Request: POST https://api.telegram.org/bot7690359419:AAFO0dgpL0IaAP44WCMtNOTPMq5plBmPWlA/getUpdates "HTTP/1.1 200 OK"
2025-04-14 04:28:40,744 - httpx - INFO - HTTP Request: POST https://api.telegram.org/bot7690359419:AAFO0dgpL0IaAP44WCMtNOTPMq5plBmPWlA/getUpdates "HTTP/1.1 200 OK"
2025-04-14 04:28:50,776 - httpx - INFO - HTTP Request: POST https://api.telegram.org/bot7690359419:AAFO0dgpL0IaAP44WCMtNOTPMq5plBmPWlA/getUpdates "HTTP/1.1 200 OK"
2025-04-14 04:29:00,810 - httpx - INFO - HTTP Request: POST https://api.telegram.org/bot7690359419:AAFO0dgpL0IaAP44WCMtNOTPMq5plBmPWlA/getUpdates "HTTP/1.1 200 OK"
2025-04-14 04:29:10,844 - httpx - INFO - HTTP Request: POST https://api.telegram.org/bot7690359419:AAFO0dgpL0IaAP44WCMtNOTPMq5plBmPWlA/getUpdates "HTTP/1.1 200 OK"
2025-04-14 04:29:20,877 - httpx - INFO - HTTP Request: POST https://api.telegram.org/bot7690359419:AAFO0dgpL0IaAP44WCMtNOTPMq5plBmPWlA/getUpdates "HTTP/1.1 200 OK"
2025-04-14 04:29:30,909 - httpx - INFO - HTTP Request: POST https://api.telegram.org/bot7690359419:AAFO0dgpL0IaAP44WCMtNOTPMq5plBmPWlA/getUpdates "HTTP/1.1 200 OK"
2025-04-14 04:29:40,942 - httpx - INFO - HTTP Request: POST https://api.telegram.org/bot7690359419:AAFO0dgpL0IaAP44WCMtNOTPMq5plBmPWlA/getUpdates "HTTP/1.1 200 OK"
2025-04-14 04:29:50,975 - httpx - INFO - HTTP Request: POST https://api.telegram.org/bot7690359419:AAFO0dgpL0IaAP44WCMtNOTPMq5plBmPWlA/getUpdates "HTTP/1.1 200 OK"
2025-04-14 04:30:01,010 - httpx - INFO - HTTP Request: POST https://api.telegram.org/bot7690359419:AAFO0dgpL0IaAP44WCMtNOTPMq5plBmPWlA/getUpdates "HTTP/1.1 200 OK"
2025-04-14 04:30:11,127 - httpx - INFO - HTTP Request: POST https://api.telegram.org/bot7690359419:AAFO0dgpL0IaAP44WCMtNOTPMq5plBmPWlA/getUpdates "HTTP/1.1 200 OK"
2025-04-14 04:30:21,167 - httpx - INFO - HTTP Request: POST https://api.telegram.org/bot7690359419:AAFO0dgpL0IaAP44WCMtNOTPMq5plBmPWlA/getUpdates "HTTP/1.1 200 OK"
2025-04-14 04:30:31,201 - httpx - INFO - HTTP Request: POST https://api.telegram.org/bot7690359419:AAFO0dgpL0IaAP44WCMtNOTPMq5plBmPWlA/getUpdates "HTTP/1.1 200 OK"
2025-04-14 04:30:41,237 - httpx - INFO - HTTP Request: POST https://api.telegram.org/bot7690359419:AAFO0dgpL0IaAP44WCMtNOTPMq5plBmPWlA/getUpdates "HTTP/1.1 200 OK"
2025-04-14 04:30:51,271 - httpx - INFO - HTTP Request: POST https://api.telegram.org/bot7690359419:AAFO0dgpL0IaAP44WCMtNOTPMq5plBmPWlA/getUpdates "HTTP/1.1 200 OK"
2025-04-14 04:31:01,305 - httpx - INFO - HTTP Request: POST https://api.telegram.org/bot7690359419:AAFO0dgpL0IaAP44WCMtNOTPMq5plBmPWlA/getUpdates "HTTP/1.1 200 OK"
2025-04-14 04:31:30,714 - httpx - INFO - HTTP Request: POST https://api.telegram.org/bot7690359419:AAFO0dgpL0IaAP44WCMtNOTPMq5plBmPWlA/getMe "HTTP/1.1 200 OK"
2025-04-14 04:31:30,748 - httpx - INFO - HTTP Request: POST https://api.telegram.org/bot7690359419:AAFO0dgpL0IaAP44WCMtNOTPMq5plBmPWlA/deleteWebhook "HTTP/1.1 200 OK"
2025-04-14 04:31:30,750 - telegram.ext.Application - INFO - Application started
2025-04-14 04:31:40,870 - httpx - INFO - HTTP Request: POST https://api.telegram.org/bot7690359419:AAFO0dgpL0IaAP44WCMtNOTPMq5plBmPWlA/getUpdates "HTTP/1.1 200 OK"
2025-04-14 04:31:50,905 - httpx - INFO - HTTP Request: POST https://api.telegram.org/bot7690359419:AAFO0dgpL0IaAP44WCMtNOTPMq5plBmPWlA/getUpdates "HTTP/1.1 200 OK"
2025-04-14 04:32:00,939 - httpx - INFO - HTTP Request: POST https://api.telegram.org/bot7690359419:AAFO0dgpL0IaAP44WCMtNOTPMq5plBmPWlA/getUpdates "HTTP/1.1 200 OK"
2025-04-14 04:32:10,972 - httpx - INFO - HTTP Request: POST https://api.telegram.org/bot7690359419:AAFO0dgpL0IaAP44WCMtNOTPMq5plBmPWlA/getUpdates "HTTP/1.1 200 OK"
2025-04-14 04:32:21,008 - httpx - INFO - HTTP Request: POST https://api.telegram.org/bot7690359419:AAFO0dgpL0IaAP44WCMtNOTPMq5plBmPWlA/getUpdates "HTTP/1.1 200 OK"
2025-04-14 04:32:31,042 - httpx - INFO - HTTP Request: POST https://api.telegram.org/bot7690359419:AAFO0dgpL0IaAP44WCMtNOTPMq5plBmPWlA/getUpdates "HTTP/1.1 200 OK"
2025-04-14 04:32:41,077 - httpx - INFO - HTTP Request: POST https://api.telegram.org/bot7690359419:AAFO0dgpL0IaAP44WCMtNOTPMq5plBmPWlA/getUpdates "HTTP/1.1 200 OK"
2025-04-14 04:32:51,118 - httpx - INFO - HTTP Request: POST https://api.telegram.org/bot7690359419:AAFO0dgpL0IaAP44WCMtNOTPMq5plBmPWlA/getUpdates "HTTP/1.1 200 OK"
2025-04-14 04:33:01,152 - httpx - INFO - HTTP Request: POST https://api.telegram.org/bot7690359419:AAFO0dgpL0IaAP44WCMtNOTPMq5plBmPWlA/getUpdates "HTTP/1.1 200 OK"
2025-04-14 04:33:11,183 - httpx - INFO - HTTP Request: POST https://api.telegram.org/bot7690359419:AAFO0dgpL0IaAP44WCMtNOTPMq5plBmPWlA/getUpdates "HTTP/1.1 200 OK"
2025-04-14 04:33:14,427 - httpx - INFO - HTTP Request: POST https://api.telegram.org/bot7690359419:AAFO0dgpL0IaAP44WCMtNOTPMq5plBmPWlA/getUpdates "HTTP/1.1 200 OK"
2025-04-14 04:33:14,569 - httpx - INFO - HTTP Request: POST https://api.telegram.org/bot7690359419:AAFO0dgpL0IaAP44WCMtNOTPMq5plBmPWlA/sendMessage "HTTP/1.1 200 OK"
2025-04-14 04:33:14,571 - root - INFO - Начало загрузки видео по ссылке: https://www.youtube.com/watch?v=6WD6uGDA2a4
2025-04-14 04:33:21,606 - httpx - INFO - HTTP Request: POST https://api.telegram.org/bot7690359419:AAFO0dgpL0IaAP44WCMtNOTPMq5plBmPWlA/sendVideo "HTTP/1.1 200 OK"
2025-04-14 04:33:21,607 - root - INFO - Видео успешно отправлено в чат: -1002559211865_video.mp4
2025-04-14 04:33:21,657 - root - ERROR - Ошибка при извлечении аудио: Command '['ffmpeg', '-i', '-1002559211865_video.mp4', '-vn', '-acodec', 'libmp3lame', '-ar', '44100', '-ac', '2', '-1002559211865_audio.mp3']' returned non-zero exit status 2880417800.
2025-04-14 04:33:21,742 - httpx - INFO - HTTP Request: POST https://api.telegram.org/bot7690359419:AAFO0dgpL0IaAP44WCMtNOTPMq5plBmPWlA/sendMessage "HTTP/1.1 200 OK"
2025-04-14 04:33:24,467 - httpx - INFO - HTTP Request: POST https://api.telegram.org/bot7690359419:AAFO0dgpL0IaAP44WCMtNOTPMq5plBmPWlA/getUpdates "HTTP/1.1 200 OK"
2025-04-14 04:33:34,499 - httpx - INFO - HTTP Request: POST https://api.telegram.org/bot7690359419:AAFO0dgpL0IaAP44WCMtNOTPMq5plBmPWlA/getUpdates "HTTP/1.1 200 OK"
2025-04-14 04:33:44,534 - httpx - INFO - HTTP Request: POST https://api.telegram.org/bot7690359419:AAFO0dgpL0IaAP44WCMtNOTPMq5plBmPWlA/getUpdates "HTTP/1.1 200 OK"
2025-04-14 04:33:54,571 - httpx - INFO - HTTP Request: POST https://api.telegram.org/bot7690359419:AAFO0dgpL0IaAP44WCMtNOTPMq5plBmPWlA/getUpdates "HTTP/1.1 200 OK"
2025-04-14 04:34:04,604 - httpx - INFO - HTTP Request: POST https://api.telegram.org/bot7690359419:AAFO0dgpL0IaAP44WCMtNOTPMq5plBmPWlA/getUpdates "HTTP/1.1 200 OK"
2025-04-14 04:34:14,638 - httpx - INFO - HTTP Request: POST https://api.telegram.org/bot7690359419:AAFO0dgpL0IaAP44WCMtNOTPMq5plBmPWlA/getUpdates "HTTP/1.1 200 OK"
2025-04-14 04:34:24,675 - httpx - INFO - HTTP Request: POST https://api.telegram.org/bot7690359419:AAFO0dgpL0IaAP44WCMtNOTPMq5plBmPWlA/getUpdates "HTTP/1.1 200 OK"
2025-04-14 04:34:34,709 - httpx - INFO - HTTP Request: POST https://api.telegram.org/bot7690359419:AAFO0dgpL0IaAP44WCMtNOTPMq5plBmPWlA/getUpdates "HTTP/1.1 200 OK"
2025-04-14 04:34:44,741 - httpx - INFO - HTTP Request: POST https://api.telegram.org/bot7690359419:AAFO0dgpL0IaAP44WCMtNOTPMq5plBmPWlA/getUpdates "HTTP/1.1 200 OK"
2025-04-14 04:34:54,773 - httpx - INFO - HTTP Request: POST https://api.telegram.org/bot7690359419:AAFO0dgpL0IaAP44WCMtNOTPMq5plBmPWlA/getUpdates "HTTP/1.1 200 OK"
2025-04-14 04:35:04,812 - httpx - INFO - HTTP Request: POST https://api.telegram.org/bot7690359419:AAFO0dgpL0IaAP44WCMtNOTPMq5plBmPWlA/getUpdates "HTTP/1.1 200 OK"
2025-04-14 04:35:14,845 - httpx - INFO - HTTP Request: POST https://api.telegram.org/bot7690359419:AAFO0dgpL0IaAP44WCMtNOTPMq5plBmPWlA/getUpdates "HTTP/1.1 200 OK"
2025-04-14 04:35:24,876 - httpx - INFO - HTTP Request: POST https://api.telegram.org/bot7690359419:AAFO0dgpL0IaAP44WCMtNOTPMq5plBmPWlA/getUpdates "HTTP/1.1 200 OK"
2025-04-14 04:35:34,909 - httpx - INFO - HTTP Request: POST https://api.telegram.org/bot7690359419:AAFO0dgpL0IaAP44WCMtNOTPMq5plBmPWlA/getUpdates "HTTP/1.1 200 OK"
2025-04-14 04:57:23,604 - httpx - INFO - HTTP Request: POST https://api.telegram.org/bot7690359419:AAFO0dgpL0IaAP44WCMtNOTPMq5plBmPWlA/getMe "HTTP/1.1 200 OK"
2025-04-14 04:57:23,638 - httpx - INFO - HTTP Request: POST https://api.telegram.org/bot7690359419:AAFO0dgpL0IaAP44WCMtNOTPMq5plBmPWlA/deleteWebhook "HTTP/1.1 200 OK"
2025-04-14 04:57:23,639 - telegram.ext.Application - INFO - Application started
2025-04-14 04:57:33,740 - httpx - INFO - HTTP Request: POST https://api.telegram.org/bot7690359419:AAFO0dgpL0IaAP44WCMtNOTPMq5plBmPWlA/getUpdates "HTTP/1.1 200 OK"
2025-04-14 04:57:43,775 - httpx - INFO - HTTP Request: POST https://api.telegram.org/bot7690359419:AAFO0dgpL0IaAP44WCMtNOTPMq5plBmPWlA/getUpdates "HTTP/1.1 200 OK"
2025-04-14 04:57:53,815 - httpx - INFO - HTTP Request: POST https://api.telegram.org/bot7690359419:AAFO0dgpL0IaAP44WCMtNOTPMq5plBmPWlA/getUpdates "HTTP/1.1 200 OK"
2025-04-14 04:58:03,849 - httpx - INFO - HTTP Request: POST https://api.telegram.org/bot7690359419:AAFO0dgpL0IaAP44WCMtNOTPMq5plBmPWlA/getUpdates "HTTP/1.1 200 OK"
2025-04-14 04:58:13,884 - httpx - INFO - HTTP Request: POST https://api.telegram.org/bot7690359419:AAFO0dgpL0IaAP44WCMtNOTPMq5plBmPWlA/getUpdates "HTTP/1.1 200 OK"
2025-04-14 04:58:23,918 - httpx - INFO - HTTP Request: POST https://api.telegram.org/bot7690359419:AAFO0dgpL0IaAP44WCMtNOTPMq5plBmPWlA/getUpdates "HTTP/1.1 200 OK"
2025-04-14 04:58:33,952 - httpx - INFO - HTTP Request: POST https://api.telegram.org/bot7690359419:AAFO0dgpL0IaAP44WCMtNOTPMq5plBmPWlA/getUpdates "HTTP/1.1 200 OK"
2025-04-14 04:58:43,985 - httpx - INFO - HTTP Request: POST https://api.telegram.org/bot7690359419:AAFO0dgpL0IaAP44WCMtNOTPMq5plBmPWlA/getUpdates "HTTP/1.1 200 OK"
2025-04-14 04:58:54,023 - httpx - INFO - HTTP Request: POST https://api.telegram.org/bot7690359419:AAFO0dgpL0IaAP44WCMtNOTPMq5plBmPWlA/getUpdates "HTTP/1.1 200 OK"
2025-04-14 04:59:04,055 - httpx - INFO - HTTP Request: POST https://api.telegram.org/bot7690359419:AAFO0dgpL0IaAP44WCMtNOTPMq5plBmPWlA/getUpdates "HTTP/1.1 200 OK"
2025-04-14 04:59:14,089 - httpx - INFO - HTTP Request: POST https://api.telegram.org/bot7690359419:AAFO0dgpL0IaAP44WCMtNOTPMq5plBmPWlA/getUpdates "HTTP/1.1 200 OK"
2025-04-14 04:59:24,130 - httpx - INFO - HTTP Request: POST https://api.telegram.org/bot7690359419:AAFO0dgpL0IaAP44WCMtNOTPMq5plBmPWlA/getUpdates "HTTP/1.1 200 OK"
2025-04-14 04:59:34,170 - httpx - INFO - HTTP Request: POST https://api.telegram.org/bot7690359419:AAFO0dgpL0IaAP44WCMtNOTPMq5plBmPWlA/getUpdates "HTTP/1.1 200 OK"
2025-04-14 04:59:42,493 - httpx - INFO - HTTP Request: POST https://api.telegram.org/bot7690359419:AAFO0dgpL0IaAP44WCMtNOTPMq5plBmPWlA/getUpdates "HTTP/1.1 200 OK"
2025-04-14 04:59:42,639 - httpx - INFO - HTTP Request: POST https://api.telegram.org/bot7690359419:AAFO0dgpL0IaAP44WCMtNOTPMq5plBmPWlA/sendMessage "HTTP/1.1 200 OK"
2025-04-14 04:59:42,640 - root - INFO - Начало загрузки видео по ссылке: https://www.youtube.com/watch?v=5LnMknRV4js
2025-04-14 04:59:50,416 - httpx - INFO - HTTP Request: POST https://api.telegram.org/bot7690359419:AAFO0dgpL0IaAP44WCMtNOTPMq5plBmPWlA/sendVideo "HTTP/1.1 200 OK"
2025-04-14 04:59:50,418 - root - INFO - Видео успешно отправлено в чат: -1002559211865_video.mp4
2025-04-14 04:59:50,449 - root - ERROR - Ошибка при извлечении аудио: Command '['ffmpeg', '-i', '-1002559211865_video.mp4', '-vn', '-acodec', 'libmp3lame', '-ar', '44100', '-ac', '2', '-1002559211865_audio.mp3']' returned non-zero exit status 2880417800.
2025-04-14 04:59:50,507 - httpx - INFO - HTTP Request: POST https://api.telegram.org/bot7690359419:AAFO0dgpL0IaAP44WCMtNOTPMq5plBmPWlA/sendMessage "HTTP/1.1 200 OK"
2025-04-14 04:59:52,531 - httpx - INFO - HTTP Request: POST https://api.telegram.org/bot7690359419:AAFO0dgpL0IaAP44WCMtNOTPMq5plBmPWlA/getUpdates "HTTP/1.1 200 OK"
2025-04-14 05:00:02,565 - httpx - INFO - HTTP Request: POST https://api.telegram.org/bot7690359419:AAFO0dgpL0IaAP44WCMtNOTPMq5plBmPWlA/getUpdates "HTTP/1.1 200 OK"
2025-04-14 05:00:12,597 - httpx - INFO - HTTP Request: POST https://api.telegram.org/bot7690359419:AAFO0dgpL0IaAP44WCMtNOTPMq5plBmPWlA/getUpdates "HTTP/1.1 200 OK"
2025-04-14 05:00:22,629 - httpx - INFO - HTTP Request: POST https://api.telegram.org/bot7690359419:AAFO0dgpL0IaAP44WCMtNOTPMq5plBmPWlA/getUpdates "HTTP/1.1 200 OK"
2025-04-14 05:00:32,669 - httpx - INFO - HTTP Request: POST https://api.telegram.org/bot7690359419:AAFO0dgpL0IaAP44WCMtNOTPMq5plBmPWlA/getUpdates "HTTP/1.1 200 OK"
2025-04-14 05:00:42,702 - httpx - INFO - HTTP Request: POST https://api.telegram.org/bot7690359419:AAFO0dgpL0IaAP44WCMtNOTPMq5plBmPWlA/getUpdates "HTTP/1.1 200 OK"
2025-04-14 05:00:52,738 - httpx - INFO - HTTP Request: POST https://api.telegram.org/bot7690359419:AAFO0dgpL0IaAP44WCMtNOTPMq5plBmPWlA/getUpdates "HTTP/1.1 200 OK"
2025-04-14 05:01:02,778 - httpx - INFO - HTTP Request: POST https://api.telegram.org/bot7690359419:AAFO0dgpL0IaAP44WCMtNOTPMq5plBmPWlA/getUpdates "HTTP/1.1 200 OK"
2025-04-14 05:01:12,809 - httpx - INFO - HTTP Request: POST https://api.telegram.org/bot7690359419:AAFO0dgpL0IaAP44WCMtNOTPMq5plBmPWlA/getUpdates "HTTP/1.1 200 OK"
2025-04-14 05:01:22,845 - httpx - INFO - HTTP Request: POST https://api.telegram.org/bot7690359419:AAFO0dgpL0IaAP44WCMtNOTPMq5plBmPWlA/getUpdates "HTTP/1.1 200 OK"
2025-04-14 05:01:32,882 - httpx - INFO - HTTP Request: POST https://api.telegram.org/bot7690359419:AAFO0dgpL0IaAP44WCMtNOTPMq5plBmPWlA/getUpdates "HTTP/1.1 200 OK"
2025-04-14 05:01:42,915 - httpx - INFO - HTTP Request: POST https://api.telegram.org/bot7690359419:AAFO0dgpL0IaAP44WCMtNOTPMq5plBmPWlA/getUpdates "HTTP/1.1 200 OK"
2025-04-14 05:01:52,958 - httpx - INFO - HTTP Request: POST https://api.telegram.org/bot7690359419:AAFO0dgpL0IaAP44WCMtNOTPMq5plBmPWlA/getUpdates "HTTP/1.1 200 OK"
2025-04-14 05:02:02,991 - httpx - INFO - HTTP Request: POST https://api.telegram.org/bot7690359419:AAFO0dgpL0IaAP44WCMtNOTPMq5plBmPWlA/getUpdates "HTTP/1.1 200 OK"
2025-04-14 05:02:13,026 - httpx - INFO - HTTP Request: POST https://api.telegram.org/bot7690359419:AAFO0dgpL0IaAP44WCMtNOTPMq5plBmPWlA/getUpdates "HTTP/1.1 200 OK"
2025-04-14 05:02:23,067 - httpx - INFO - HTTP Request: POST https://api.telegram.org/bot7690359419:AAFO0dgpL0IaAP44WCMtNOTPMq5plBmPWlA/getUpdates "HTTP/1.1 200 OK"
2025-04-14 05:02:33,100 - httpx - INFO - HTTP Request: POST https://api.telegram.org/bot7690359419:AAFO0dgpL0IaAP44WCMtNOTPMq5plBmPWlA/getUpdates "HTTP/1.1 200 OK"
2025-04-14 05:02:43,134 - httpx - INFO - HTTP Request: POST https://api.telegram.org/bot7690359419:AAFO0dgpL0IaAP44WCMtNOTPMq5plBmPWlA/getUpdates "HTTP/1.1 200 OK"
2025-04-14 05:02:53,168 - httpx - INFO - HTTP Request: POST https://api.telegram.org/bot7690359419:AAFO0dgpL0IaAP44WCMtNOTPMq5plBmPWlA/getUpdates "HTTP/1.1 200 OK"
2025-04-14 05:03:03,200 - httpx - INFO - HTTP Request: POST https://api.telegram.org/bot7690359419:AAFO0dgpL0IaAP44WCMtNOTPMq5plBmPWlA/getUpdates "HTTP/1.1 200 OK"
2025-04-14 05:03:13,232 - httpx - INFO - HTTP Request: POST https://api.telegram.org/bot7690359419:AAFO0dgpL0IaAP44WCMtNOTPMq5plBmPWlA/getUpdates "HTTP/1.1 200 OK"
2025-04-14 05:03:23,264 - httpx - INFO - HTTP Request: POST https://api.telegram.org/bot7690359419:AAFO0dgpL0IaAP44WCMtNOTPMq5plBmPWlA/getUpdates "HTTP/1.1 200 OK"
2025-04-14 05:03:33,297 - httpx - INFO - HTTP Request: POST https://api.telegram.org/bot7690359419:AAFO0dgpL0IaAP44WCMtNOTPMq5plBmPWlA/getUpdates "HTTP/1.1 200 OK"
2025-04-14 05:03:43,331 - httpx - INFO - HTTP Request: POST https://api.telegram.org/bot7690359419:AAFO0dgpL0IaAP44WCMtNOTPMq5plBmPWlA/getUpdates "HTTP/1.1 200 OK"
2025-04-14 05:03:53,362 - httpx - INFO - HTTP Request: POST https://api.telegram.org/bot7690359419:AAFO0dgpL0IaAP44WCMtNOTPMq5plBmPWlA/getUpdates "HTTP/1.1 200 OK"
2025-04-14 05:04:03,398 - httpx - INFO - HTTP Request: POST https://api.telegram.org/bot7690359419:AAFO0dgpL0IaAP44WCMtNOTPMq5plBmPWlA/getUpdates "HTTP/1.1 200 OK"
2025-04-14 05:04:13,432 - httpx - INFO - HTTP Request: POST https://api.telegram.org/bot7690359419:AAFO0dgpL0IaAP44WCMtNOTPMq5plBmPWlA/getUpdates "HTTP/1.1 200 OK"
2025-04-14 05:04:23,464 - httpx - INFO - HTTP Request: POST https://api.telegram.org/bot7690359419:AAFO0dgpL0IaAP44WCMtNOTPMq5plBmPWlA/getUpdates "HTTP/1.1 200 OK"
2025-04-14 05:04:33,496 - httpx - INFO - HTTP Request: POST https://api.telegram.org/bot7690359419:AAFO0dgpL0IaAP44WCMtNOTPMq5plBmPWlA/getUpdates "HTTP/1.1 200 OK"
2025-04-14 05:04:43,529 - httpx - INFO - HTTP Request: POST https://api.telegram.org/bot7690359419:AAFO0dgpL0IaAP44WCMtNOTPMq5plBmPWlA/getUpdates "HTTP/1.1 200 OK"
2025-04-14 05:04:53,562 - httpx - INFO - HTTP Request: POST https://api.telegram.org/bot7690359419:AAFO0dgpL0IaAP44WCMtNOTPMq5plBmPWlA/getUpdates "HTTP/1.1 200 OK"
2025-04-14 05:05:03,597 - httpx - INFO - HTTP Request: POST https://api.telegram.org/bot7690359419:AAFO0dgpL0IaAP44WCMtNOTPMq5plBmPWlA/getUpdates "HTTP/1.1 200 OK"
2025-04-14 05:05:13,630 - httpx - INFO - HTTP Request: POST https://api.telegram.org/bot7690359419:AAFO0dgpL0IaAP44WCMtNOTPMq5plBmPWlA/getUpdates "HTTP/1.1 200 OK"
2025-04-14 05:05:23,662 - httpx - INFO - HTTP Request: POST https://api.telegram.org/bot7690359419:AAFO0dgpL0IaAP44WCMtNOTPMq5plBmPWlA/getUpdates "HTTP/1.1 200 OK"
2025-04-14 05:05:33,695 - httpx - INFO - HTTP Request: POST https://api.telegram.org/bot7690359419:AAFO0dgpL0IaAP44WCMtNOTPMq5plBmPWlA/getUpdates "HTTP/1.1 200 OK"
2025-04-14 05:05:43,728 - httpx - INFO - HTTP Request: POST https://api.telegram.org/bot7690359419:AAFO0dgpL0IaAP44WCMtNOTPMq5plBmPWlA/getUpdates "HTTP/1.1 200 OK"
2025-04-14 05:05:53,762 - httpx - INFO - HTTP Request: POST https://api.telegram.org/bot7690359419:AAFO0dgpL0IaAP44WCMtNOTPMq5plBmPWlA/getUpdates "HTTP/1.1 200 OK"
2025-04-14 05:06:03,801 - httpx - INFO - HTTP Request: POST https://api.telegram.org/bot7690359419:AAFO0dgpL0IaAP44WCMtNOTPMq5plBmPWlA/getUpdates "HTTP/1.1 200 OK"
2025-04-14 05:06:13,835 - httpx - INFO - HTTP Request: POST https://api.telegram.org/bot7690359419:AAFO0dgpL0IaAP44WCMtNOTPMq5plBmPWlA/getUpdates "HTTP/1.1 200 OK"
2025-04-14 05:06:23,866 - httpx - INFO - HTTP Request: POST https://api.telegram.org/bot7690359419:AAFO0dgpL0IaAP44WCMtNOTPMq5plBmPWlA/getUpdates "HTTP/1.1 200 OK"
2025-04-14 05:06:33,900 - httpx - INFO - HTTP Request: POST https://api.telegram.org/bot7690359419:AAFO0dgpL0IaAP44WCMtNOTPMq5plBmPWlA/getUpdates "HTTP/1.1 200 OK"
2025-04-14 05:06:43,932 - httpx - INFO - HTTP Request: POST https://api.telegram.org/bot7690359419:AAFO0dgpL0IaAP44WCMtNOTPMq5plBmPWlA/getUpdates "HTTP/1.1 200 OK"
2025-04-14 05:06:53,968 - httpx - INFO - HTTP Request: POST https://api.telegram.org/bot7690359419:AAFO0dgpL0IaAP44WCMtNOTPMq5plBmPWlA/getUpdates "HTTP/1.1 200 OK"
2025-04-14 05:07:04,002 - httpx - INFO - HTTP Request: POST https://api.telegram.org/bot7690359419:AAFO0dgpL0IaAP44WCMtNOTPMq5plBmPWlA/getUpdates "HTTP/1.1 200 OK"
2025-04-14 05:07:14,039 - httpx - INFO - HTTP Request: POST https://api.telegram.org/bot7690359419:AAFO0dgpL0IaAP44WCMtNOTPMq5plBmPWlA/getUpdates "HTTP/1.1 200 OK"
2025-04-14 05:07:24,071 - httpx - INFO - HTTP Request: POST https://api.telegram.org/bot7690359419:AAFO0dgpL0IaAP44WCMtNOTPMq5plBmPWlA/getUpdates "HTTP/1.1 200 OK"
2025-04-14 05:07:34,104 - httpx - INFO - HTTP Request: POST https://api.telegram.org/bot7690359419:AAFO0dgpL0IaAP44WCMtNOTPMq5plBmPWlA/getUpdates "HTTP/1.1 200 OK"
2025-04-14 05:07:44,139 - httpx - INFO - HTTP Request: POST https://api.telegram.org/bot7690359419:AAFO0dgpL0IaAP44WCMtNOTPMq5plBmPWlA/getUpdates "HTTP/1.1 200 OK"
2025-04-14 05:07:54,176 - httpx - INFO - HTTP Request: POST https://api.telegram.org/bot7690359419:AAFO0dgpL0IaAP44WCMtNOTPMq5plBmPWlA/getUpdates "HTTP/1.1 200 OK"
2025-04-14 05:08:04,213 - httpx - INFO - HTTP Request: POST https://api.telegram.org/bot7690359419:AAFO0dgpL0IaAP44WCMtNOTPMq5plBmPWlA/getUpdates "HTTP/1.1 200 OK"
2025-04-14 05:08:14,248 - httpx - INFO - HTTP Request: POST https://api.telegram.org/bot7690359419:AAFO0dgpL0IaAP44WCMtNOTPMq5plBmPWlA/getUpdates "HTTP/1.1 200 OK"
2025-04-14 05:08:24,278 - httpx - INFO - HTTP Request: POST https://api.telegram.org/bot7690359419:AAFO0dgpL0IaAP44WCMtNOTPMq5plBmPWlA/getUpdates "HTTP/1.1 200 OK"
2025-04-14 05:08:34,311 - httpx - INFO - HTTP Request: POST https://api.telegram.org/bot7690359419:AAFO0dgpL0IaAP44WCMtNOTPMq5plBmPWlA/getUpdates "HTTP/1.1 200 OK"
2025-04-14 05:08:44,342 - httpx - INFO - HTTP Request: POST https://api.telegram.org/bot7690359419:AAFO0dgpL0IaAP44WCMtNOTPMq5plBmPWlA/getUpdates "HTTP/1.1 200 OK"
2025-04-14 05:08:54,374 - httpx - INFO - HTTP Request: POST https://api.telegram.org/bot7690359419:AAFO0dgpL0IaAP44WCMtNOTPMq5plBmPWlA/getUpdates "HTTP/1.1 200 OK"
2025-04-14 05:09:04,406 - httpx - INFO - HTTP Request: POST https://api.telegram.org/bot7690359419:AAFO0dgpL0IaAP44WCMtNOTPMq5plBmPWlA/getUpdates "HTTP/1.1 200 OK"
2025-04-14 05:09:14,439 - httpx - INFO - HTTP Request: POST https://api.telegram.org/bot7690359419:AAFO0dgpL0IaAP44WCMtNOTPMq5plBmPWlA/getUpdates "HTTP/1.1 200 OK"
2025-04-14 05:09:24,477 - httpx - INFO - HTTP Request: POST https://api.telegram.org/bot7690359419:AAFO0dgpL0IaAP44WCMtNOTPMq5plBmPWlA/getUpdates "HTTP/1.1 200 OK"
2025-04-14 05:09:34,508 - httpx - INFO - HTTP Request: POST https://api.telegram.org/bot7690359419:AAFO0dgpL0IaAP44WCMtNOTPMq5plBmPWlA/getUpdates "HTTP/1.1 200 OK"
2025-04-14 05:09:44,542 - httpx - INFO - HTTP Request: POST https://api.telegram.org/bot7690359419:AAFO0dgpL0IaAP44WCMtNOTPMq5plBmPWlA/getUpdates "HTTP/1.1 200 OK"
2025-04-14 05:09:54,577 - httpx - INFO - HTTP Request: POST https://api.telegram.org/bot7690359419:AAFO0dgpL0IaAP44WCMtNOTPMq5plBmPWlA/getUpdates "HTTP/1.1 200 OK"
2025-04-14 05:10:04,611 - httpx - INFO - HTTP Request: POST https://api.telegram.org/bot7690359419:AAFO0dgpL0IaAP44WCMtNOTPMq5plBmPWlA/getUpdates "HTTP/1.1 200 OK"
2025-04-14 05:10:14,646 - httpx - INFO - HTTP Request: POST https://api.telegram.org/bot7690359419:AAFO0dgpL0IaAP44WCMtNOTPMq5plBmPWlA/getUpdates "HTTP/1.1 200 OK"
2025-04-14 05:10:24,685 - httpx - INFO - HTTP Request: POST https://api.telegram.org/bot7690359419:AAFO0dgpL0IaAP44WCMtNOTPMq5plBmPWlA/getUpdates "HTTP/1.1 200 OK"
2025-04-14 05:10:34,717 - httpx - INFO - HTTP Request: POST https://api.telegram.org/bot7690359419:AAFO0dgpL0IaAP44WCMtNOTPMq5plBmPWlA/getUpdates "HTTP/1.1 200 OK"
2025-04-14 05:10:44,751 - httpx - INFO - HTTP Request: POST https://api.telegram.org/bot7690359419:AAFO0dgpL0IaAP44WCMtNOTPMq5plBmPWlA/getUpdates "HTTP/1.1 200 OK"
2025-04-14 05:10:54,789 - httpx - INFO - HTTP Request: POST https://api.telegram.org/bot7690359419:AAFO0dgpL0IaAP44WCMtNOTPMq5plBmPWlA/getUpdates "HTTP/1.1 200 OK"
2025-04-14 05:11:04,825 - httpx - INFO - HTTP Request: POST https://api.telegram.org/bot7690359419:AAFO0dgpL0IaAP44WCMtNOTPMq5plBmPWlA/getUpdates "HTTP/1.1 200 OK"
2025-04-14 05:11:14,858 - httpx - INFO - HTTP Request: POST https://api.telegram.org/bot7690359419:AAFO0dgpL0IaAP44WCMtNOTPMq5plBmPWlA/getUpdates "HTTP/1.1 200 OK"
2025-04-14 05:11:24,894 - httpx - INFO - HTTP Request: POST https://api.telegram.org/bot7690359419:AAFO0dgpL0IaAP44WCMtNOTPMq5plBmPWlA/getUpdates "HTTP/1.1 200 OK"
2025-04-14 05:11:34,930 - httpx - INFO - HTTP Request: POST https://api.telegram.org/bot7690359419:AAFO0dgpL0IaAP44WCMtNOTPMq5plBmPWlA/getUpdates "HTTP/1.1 200 OK"
2025-04-14 05:11:44,962 - httpx - INFO - HTTP Request: POST https://api.telegram.org/bot7690359419:AAFO0dgpL0IaAP44WCMtNOTPMq5plBmPWlA/getUpdates "HTTP/1.1 200 OK"
2025-04-14 05:11:54,994 - httpx - INFO - HTTP Request: POST https://api.telegram.org/bot7690359419:AAFO0dgpL0IaAP44WCMtNOTPMq5plBmPWlA/getUpdates "HTTP/1.1 200 OK"
2025-04-14 05:12:05,028 - httpx - INFO - HTTP Request: POST https://api.telegram.org/bot7690359419:AAFO0dgpL0IaAP44WCMtNOTPMq5plBmPWlA/getUpdates "HTTP/1.1 200 OK"
2025-04-14 05:12:15,059 - httpx - INFO - HTTP Request: POST https://api.telegram.org/bot7690359419:AAFO0dgpL0IaAP44WCMtNOTPMq5plBmPWlA/getUpdates "HTTP/1.1 200 OK"
2025-04-14 05:12:25,093 - httpx - INFO - HTTP Request: POST https://api.telegram.org/bot7690359419:AAFO0dgpL0IaAP44WCMtNOTPMq5plBmPWlA/getUpdates "HTTP/1.1 200 OK"
2025-04-14 05:12:35,124 - httpx - INFO - HTTP Request: POST https://api.telegram.org/bot7690359419:AAFO0dgpL0IaAP44WCMtNOTPMq5plBmPWlA/getUpdates "HTTP/1.1 200 OK"
2025-04-14 05:12:45,155 - httpx - INFO - HTTP Request: POST https://api.telegram.org/bot7690359419:AAFO0dgpL0IaAP44WCMtNOTPMq5plBmPWlA/getUpdates "HTTP/1.1 200 OK"
2025-04-14 05:12:55,185 - httpx - INFO - HTTP Request: POST https://api.telegram.org/bot7690359419:AAFO0dgpL0IaAP44WCMtNOTPMq5plBmPWlA/getUpdates "HTTP/1.1 200 OK"
2025-04-14 05:13:05,220 - httpx - INFO - HTTP Request: POST https://api.telegram.org/bot7690359419:AAFO0dgpL0IaAP44WCMtNOTPMq5plBmPWlA/getUpdates "HTTP/1.1 200 OK"
2025-04-14 05:13:15,252 - httpx - INFO - HTTP Request: POST https://api.telegram.org/bot7690359419:AAFO0dgpL0IaAP44WCMtNOTPMq5plBmPWlA/getUpdates "HTTP/1.1 200 OK"
2025-04-14 05:13:25,284 - httpx - INFO - HTTP Request: POST https://api.telegram.org/bot7690359419:AAFO0dgpL0IaAP44WCMtNOTPMq5plBmPWlA/getUpdates "HTTP/1.1 200 OK"
2025-04-14 05:13:35,318 - httpx - INFO - HTTP Request: POST https://api.telegram.org/bot7690359419:AAFO0dgpL0IaAP44WCMtNOTPMq5plBmPWlA/getUpdates "HTTP/1.1 200 OK"
2025-04-14 05:13:45,351 - httpx - INFO - HTTP Request: POST https://api.telegram.org/bot7690359419:AAFO0dgpL0IaAP44WCMtNOTPMq5plBmPWlA/getUpdates "HTTP/1.1 200 OK"
2025-04-14 05:13:55,386 - httpx - INFO - HTTP Request: POST https://api.telegram.org/bot7690359419:AAFO0dgpL0IaAP44WCMtNOTPMq5plBmPWlA/getUpdates "HTTP/1.1 200 OK"
2025-04-14 05:14:05,418 - httpx - INFO - HTTP Request: POST https://api.telegram.org/bot7690359419:AAFO0dgpL0IaAP44WCMtNOTPMq5plBmPWlA/getUpdates "HTTP/1.1 200 OK"
2025-04-14 05:14:15,562 - httpx - INFO - HTTP Request: POST https://api.telegram.org/bot7690359419:AAFO0dgpL0IaAP44WCMtNOTPMq5plBmPWlA/getUpdates "HTTP/1.1 200 OK"
2025-04-14 05:14:25,604 - httpx - INFO - HTTP Request: POST https://api.telegram.org/bot7690359419:AAFO0dgpL0IaAP44WCMtNOTPMq5plBmPWlA/getUpdates "HTTP/1.1 200 OK"
2025-04-14 05:14:35,641 - httpx - INFO - HTTP Request: POST https://api.telegram.org/bot7690359419:AAFO0dgpL0IaAP44WCMtNOTPMq5plBmPWlA/getUpdates "HTTP/1.1 200 OK"
2025-04-14 05:14:45,675 - httpx - INFO - HTTP Request: POST https://api.telegram.org/bot7690359419:AAFO0dgpL0IaAP44WCMtNOTPMq5plBmPWlA/getUpdates "HTTP/1.1 200 OK"
2025-04-14 05:14:55,709 - httpx - INFO - HTTP Request: POST https://api.telegram.org/bot7690359419:AAFO0dgpL0IaAP44WCMtNOTPMq5plBmPWlA/getUpdates "HTTP/1.1 200 OK"
2025-04-14 05:15:02,916 - httpx - INFO - HTTP Request: POST https://api.telegram.org/bot7690359419:AAFO0dgpL0IaAP44WCMtNOTPMq5plBmPWlA/getUpdates "HTTP/1.1 200 OK"
2025-04-14 05:15:12,953 - httpx - INFO - HTTP Request: POST https://api.telegram.org/bot7690359419:AAFO0dgpL0IaAP44WCMtNOTPMq5plBmPWlA/getUpdates "HTTP/1.1 200 OK"
2025-04-14 05:15:22,986 - httpx - INFO - HTTP Request: POST https://api.telegram.org/bot7690359419:AAFO0dgpL0IaAP44WCMtNOTPMq5plBmPWlA/getUpdates "HTTP/1.1 200 OK"
2025-04-14 05:15:33,017 - httpx - INFO - HTTP Request: POST https://api.telegram.org/bot7690359419:AAFO0dgpL0IaAP44WCMtNOTPMq5plBmPWlA/getUpdates "HTTP/1.1 200 OK"
2025-04-14 05:15:43,052 - httpx - INFO - HTTP Request: POST https://api.telegram.org/bot7690359419:AAFO0dgpL0IaAP44WCMtNOTPMq5plBmPWlA/getUpdates "HTTP/1.1 200 OK"
2025-04-14 05:15:53,090 - httpx - INFO - HTTP Request: POST https://api.telegram.org/bot7690359419:AAFO0dgpL0IaAP44WCMtNOTPMq5plBmPWlA/getUpdates "HTTP/1.1 200 OK"
2025-04-14 05:16:03,123 - httpx - INFO - HTTP Request: POST https://api.telegram.org/bot7690359419:AAFO0dgpL0IaAP44WCMtNOTPMq5plBmPWlA/getUpdates "HTTP/1.1 200 OK"
2025-04-14 05:16:13,158 - httpx - INFO - HTTP Request: POST https://api.telegram.org/bot7690359419:AAFO0dgpL0IaAP44WCMtNOTPMq5plBmPWlA/getUpdates "HTTP/1.1 200 OK"
2025-04-14 05:16:23,194 - httpx - INFO - HTTP Request: POST https://api.telegram.org/bot7690359419:AAFO0dgpL0IaAP44WCMtNOTPMq5plBmPWlA/getUpdates "HTTP/1.1 200 OK"
2025-04-14 05:16:33,228 - httpx - INFO - HTTP Request: POST https://api.telegram.org/bot7690359419:AAFO0dgpL0IaAP44WCMtNOTPMq5plBmPWlA/getUpdates "HTTP/1.1 200 OK"
2025-04-14 05:16:43,264 - httpx - INFO - HTTP Request: POST https://api.telegram.org/bot7690359419:AAFO0dgpL0IaAP44WCMtNOTPMq5plBmPWlA/getUpdates "HTTP/1.1 200 OK"
2025-04-14 05:16:53,297 - httpx - INFO - HTTP Request: POST https://api.telegram.org/bot7690359419:AAFO0dgpL0IaAP44WCMtNOTPMq5plBmPWlA/getUpdates "HTTP/1.1 200 OK"
2025-04-14 05:17:03,329 - httpx - INFO - HTTP Request: POST https://api.telegram.org/bot7690359419:AAFO0dgpL0IaAP44WCMtNOTPMq5plBmPWlA/getUpdates "HTTP/1.1 200 OK"
2025-04-14 05:17:13,362 - httpx - INFO - HTTP Request: POST https://api.telegram.org/bot7690359419:AAFO0dgpL0IaAP44WCMtNOTPMq5plBmPWlA/getUpdates "HTTP/1.1 200 OK"
2025-04-14 05:17:23,397 - httpx - INFO - HTTP Request: POST https://api.telegram.org/bot7690359419:AAFO0dgpL0IaAP44WCMtNOTPMq5plBmPWlA/getUpdates "HTTP/1.1 200 OK"
2025-04-14 05:17:33,433 - httpx - INFO - HTTP Request: POST https://api.telegram.org/bot7690359419:AAFO0dgpL0IaAP44WCMtNOTPMq5plBmPWlA/getUpdates "HTTP/1.1 200 OK"
2025-04-14 05:17:43,466 - httpx - INFO - HTTP Request: POST https://api.telegram.org/bot7690359419:AAFO0dgpL0IaAP44WCMtNOTPMq5plBmPWlA/getUpdates "HTTP/1.1 200 OK"
2025-04-14 05:17:53,499 - httpx - INFO - HTTP Request: POST https://api.telegram.org/bot7690359419:AAFO0dgpL0IaAP44WCMtNOTPMq5plBmPWlA/getUpdates "HTTP/1.1 200 OK"
2025-04-14 05:18:03,533 - httpx - INFO - HTTP Request: POST https://api.telegram.org/bot7690359419:AAFO0dgpL0IaAP44WCMtNOTPMq5plBmPWlA/getUpdates "HTTP/1.1 200 OK"
2025-04-14 05:18:13,569 - httpx - INFO - HTTP Request: POST https://api.telegram.org/bot7690359419:AAFO0dgpL0IaAP44WCMtNOTPMq5plBmPWlA/getUpdates "HTTP/1.1 200 OK"
2025-04-14 05:18:17,587 - httpx - INFO - HTTP Request: POST https://api.telegram.org/bot7690359419:AAFO0dgpL0IaAP44WCMtNOTPMq5plBmPWlA/getUpdates "HTTP/1.1 200 OK"
2025-04-14 05:18:17,727 - httpx - INFO - HTTP Request: POST https://api.telegram.org/bot7690359419:AAFO0dgpL0IaAP44WCMtNOTPMq5plBmPWlA/sendMessage "HTTP/1.1 200 OK"
2025-04-14 05:18:17,728 - root - INFO - Начало загрузки видео по ссылке: https://youtu.be/_A2Mvas0x6E
2025-04-14 05:18:24,318 - httpx - INFO - HTTP Request: POST https://api.telegram.org/bot7690359419:AAFO0dgpL0IaAP44WCMtNOTPMq5plBmPWlA/sendVideo "HTTP/1.1 200 OK"
2025-04-14 05:18:24,319 - root - INFO - Видео успешно отправлено в чат: 6494091118_video.mp4
2025-04-14 05:18:28,047 - httpx - INFO - HTTP Request: POST https://api.telegram.org/bot7690359419:AAFO0dgpL0IaAP44WCMtNOTPMq5plBmPWlA/getUpdates "HTTP/1.1 200 OK"
2025-04-14 05:18:28,904 - httpx - INFO - HTTP Request: POST https://api.telegram.org/bot7690359419:AAFO0dgpL0IaAP44WCMtNOTPMq5plBmPWlA/sendAudio "HTTP/1.1 200 OK"
2025-04-14 05:18:28,905 - root - INFO - Аудио успешно отправлено в чат: 6494091118_audio.mp3
2025-04-14 05:18:38,179 - httpx - INFO - HTTP Request: POST https://api.telegram.org/bot7690359419:AAFO0dgpL0IaAP44WCMtNOTPMq5plBmPWlA/getUpdates "HTTP/1.1 200 OK"
2025-04-14 05:18:48,213 - httpx - INFO - HTTP Request: POST https://api.telegram.org/bot7690359419:AAFO0dgpL0IaAP44WCMtNOTPMq5plBmPWlA/getUpdates "HTTP/1.1 200 OK"
2025-04-14 05:18:58,249 - httpx - INFO - HTTP Request: POST https://api.telegram.org/bot7690359419:AAFO0dgpL0IaAP44WCMtNOTPMq5plBmPWlA/getUpdates "HTTP/1.1 200 OK"
2025-04-14 05:19:08,287 - httpx - INFO - HTTP Request: POST https://api.telegram.org/bot7690359419:AAFO0dgpL0IaAP44WCMtNOTPMq5plBmPWlA/getUpdates "HTTP/1.1 200 OK"
2025-04-14 05:19:18,323 - httpx - INFO - HTTP Request: POST https://api.telegram.org/bot7690359419:AAFO0dgpL0IaAP44WCMtNOTPMq5plBmPWlA/getUpdates "HTTP/1.1 200 OK"
2025-04-14 05:19:28,355 - httpx - INFO - HTTP Request: POST https://api.telegram.org/bot7690359419:AAFO0dgpL0IaAP44WCMtNOTPMq5plBmPWlA/getUpdates "HTTP/1.1 200 OK"
2025-04-14 05:19:38,389 - httpx - INFO - HTTP Request: POST https://api.telegram.org/bot7690359419:AAFO0dgpL0IaAP44WCMtNOTPMq5plBmPWlA/getUpdates "HTTP/1.1 200 OK"
2025-04-14 05:19:48,422 - httpx - INFO - HTTP Request: POST https://api.telegram.org/bot7690359419:AAFO0dgpL0IaAP44WCMtNOTPMq5plBmPWlA/getUpdates "HTTP/1.1 200 OK"
2025-04-14 05:19:58,455 - httpx - INFO - HTTP Request: POST https://api.telegram.org/bot7690359419:AAFO0dgpL0IaAP44WCMtNOTPMq5plBmPWlA/getUpdates "HTTP/1.1 200 OK"
2025-04-14 05:20:06,210 - httpx - INFO - HTTP Request: POST https://api.telegram.org/bot7690359419:AAFO0dgpL0IaAP44WCMtNOTPMq5plBmPWlA/getUpdates "HTTP/1.1 200 OK"
2025-04-14 05:20:06,390 - httpx - INFO - HTTP Request: POST https://api.telegram.org/bot7690359419:AAFO0dgpL0IaAP44WCMtNOTPMq5plBmPWlA/sendMessage "HTTP/1.1 200 OK"
2025-04-14 05:20:06,391 - root - INFO - Начало загрузки видео по ссылке: https://www.youtube.com/watch?v=6WD6uGDA2a4
2025-04-14 05:20:13,319 - httpx - INFO - HTTP Request: POST https://api.telegram.org/bot7690359419:AAFO0dgpL0IaAP44WCMtNOTPMq5plBmPWlA/sendVideo "HTTP/1.1 200 OK"
2025-04-14 05:20:13,320 - root - INFO - Видео успешно отправлено в чат: -1002559211865_video.mp4
2025-04-14 05:20:13,352 - root - ERROR - Ошибка при извлечении аудио: Command '['ffmpeg', '-i', '-1002559211865_video.mp4', '-vn', '-acodec', 'libmp3lame', '-ar', '44100', '-ac', '2', '-1002559211865_audio.mp3']' returned non-zero exit status 2880417800.
2025-04-14 05:20:13,414 - httpx - INFO - HTTP Request: POST https://api.telegram.org/bot7690359419:AAFO0dgpL0IaAP44WCMtNOTPMq5plBmPWlA/sendMessage "HTTP/1.1 200 OK"
2025-04-14 05:20:16,247 - httpx - INFO - HTTP Request: POST https://api.telegram.org/bot7690359419:AAFO0dgpL0IaAP44WCMtNOTPMq5plBmPWlA/getUpdates "HTTP/1.1 200 OK"
2025-04-14 05:20:22,459 - httpx - INFO - HTTP Request: POST https://api.telegram.org/bot7690359419:AAFO0dgpL0IaAP44WCMtNOTPMq5plBmPWlA/getUpdates "HTTP/1.1 200 OK"
2025-04-14 05:20:22,660 - httpx - INFO - HTTP Request: POST https://api.telegram.org/bot7690359419:AAFO0dgpL0IaAP44WCMtNOTPMq5plBmPWlA/sendMessage "HTTP/1.1 200 OK"
2025-04-14 05:20:22,660 - root - INFO - Начало загрузки видео по ссылке: https://www.youtube.com/watch?v=6WD6uGDA2a4
2025-04-14 05:20:29,070 - httpx - INFO - HTTP Request: POST https://api.telegram.org/bot7690359419:AAFO0dgpL0IaAP44WCMtNOTPMq5plBmPWlA/sendVideo "HTTP/1.1 200 OK"
2025-04-14 05:20:29,072 - root - INFO - Видео успешно отправлено в чат: 524626692_video.mp4
2025-04-14 05:20:33,068 - httpx - INFO - HTTP Request: POST https://api.telegram.org/bot7690359419:AAFO0dgpL0IaAP44WCMtNOTPMq5plBmPWlA/getUpdates "HTTP/1.1 200 OK"
2025-04-14 05:20:33,887 - httpx - INFO - HTTP Request: POST https://api.telegram.org/bot7690359419:AAFO0dgpL0IaAP44WCMtNOTPMq5plBmPWlA/sendAudio "HTTP/1.1 200 OK"
2025-04-14 05:20:33,889 - root - INFO - Аудио успешно отправлено в чат: 524626692_audio.mp3
2025-04-14 05:20:43,160 - httpx - INFO - HTTP Request: POST https://api.telegram.org/bot7690359419:AAFO0dgpL0IaAP44WCMtNOTPMq5plBmPWlA/getUpdates "HTTP/1.1 200 OK"
2025-04-14 05:20:53,201 - httpx - INFO - HTTP Request: POST https://api.telegram.org/bot7690359419:AAFO0dgpL0IaAP44WCMtNOTPMq5plBmPWlA/getUpdates "HTTP/1.1 200 OK"
2025-04-14 05:21:03,240 - httpx - INFO - HTTP Request: POST https://api.telegram.org/bot7690359419:AAFO0dgpL0IaAP44WCMtNOTPMq5plBmPWlA/getUpdates "HTTP/1.1 200 OK"
2025-04-14 05:21:13,276 - httpx - INFO - HTTP Request: POST https://api.telegram.org/bot7690359419:AAFO0dgpL0IaAP44WCMtNOTPMq5plBmPWlA/getUpdates "HTTP/1.1 200 OK"
2025-04-14 05:21:23,318 - httpx - INFO - HTTP Request: POST https://api.telegram.org/bot7690359419:AAFO0dgpL0IaAP44WCMtNOTPMq5plBmPWlA/getUpdates "HTTP/1.1 200 OK"
2025-04-14 05:21:33,352 - httpx - INFO - HTTP Request: POST https://api.telegram.org/bot7690359419:AAFO0dgpL0IaAP44WCMtNOTPMq5plBmPWlA/getUpdates "HTTP/1.1 200 OK"
2025-04-14 05:21:43,386 - httpx - INFO - HTTP Request: POST https://api.telegram.org/bot7690359419:AAFO0dgpL0IaAP44WCMtNOTPMq5plBmPWlA/getUpdates "HTTP/1.1 200 OK"
2025-04-14 05:21:53,425 - httpx - INFO - HTTP Request: POST https://api.telegram.org/bot7690359419:AAFO0dgpL0IaAP44WCMtNOTPMq5plBmPWlA/getUpdates "HTTP/1.1 200 OK"
2025-04-14 05:22:03,461 - httpx - INFO - HTTP Request: POST https://api.telegram.org/bot7690359419:AAFO0dgpL0IaAP44WCMtNOTPMq5plBmPWlA/getUpdates "HTTP/1.1 200 OK"
2025-04-14 05:22:13,500 - httpx - INFO - HTTP Request: POST https://api.telegram.org/bot7690359419:AAFO0dgpL0IaAP44WCMtNOTPMq5plBmPWlA/getUpdates "HTTP/1.1 200 OK"
2025-04-14 05:22:23,535 - httpx - INFO - HTTP Request: POST https://api.telegram.org/bot7690359419:AAFO0dgpL0IaAP44WCMtNOTPMq5plBmPWlA/getUpdates "HTTP/1.1 200 OK"
2025-04-14 05:22:33,574 - httpx - INFO - HTTP Request: POST https://api.telegram.org/bot7690359419:AAFO0dgpL0IaAP44WCMtNOTPMq5plBmPWlA/getUpdates "HTTP/1.1 200 OK"
2025-04-14 05:22:43,607 - httpx - INFO - HTTP Request: POST https://api.telegram.org/bot7690359419:AAFO0dgpL0IaAP44WCMtNOTPMq5plBmPWlA/getUpdates "HTTP/1.1 200 OK"
2025-04-14 05:22:53,642 - httpx - INFO - HTTP Request: POST https://api.telegram.org/bot7690359419:AAFO0dgpL0IaAP44WCMtNOTPMq5plBmPWlA/getUpdates "HTTP/1.1 200 OK"
2025-04-14 05:23:03,675 - httpx - INFO - HTTP Request: POST https://api.telegram.org/bot7690359419:AAFO0dgpL0IaAP44WCMtNOTPMq5plBmPWlA/getUpdates "HTTP/1.1 200 OK"
2025-04-14 05:23:13,709 - httpx - INFO - HTTP Request: POST https://api.telegram.org/bot7690359419:AAFO0dgpL0IaAP44WCMtNOTPMq5plBmPWlA/getUpdates "HTTP/1.1 200 OK"
2025-04-14 05:23:23,744 - httpx - INFO - HTTP Request: POST https://api.telegram.org/bot7690359419:AAFO0dgpL0IaAP44WCMtNOTPMq5plBmPWlA/getUpdates "HTTP/1.1 200 OK"
2025-04-14 05:23:33,777 - httpx - INFO - HTTP Request: POST https://api.telegram.org/bot7690359419:AAFO0dgpL0IaAP44WCMtNOTPMq5plBmPWlA/getUpdates "HTTP/1.1 200 OK"
2025-04-14 05:23:43,813 - httpx - INFO - HTTP Request: POST https://api.telegram.org/bot7690359419:AAFO0dgpL0IaAP44WCMtNOTPMq5plBmPWlA/getUpdates "HTTP/1.1 200 OK"
2025-04-14 05:23:53,846 - httpx - INFO - HTTP Request: POST https://api.telegram.org/bot7690359419:AAFO0dgpL0IaAP44WCMtNOTPMq5plBmPWlA/getUpdates "HTTP/1.1 200 OK"
2025-04-14 05:24:03,879 - httpx - INFO - HTTP Request: POST https://api.telegram.org/bot7690359419:AAFO0dgpL0IaAP44WCMtNOTPMq5plBmPWlA/getUpdates "HTTP/1.1 200 OK"
2025-04-14 05:24:13,913 - httpx - INFO - HTTP Request: POST https://api.telegram.org/bot7690359419:AAFO0dgpL0IaAP44WCMtNOTPMq5plBmPWlA/getUpdates "HTTP/1.1 200 OK"
2025-04-14 05:24:23,949 - httpx - INFO - HTTP Request: POST https://api.telegram.org/bot7690359419:AAFO0dgpL0IaAP44WCMtNOTPMq5plBmPWlA/getUpdates "HTTP/1.1 200 OK"
2025-04-14 05:24:33,982 - httpx - INFO - HTTP Request: POST https://api.telegram.org/bot7690359419:AAFO0dgpL0IaAP44WCMtNOTPMq5plBmPWlA/getUpdates "HTTP/1.1 200 OK"
2025-04-14 05:24:44,015 - httpx - INFO - HTTP Request: POST https://api.telegram.org/bot7690359419:AAFO0dgpL0IaAP44WCMtNOTPMq5plBmPWlA/getUpdates "HTTP/1.1 200 OK"
2025-04-14 05:24:54,059 - httpx - INFO - HTTP Request: POST https://api.telegram.org/bot7690359419:AAFO0dgpL0IaAP44WCMtNOTPMq5plBmPWlA/getUpdates "HTTP/1.1 200 OK"
2025-04-14 05:25:04,092 - httpx - INFO - HTTP Request: POST https://api.telegram.org/bot7690359419:AAFO0dgpL0IaAP44WCMtNOTPMq5plBmPWlA/getUpdates "HTTP/1.1 200 OK"
2025-04-14 05:25:14,126 - httpx - INFO - HTTP Request: POST https://api.telegram.org/bot7690359419:AAFO0dgpL0IaAP44WCMtNOTPMq5plBmPWlA/getUpdates "HTTP/1.1 200 OK"
2025-04-14 05:25:24,162 - httpx - INFO - HTTP Request: POST https://api.telegram.org/bot7690359419:AAFO0dgpL0IaAP44WCMtNOTPMq5plBmPWlA/getUpdates "HTTP/1.1 200 OK"
2025-04-14 05:25:34,194 - httpx - INFO - HTTP Request: POST https://api.telegram.org/bot7690359419:AAFO0dgpL0IaAP44WCMtNOTPMq5plBmPWlA/getUpdates "HTTP/1.1 200 OK"
2025-04-14 05:25:44,227 - httpx - INFO - HTTP Request: POST https://api.telegram.org/bot7690359419:AAFO0dgpL0IaAP44WCMtNOTPMq5plBmPWlA/getUpdates "HTTP/1.1 200 OK"
2025-04-14 05:25:54,259 - httpx - INFO - HTTP Request: POST https://api.telegram.org/bot7690359419:AAFO0dgpL0IaAP44WCMtNOTPMq5plBmPWlA/getUpdates "HTTP/1.1 200 OK"
2025-04-14 05:26:04,292 - httpx - INFO - HTTP Request: POST https://api.telegram.org/bot7690359419:AAFO0dgpL0IaAP44WCMtNOTPMq5plBmPWlA/getUpdates "HTTP/1.1 200 OK"
2025-04-14 05:26:14,340 - httpx - INFO - HTTP Request: POST https://api.telegram.org/bot7690359419:AAFO0dgpL0IaAP44WCMtNOTPMq5plBmPWlA/getUpdates "HTTP/1.1 200 OK"
2025-04-14 05:26:24,376 - httpx - INFO - HTTP Request: POST https://api.telegram.org/bot7690359419:AAFO0dgpL0IaAP44WCMtNOTPMq5plBmPWlA/getUpdates "HTTP/1.1 200 OK"
2025-04-14 05:26:34,407 - httpx - INFO - HTTP Request: POST https://api.telegram.org/bot7690359419:AAFO0dgpL0IaAP44WCMtNOTPMq5plBmPWlA/getUpdates "HTTP/1.1 200 OK"
2025-04-14 05:26:44,444 - httpx - INFO - HTTP Request: POST https://api.telegram.org/bot7690359419:AAFO0dgpL0IaAP44WCMtNOTPMq5plBmPWlA/getUpdates "HTTP/1.1 200 OK"
2025-04-14 05:26:54,478 - httpx - INFO - HTTP Request: POST https://api.telegram.org/bot7690359419:AAFO0dgpL0IaAP44WCMtNOTPMq5plBmPWlA/getUpdates "HTTP/1.1 200 OK"
2025-04-14 05:27:04,514 - httpx - INFO - HTTP Request: POST https://api.telegram.org/bot7690359419:AAFO0dgpL0IaAP44WCMtNOTPMq5plBmPWlA/getUpdates "HTTP/1.1 200 OK"
2025-04-14 05:27:14,549 - httpx - INFO - HTTP Request: POST https://api.telegram.org/bot7690359419:AAFO0dgpL0IaAP44WCMtNOTPMq5plBmPWlA/getUpdates "HTTP/1.1 200 OK"
2025-04-14 05:27:24,582 - httpx - INFO - HTTP Request: POST https://api.telegram.org/bot7690359419:AAFO0dgpL0IaAP44WCMtNOTPMq5plBmPWlA/getUpdates "HTTP/1.1 200 OK"
2025-04-14 05:27:34,620 - httpx - INFO - HTTP Request: POST https://api.telegram.org/bot7690359419:AAFO0dgpL0IaAP44WCMtNOTPMq5plBmPWlA/getUpdates "HTTP/1.1 200 OK"
2025-04-14 05:27:44,660 - httpx - INFO - HTTP Request: POST https://api.telegram.org/bot7690359419:AAFO0dgpL0IaAP44WCMtNOTPMq5plBmPWlA/getUpdates "HTTP/1.1 200 OK"
2025-04-14 05:27:54,699 - httpx - INFO - HTTP Request: POST https://api.telegram.org/bot7690359419:AAFO0dgpL0IaAP44WCMtNOTPMq5plBmPWlA/getUpdates "HTTP/1.1 200 OK"
2025-04-14 05:28:04,731 - httpx - INFO - HTTP Request: POST https://api.telegram.org/bot7690359419:AAFO0dgpL0IaAP44WCMtNOTPMq5plBmPWlA/getUpdates "HTTP/1.1 200 OK"
2025-04-14 05:28:14,767 - httpx - INFO - HTTP Request: POST https://api.telegram.org/bot7690359419:AAFO0dgpL0IaAP44WCMtNOTPMq5plBmPWlA/getUpdates "HTTP/1.1 200 OK"
2025-04-14 05:28:24,805 - httpx - INFO - HTTP Request: POST https://api.telegram.org/bot7690359419:AAFO0dgpL0IaAP44WCMtNOTPMq5plBmPWlA/getUpdates "HTTP/1.1 200 OK"
2025-04-14 05:28:34,838 - httpx - INFO - HTTP Request: POST https://api.telegram.org/bot7690359419:AAFO0dgpL0IaAP44WCMtNOTPMq5plBmPWlA/getUpdates "HTTP/1.1 200 OK"
2025-04-14 05:28:44,873 - httpx - INFO - HTTP Request: POST https://api.telegram.org/bot7690359419:AAFO0dgpL0IaAP44WCMtNOTPMq5plBmPWlA/getUpdates "HTTP/1.1 200 OK"
2025-04-14 05:28:54,907 - httpx - INFO - HTTP Request: POST https://api.telegram.org/bot7690359419:AAFO0dgpL0IaAP44WCMtNOTPMq5plBmPWlA/getUpdates "HTTP/1.1 200 OK"
2025-04-14 05:29:04,944 - httpx - INFO - HTTP Request: POST https://api.telegram.org/bot7690359419:AAFO0dgpL0IaAP44WCMtNOTPMq5plBmPWlA/getUpdates "HTTP/1.1 200 OK"
2025-04-14 05:29:14,983 - httpx - INFO - HTTP Request: POST https://api.telegram.org/bot7690359419:AAFO0dgpL0IaAP44WCMtNOTPMq5plBmPWlA/getUpdates "HTTP/1.1 200 OK"
2025-04-14 05:29:25,018 - httpx - INFO - HTTP Request: POST https://api.telegram.org/bot7690359419:AAFO0dgpL0IaAP44WCMtNOTPMq5plBmPWlA/getUpdates "HTTP/1.1 200 OK"
2025-04-14 05:29:35,052 - httpx - INFO - HTTP Request: POST https://api.telegram.org/bot7690359419:AAFO0dgpL0IaAP44WCMtNOTPMq5plBmPWlA/getUpdates "HTTP/1.1 200 OK"
2025-04-14 05:29:45,084 - httpx - INFO - HTTP Request: POST https://api.telegram.org/bot7690359419:AAFO0dgpL0IaAP44WCMtNOTPMq5plBmPWlA/getUpdates "HTTP/1.1 200 OK"
2025-04-14 05:29:55,119 - httpx - INFO - HTTP Request: POST https://api.telegram.org/bot7690359419:AAFO0dgpL0IaAP44WCMtNOTPMq5plBmPWlA/getUpdates "HTTP/1.1 200 OK"
2025-04-14 05:30:05,153 - httpx - INFO - HTTP Request: POST https://api.telegram.org/bot7690359419:AAFO0dgpL0IaAP44WCMtNOTPMq5plBmPWlA/getUpdates "HTTP/1.1 200 OK"
2025-04-14 05:30:15,187 - httpx - INFO - HTTP Request: POST https://api.telegram.org/bot7690359419:AAFO0dgpL0IaAP44WCMtNOTPMq5plBmPWlA/getUpdates "HTTP/1.1 200 OK"
2025-04-14 05:30:25,224 - httpx - INFO - HTTP Request: POST https://api.telegram.org/bot7690359419:AAFO0dgpL0IaAP44WCMtNOTPMq5plBmPWlA/getUpdates "HTTP/1.1 200 OK"
2025-04-14 05:30:35,256 - httpx - INFO - HTTP Request: POST https://api.telegram.org/bot7690359419:AAFO0dgpL0IaAP44WCMtNOTPMq5plBmPWlA/getUpdates "HTTP/1.1 200 OK"
2025-04-14 05:30:45,370 - httpx - INFO - HTTP Request: POST https://api.telegram.org/bot7690359419:AAFO0dgpL0IaAP44WCMtNOTPMq5plBmPWlA/getUpdates "HTTP/1.1 200 OK"
2025-04-14 05:30:55,406 - httpx - INFO - HTTP Request: POST https://api.telegram.org/bot7690359419:AAFO0dgpL0IaAP44WCMtNOTPMq5plBmPWlA/getUpdates "HTTP/1.1 200 OK"
2025-04-14 05:31:02,686 - httpx - INFO - HTTP Request: POST https://api.telegram.org/bot7690359419:AAFO0dgpL0IaAP44WCMtNOTPMq5plBmPWlA/getUpdates "HTTP/1.1 200 OK"
2025-04-14 05:31:02,812 - httpx - INFO - HTTP Request: POST https://api.telegram.org/bot7690359419:AAFO0dgpL0IaAP44WCMtNOTPMq5plBmPWlA/sendMessage "HTTP/1.1 200 OK"
2025-04-14 05:31:02,812 - root - INFO - Начало загрузки TikTok видео по ссылке: https://vm.tiktok.com/ZMBbSkHXq/
2025-04-14 05:31:07,347 - httpx - INFO - HTTP Request: POST https://api.telegram.org/bot7690359419:AAFO0dgpL0IaAP44WCMtNOTPMq5plBmPWlA/sendVideo "HTTP/1.1 200 OK"
2025-04-14 05:31:07,349 - root - INFO - Видео TikTok успешно отправлено в чат: 524626692_tiktok.mp4
2025-04-14 05:31:12,729 - httpx - INFO - HTTP Request: POST https://api.telegram.org/bot7690359419:AAFO0dgpL0IaAP44WCMtNOTPMq5plBmPWlA/getUpdates "HTTP/1.1 200 OK"
2025-04-14 05:31:22,759 - httpx - INFO - HTTP Request: POST https://api.telegram.org/bot7690359419:AAFO0dgpL0IaAP44WCMtNOTPMq5plBmPWlA/getUpdates "HTTP/1.1 200 OK"
2025-04-14 05:31:32,791 - httpx - INFO - HTTP Request: POST https://api.telegram.org/bot7690359419:AAFO0dgpL0IaAP44WCMtNOTPMq5plBmPWlA/getUpdates "HTTP/1.1 200 OK"
2025-04-14 05:31:42,824 - httpx - INFO - HTTP Request: POST https://api.telegram.org/bot7690359419:AAFO0dgpL0IaAP44WCMtNOTPMq5plBmPWlA/getUpdates "HTTP/1.1 200 OK"
2025-04-14 05:31:52,855 - httpx - INFO - HTTP Request: POST https://api.telegram.org/bot7690359419:AAFO0dgpL0IaAP44WCMtNOTPMq5plBmPWlA/getUpdates "HTTP/1.1 200 OK"
2025-04-14 05:32:02,888 - httpx - INFO - HTTP Request: POST https://api.telegram.org/bot7690359419:AAFO0dgpL0IaAP44WCMtNOTPMq5plBmPWlA/getUpdates "HTTP/1.1 200 OK"
2025-04-14 05:32:12,920 - httpx - INFO - HTTP Request: POST https://api.telegram.org/bot7690359419:AAFO0dgpL0IaAP44WCMtNOTPMq5plBmPWlA/getUpdates "HTTP/1.1 200 OK"
2025-04-14 05:32:22,952 - httpx - INFO - HTTP Request: POST https://api.telegram.org/bot7690359419:AAFO0dgpL0IaAP44WCMtNOTPMq5plBmPWlA/getUpdates "HTTP/1.1 200 OK"
2025-04-14 05:32:32,985 - httpx - INFO - HTTP Request: POST https://api.telegram.org/bot7690359419:AAFO0dgpL0IaAP44WCMtNOTPMq5plBmPWlA/getUpdates "HTTP/1.1 200 OK"
2025-04-14 05:32:43,019 - httpx - INFO - HTTP Request: POST https://api.telegram.org/bot7690359419:AAFO0dgpL0IaAP44WCMtNOTPMq5plBmPWlA/getUpdates "HTTP/1.1 200 OK"
2025-04-14 05:32:53,050 - httpx - INFO - HTTP Request: POST https://api.telegram.org/bot7690359419:AAFO0dgpL0IaAP44WCMtNOTPMq5plBmPWlA/getUpdates "HTTP/1.1 200 OK"
2025-04-14 05:33:03,083 - httpx - INFO - HTTP Request: POST https://api.telegram.org/bot7690359419:AAFO0dgpL0IaAP44WCMtNOTPMq5plBmPWlA/getUpdates "HTTP/1.1 200 OK"
2025-04-14 05:33:13,117 - httpx - INFO - HTTP Request: POST https://api.telegram.org/bot7690359419:AAFO0dgpL0IaAP44WCMtNOTPMq5plBmPWlA/getUpdates "HTTP/1.1 200 OK"
2025-04-14 05:33:23,149 - httpx - INFO - HTTP Request: POST https://api.telegram.org/bot7690359419:AAFO0dgpL0IaAP44WCMtNOTPMq5plBmPWlA/getUpdates "HTTP/1.1 200 OK"
2025-04-14 05:33:33,183 - httpx - INFO - HTTP Request: POST https://api.telegram.org/bot7690359419:AAFO0dgpL0IaAP44WCMtNOTPMq5plBmPWlA/getUpdates "HTTP/1.1 200 OK"
2025-04-14 05:33:43,216 - httpx - INFO - HTTP Request: POST https://api.telegram.org/bot7690359419:AAFO0dgpL0IaAP44WCMtNOTPMq5plBmPWlA/getUpdates "HTTP/1.1 200 OK"
2025-04-14 05:33:53,247 - httpx - INFO - HTTP Request: POST https://api.telegram.org/bot7690359419:AAFO0dgpL0IaAP44WCMtNOTPMq5plBmPWlA/getUpdates "HTTP/1.1 200 OK"
2025-04-14 05:34:03,279 - httpx - INFO - HTTP Request: POST https://api.telegram.org/bot7690359419:AAFO0dgpL0IaAP44WCMtNOTPMq5plBmPWlA/getUpdates "HTTP/1.1 200 OK"
2025-04-14 05:34:13,312 - httpx - INFO - HTTP Request: POST https://api.telegram.org/bot7690359419:AAFO0dgpL0IaAP44WCMtNOTPMq5plBmPWlA/getUpdates "HTTP/1.1 200 OK"
2025-04-14 05:34:23,343 - httpx - INFO - HTTP Request: POST https://api.telegram.org/bot7690359419:AAFO0dgpL0IaAP44WCMtNOTPMq5plBmPWlA/getUpdates "HTTP/1.1 200 OK"
2025-04-14 05:34:33,378 - httpx - INFO - HTTP Request: POST https://api.telegram.org/bot7690359419:AAFO0dgpL0IaAP44WCMtNOTPMq5plBmPWlA/getUpdates "HTTP/1.1 200 OK"
2025-04-14 05:34:43,412 - httpx - INFO - HTTP Request: POST https://api.telegram.org/bot7690359419:AAFO0dgpL0IaAP44WCMtNOTPMq5plBmPWlA/getUpdates "HTTP/1.1 200 OK"
2025-04-14 05:34:53,443 - httpx - INFO - HTTP Request: POST https://api.telegram.org/bot7690359419:AAFO0dgpL0IaAP44WCMtNOTPMq5plBmPWlA/getUpdates "HTTP/1.1 200 OK"
2025-04-14 05:34:54,265 - httpx - INFO - HTTP Request: POST https://api.telegram.org/bot7690359419:AAFO0dgpL0IaAP44WCMtNOTPMq5plBmPWlA/getUpdates "HTTP/1.1 200 OK"
2025-04-14 05:34:54,410 - httpx - INFO - HTTP Request: POST https://api.telegram.org/bot7690359419:AAFO0dgpL0IaAP44WCMtNOTPMq5plBmPWlA/sendMessage "HTTP/1.1 200 OK"
2025-04-14 05:34:54,411 - root - INFO - Начало загрузки видео по ссылке: https://www.youtube.com/watch?v=J5KHJ2uWnNQ
2025-04-14 05:35:03,725 - httpx - INFO - HTTP Request: POST https://api.telegram.org/bot7690359419:AAFO0dgpL0IaAP44WCMtNOTPMq5plBmPWlA/sendVideo "HTTP/1.1 200 OK"
2025-04-14 05:35:03,726 - root - INFO - Видео успешно отправлено в чат: 524626692_video.mp4
2025-04-14 05:35:06,290 - httpx - INFO - HTTP Request: POST https://api.telegram.org/bot7690359419:AAFO0dgpL0IaAP44WCMtNOTPMq5plBmPWlA/getUpdates "HTTP/1.1 200 OK"
2025-04-14 05:35:07,013 - httpx - INFO - HTTP Request: POST https://api.telegram.org/bot7690359419:AAFO0dgpL0IaAP44WCMtNOTPMq5plBmPWlA/sendAudio "HTTP/1.1 200 OK"
2025-04-14 05:35:07,014 - root - INFO - Аудио успешно отправлено в чат: 524626692_audio.mp3
2025-04-14 05:35:16,406 - httpx - INFO - HTTP Request: POST https://api.telegram.org/bot7690359419:AAFO0dgpL0IaAP44WCMtNOTPMq5plBmPWlA/getUpdates "HTTP/1.1 200 OK"
2025-04-14 05:35:26,439 - httpx - INFO - HTTP Request: POST https://api.telegram.org/bot7690359419:AAFO0dgpL0IaAP44WCMtNOTPMq5plBmPWlA/getUpdates "HTTP/1.1 200 OK"
2025-04-14 05:35:36,471 - httpx - INFO - HTTP Request: POST https://api.telegram.org/bot7690359419:AAFO0dgpL0IaAP44WCMtNOTPMq5plBmPWlA/getUpdates "HTTP/1.1 200 OK"
2025-04-14 05:35:46,503 - httpx - INFO - HTTP Request: POST https://api.telegram.org/bot7690359419:AAFO0dgpL0IaAP44WCMtNOTPMq5plBmPWlA/getUpdates "HTTP/1.1 200 OK"
2025-04-14 05:35:56,537 - httpx - INFO - HTTP Request: POST https://api.telegram.org/bot7690359419:AAFO0dgpL0IaAP44WCMtNOTPMq5plBmPWlA/getUpdates "HTTP/1.1 200 OK"
2025-04-14 05:36:06,568 - httpx - INFO - HTTP Request: POST https://api.telegram.org/bot7690359419:AAFO0dgpL0IaAP44WCMtNOTPMq5plBmPWlA/getUpdates "HTTP/1.1 200 OK"
2025-04-14 05:36:16,601 - httpx - INFO - HTTP Request: POST https://api.telegram.org/bot7690359419:AAFO0dgpL0IaAP44WCMtNOTPMq5plBmPWlA/getUpdates "HTTP/1.1 200 OK"
2025-04-14 05:36:26,637 - httpx - INFO - HTTP Request: POST https://api.telegram.org/bot7690359419:AAFO0dgpL0IaAP44WCMtNOTPMq5plBmPWlA/getUpdates "HTTP/1.1 200 OK"
2025-04-14 05:36:36,669 - httpx - INFO - HTTP Request: POST https://api.telegram.org/bot7690359419:AAFO0dgpL0IaAP44WCMtNOTPMq5plBmPWlA/getUpdates "HTTP/1.1 200 OK"
2025-04-14 05:36:36,744 - httpx - INFO - HTTP Request: POST https://api.telegram.org/bot7690359419:AAFO0dgpL0IaAP44WCMtNOTPMq5plBmPWlA/getUpdates "HTTP/1.1 200 OK"
2025-04-14 05:36:46,777 - httpx - INFO - HTTP Request: POST https://api.telegram.org/bot7690359419:AAFO0dgpL0IaAP44WCMtNOTPMq5plBmPWlA/getUpdates "HTTP/1.1 200 OK"
2025-04-14 05:36:56,808 - httpx - INFO - HTTP Request: POST https://api.telegram.org/bot7690359419:AAFO0dgpL0IaAP44WCMtNOTPMq5plBmPWlA/getUpdates "HTTP/1.1 200 OK"
2025-04-14 05:37:06,842 - httpx - INFO - HTTP Request: POST https://api.telegram.org/bot7690359419:AAFO0dgpL0IaAP44WCMtNOTPMq5plBmPWlA/getUpdates "HTTP/1.1 200 OK"
2025-04-14 05:37:16,875 - httpx - INFO - HTTP Request: POST https://api.telegram.org/bot7690359419:AAFO0dgpL0IaAP44WCMtNOTPMq5plBmPWlA/getUpdates "HTTP/1.1 200 OK"
2025-04-14 05:37:26,907 - httpx - INFO - HTTP Request: POST https://api.telegram.org/bot7690359419:AAFO0dgpL0IaAP44WCMtNOTPMq5plBmPWlA/getUpdates "HTTP/1.1 200 OK"
2025-04-14 05:37:36,938 - httpx - INFO - HTTP Request: POST https://api.telegram.org/bot7690359419:AAFO0dgpL0IaAP44WCMtNOTPMq5plBmPWlA/getUpdates "HTTP/1.1 200 OK"
2025-04-14 05:37:46,971 - httpx - INFO - HTTP Request: POST https://api.telegram.org/bot7690359419:AAFO0dgpL0IaAP44WCMtNOTPMq5plBmPWlA/getUpdates "HTTP/1.1 200 OK"
2025-04-14 05:37:57,003 - httpx - INFO - HTTP Request: POST https://api.telegram.org/bot7690359419:AAFO0dgpL0IaAP44WCMtNOTPMq5plBmPWlA/getUpdates "HTTP/1.1 200 OK"
2025-04-14 05:38:07,037 - httpx - INFO - HTTP Request: POST https://api.telegram.org/bot7690359419:AAFO0dgpL0IaAP44WCMtNOTPMq5plBmPWlA/getUpdates "HTTP/1.1 200 OK"
2025-04-14 05:38:17,070 - httpx - INFO - HTTP Request: POST https://api.telegram.org/bot7690359419:AAFO0dgpL0IaAP44WCMtNOTPMq5plBmPWlA/getUpdates "HTTP/1.1 200 OK"
2025-04-14 05:38:27,101 - httpx - INFO - HTTP Request: POST https://api.telegram.org/bot7690359419:AAFO0dgpL0IaAP44WCMtNOTPMq5plBmPWlA/getUpdates "HTTP/1.1 200 OK"
2025-04-14 05:38:35,280 - httpx - INFO - HTTP Request: POST https://api.telegram.org/bot7690359419:AAFO0dgpL0IaAP44WCMtNOTPMq5plBmPWlA/getUpdates "HTTP/1.1 200 OK"
2025-04-14 05:38:35,420 - httpx - INFO - HTTP Request: POST https://api.telegram.org/bot7690359419:AAFO0dgpL0IaAP44WCMtNOTPMq5plBmPWlA/sendMessage "HTTP/1.1 200 OK"
2025-04-14 05:38:35,421 - root - INFO - Начало загрузки видео по ссылке: https://www.youtube.com/watch?v=MLwP0JNvEM4
2025-04-14 05:38:42,847 - httpx - INFO - HTTP Request: POST https://api.telegram.org/bot7690359419:AAFO0dgpL0IaAP44WCMtNOTPMq5plBmPWlA/sendVideo "HTTP/1.1 200 OK"
2025-04-14 05:38:42,849 - root - INFO - Видео успешно отправлено в чат: 524626692_video.mp4
2025-04-14 05:38:48,734 - httpx - INFO - HTTP Request: POST https://api.telegram.org/bot7690359419:AAFO0dgpL0IaAP44WCMtNOTPMq5plBmPWlA/getUpdates "HTTP/1.1 200 OK"
2025-04-14 05:38:50,155 - httpx - INFO - HTTP Request: POST https://api.telegram.org/bot7690359419:AAFO0dgpL0IaAP44WCMtNOTPMq5plBmPWlA/sendAudio "HTTP/1.1 200 OK"
2025-04-14 05:38:50,157 - root - INFO - Аудио успешно отправлено в чат: 524626692_audio.mp3
2025-04-14 05:38:58,767 - httpx - INFO - HTTP Request: POST https://api.telegram.org/bot7690359419:AAFO0dgpL0IaAP44WCMtNOTPMq5plBmPWlA/getUpdates "HTTP/1.1 200 OK"
2025-04-14 05:39:08,800 - httpx - INFO - HTTP Request: POST https://api.telegram.org/bot7690359419:AAFO0dgpL0IaAP44WCMtNOTPMq5plBmPWlA/getUpdates "HTTP/1.1 200 OK"
2025-04-14 05:39:14,771 - httpx - INFO - HTTP Request: POST https://api.telegram.org/bot7690359419:AAFO0dgpL0IaAP44WCMtNOTPMq5plBmPWlA/getUpdates "HTTP/1.1 200 OK"
2025-04-14 05:39:24,803 - httpx - INFO - HTTP Request: POST https://api.telegram.org/bot7690359419:AAFO0dgpL0IaAP44WCMtNOTPMq5plBmPWlA/getUpdates "HTTP/1.1 200 OK"
2025-04-14 05:39:34,837 - httpx - INFO - HTTP Request: POST https://api.telegram.org/bot7690359419:AAFO0dgpL0IaAP44WCMtNOTPMq5plBmPWlA/getUpdates "HTTP/1.1 200 OK"
2025-04-14 05:39:37,676 - httpx - INFO - HTTP Request: POST https://api.telegram.org/bot7690359419:AAFO0dgpL0IaAP44WCMtNOTPMq5plBmPWlA/getUpdates "HTTP/1.1 200 OK"
2025-04-14 05:39:37,829 - httpx - INFO - HTTP Request: POST https://api.telegram.org/bot7690359419:AAFO0dgpL0IaAP44WCMtNOTPMq5plBmPWlA/sendMessage "HTTP/1.1 200 OK"
2025-04-14 05:39:37,831 - root - INFO - Начало загрузки видео по ссылке: https://www.youtube.com/watch?v=MLwP0JNvEM4
2025-04-14 05:39:44,629 - httpx - INFO - HTTP Request: POST https://api.telegram.org/bot7690359419:AAFO0dgpL0IaAP44WCMtNOTPMq5plBmPWlA/sendVideo "HTTP/1.1 200 OK"
2025-04-14 05:39:44,630 - root - INFO - Видео успешно отправлено в чат: -1002559211865_video.mp4
2025-04-14 05:39:44,665 - root - ERROR - Ошибка при извлечении аудио: Command '['ffmpeg', '-i', '-1002559211865_video.mp4', '-vn', '-acodec', 'libmp3lame', '-ar', '44100', '-ac', '2', '-1002559211865_audio.mp3']' returned non-zero exit status 2880417800.
2025-04-14 05:39:44,726 - httpx - INFO - HTTP Request: POST https://api.telegram.org/bot7690359419:AAFO0dgpL0IaAP44WCMtNOTPMq5plBmPWlA/sendMessage "HTTP/1.1 200 OK"
2025-04-14 05:39:47,714 - httpx - INFO - HTTP Request: POST https://api.telegram.org/bot7690359419:AAFO0dgpL0IaAP44WCMtNOTPMq5plBmPWlA/getUpdates "HTTP/1.1 200 OK"
2025-04-14 05:39:57,746 - httpx - INFO - HTTP Request: POST https://api.telegram.org/bot7690359419:AAFO0dgpL0IaAP44WCMtNOTPMq5plBmPWlA/getUpdates "HTTP/1.1 200 OK"
2025-04-14 05:40:07,778 - httpx - INFO - HTTP Request: POST https://api.telegram.org/bot7690359419:AAFO0dgpL0IaAP44WCMtNOTPMq5plBmPWlA/getUpdates "HTTP/1.1 200 OK"
2025-04-14 05:40:17,812 - httpx - INFO - HTTP Request: POST https://api.telegram.org/bot7690359419:AAFO0dgpL0IaAP44WCMtNOTPMq5plBmPWlA/getUpdates "HTTP/1.1 200 OK"
2025-04-14 05:40:27,845 - httpx - INFO - HTTP Request: POST https://api.telegram.org/bot7690359419:AAFO0dgpL0IaAP44WCMtNOTPMq5plBmPWlA/getUpdates "HTTP/1.1 200 OK"
2025-04-14 05:40:37,876 - httpx - INFO - HTTP Request: POST https://api.telegram.org/bot7690359419:AAFO0dgpL0IaAP44WCMtNOTPMq5plBmPWlA/getUpdates "HTTP/1.1 200 OK"
2025-04-14 05:40:47,909 - httpx - INFO - HTTP Request: POST https://api.telegram.org/bot7690359419:AAFO0dgpL0IaAP44WCMtNOTPMq5plBmPWlA/getUpdates "HTTP/1.1 200 OK"
2025-04-14 05:40:57,941 - httpx - INFO - HTTP Request: POST https://api.telegram.org/bot7690359419:AAFO0dgpL0IaAP44WCMtNOTPMq5plBmPWlA/getUpdates "HTTP/1.1 200 OK"
2025-04-14 05:41:07,973 - httpx - INFO - HTTP Request: POST https://api.telegram.org/bot7690359419:AAFO0dgpL0IaAP44WCMtNOTPMq5plBmPWlA/getUpdates "HTTP/1.1 200 OK"
2025-04-14 05:41:18,003 - httpx - INFO - HTTP Request: POST https://api.telegram.org/bot7690359419:AAFO0dgpL0IaAP44WCMtNOTPMq5plBmPWlA/getUpdates "HTTP/1.1 200 OK"
2025-04-14 05:41:28,036 - httpx - INFO - HTTP Request: POST https://api.telegram.org/bot7690359419:AAFO0dgpL0IaAP44WCMtNOTPMq5plBmPWlA/getUpdates "HTTP/1.1 200 OK"
2025-04-14 05:41:38,074 - httpx - INFO - HTTP Request: POST https://api.telegram.org/bot7690359419:AAFO0dgpL0IaAP44WCMtNOTPMq5plBmPWlA/getUpdates "HTTP/1.1 200 OK"
2025-04-14 05:41:48,106 - httpx - INFO - HTTP Request: POST https://api.telegram.org/bot7690359419:AAFO0dgpL0IaAP44WCMtNOTPMq5plBmPWlA/getUpdates "HTTP/1.1 200 OK"
2025-04-14 05:41:58,140 - httpx - INFO - HTTP Request: POST https://api.telegram.org/bot7690359419:AAFO0dgpL0IaAP44WCMtNOTPMq5plBmPWlA/getUpdates "HTTP/1.1 200 OK"
2025-04-14 05:42:08,171 - httpx - INFO - HTTP Request: POST https://api.telegram.org/bot7690359419:AAFO0dgpL0IaAP44WCMtNOTPMq5plBmPWlA/getUpdates "HTTP/1.1 200 OK"
2025-04-14 05:42:18,204 - httpx - INFO - HTTP Request: POST https://api.telegram.org/bot7690359419:AAFO0dgpL0IaAP44WCMtNOTPMq5plBmPWlA/getUpdates "HTTP/1.1 200 OK"
2025-04-14 05:42:28,236 - httpx - INFO - HTTP Request: POST https://api.telegram.org/bot7690359419:AAFO0dgpL0IaAP44WCMtNOTPMq5plBmPWlA/getUpdates "HTTP/1.1 200 OK"
2025-04-14 05:42:38,267 - httpx - INFO - HTTP Request: POST https://api.telegram.org/bot7690359419:AAFO0dgpL0IaAP44WCMtNOTPMq5plBmPWlA/getUpdates "HTTP/1.1 200 OK"
2025-04-14 05:42:48,299 - httpx - INFO - HTTP Request: POST https://api.telegram.org/bot7690359419:AAFO0dgpL0IaAP44WCMtNOTPMq5plBmPWlA/getUpdates "HTTP/1.1 200 OK"
2025-04-14 05:42:58,331 - httpx - INFO - HTTP Request: POST https://api.telegram.org/bot7690359419:AAFO0dgpL0IaAP44WCMtNOTPMq5plBmPWlA/getUpdates "HTTP/1.1 200 OK"
2025-04-14 05:43:08,364 - httpx - INFO - HTTP Request: POST https://api.telegram.org/bot7690359419:AAFO0dgpL0IaAP44WCMtNOTPMq5plBmPWlA/getUpdates "HTTP/1.1 200 OK"
2025-04-14 05:43:18,395 - httpx - INFO - HTTP Request: POST https://api.telegram.org/bot7690359419:AAFO0dgpL0IaAP44WCMtNOTPMq5plBmPWlA/getUpdates "HTTP/1.1 200 OK"
2025-04-14 05:43:28,429 - httpx - INFO - HTTP Request: POST https://api.telegram.org/bot7690359419:AAFO0dgpL0IaAP44WCMtNOTPMq5plBmPWlA/getUpdates "HTTP/1.1 200 OK"
2025-04-14 05:43:38,461 - httpx - INFO - HTTP Request: POST https://api.telegram.org/bot7690359419:AAFO0dgpL0IaAP44WCMtNOTPMq5plBmPWlA/getUpdates "HTTP/1.1 200 OK"
2025-04-14 05:43:48,494 - httpx - INFO - HTTP Request: POST https://api.telegram.org/bot7690359419:AAFO0dgpL0IaAP44WCMtNOTPMq5plBmPWlA/getUpdates "HTTP/1.1 200 OK"
2025-04-14 05:43:58,526 - httpx - INFO - HTTP Request: POST https://api.telegram.org/bot7690359419:AAFO0dgpL0IaAP44WCMtNOTPMq5plBmPWlA/getUpdates "HTTP/1.1 200 OK"
2025-04-14 05:44:08,558 - httpx - INFO - HTTP Request: POST https://api.telegram.org/bot7690359419:AAFO0dgpL0IaAP44WCMtNOTPMq5plBmPWlA/getUpdates "HTTP/1.1 200 OK"
2025-04-14 05:44:18,589 - httpx - INFO - HTTP Request: POST https://api.telegram.org/bot7690359419:AAFO0dgpL0IaAP44WCMtNOTPMq5plBmPWlA/getUpdates "HTTP/1.1 200 OK"
2025-04-14 05:44:28,621 - httpx - INFO - HTTP Request: POST https://api.telegram.org/bot7690359419:AAFO0dgpL0IaAP44WCMtNOTPMq5plBmPWlA/getUpdates "HTTP/1.1 200 OK"
2025-04-14 05:44:38,653 - httpx - INFO - HTTP Request: POST https://api.telegram.org/bot7690359419:AAFO0dgpL0IaAP44WCMtNOTPMq5plBmPWlA/getUpdates "HTTP/1.1 200 OK"
2025-04-14 05:44:48,685 - httpx - INFO - HTTP Request: POST https://api.telegram.org/bot7690359419:AAFO0dgpL0IaAP44WCMtNOTPMq5plBmPWlA/getUpdates "HTTP/1.1 200 OK"
2025-04-14 05:44:58,718 - httpx - INFO - HTTP Request: POST https://api.telegram.org/bot7690359419:AAFO0dgpL0IaAP44WCMtNOTPMq5plBmPWlA/getUpdates "HTTP/1.1 200 OK"
2025-04-14 05:45:08,750 - httpx - INFO - HTTP Request: POST https://api.telegram.org/bot7690359419:AAFO0dgpL0IaAP44WCMtNOTPMq5plBmPWlA/getUpdates "HTTP/1.1 200 OK"
2025-04-14 05:45:18,783 - httpx - INFO - HTTP Request: POST https://api.telegram.org/bot7690359419:AAFO0dgpL0IaAP44WCMtNOTPMq5plBmPWlA/getUpdates "HTTP/1.1 200 OK"
2025-04-14 05:45:28,815 - httpx - INFO - HTTP Request: POST https://api.telegram.org/bot7690359419:AAFO0dgpL0IaAP44WCMtNOTPMq5plBmPWlA/getUpdates "HTTP/1.1 200 OK"
2025-04-14 05:45:38,854 - httpx - INFO - HTTP Request: POST https://api.telegram.org/bot7690359419:AAFO0dgpL0IaAP44WCMtNOTPMq5plBmPWlA/getUpdates "HTTP/1.1 200 OK"
2025-04-14 05:45:48,887 - httpx - INFO - HTTP Request: POST https://api.telegram.org/bot7690359419:AAFO0dgpL0IaAP44WCMtNOTPMq5plBmPWlA/getUpdates "HTTP/1.1 200 OK"
2025-04-14 05:45:58,920 - httpx - INFO - HTTP Request: POST https://api.telegram.org/bot7690359419:AAFO0dgpL0IaAP44WCMtNOTPMq5plBmPWlA/getUpdates "HTTP/1.1 200 OK"
2025-04-14 05:46:08,951 - httpx - INFO - HTTP Request: POST https://api.telegram.org/bot7690359419:AAFO0dgpL0IaAP44WCMtNOTPMq5plBmPWlA/getUpdates "HTTP/1.1 200 OK"
2025-04-14 05:46:18,984 - httpx - INFO - HTTP Request: POST https://api.telegram.org/bot7690359419:AAFO0dgpL0IaAP44WCMtNOTPMq5plBmPWlA/getUpdates "HTTP/1.1 200 OK"
2025-04-14 05:46:29,015 - httpx - INFO - HTTP Request: POST https://api.telegram.org/bot7690359419:AAFO0dgpL0IaAP44WCMtNOTPMq5plBmPWlA/getUpdates "HTTP/1.1 200 OK"
2025-04-14 05:46:39,047 - httpx - INFO - HTTP Request: POST https://api.telegram.org/bot7690359419:AAFO0dgpL0IaAP44WCMtNOTPMq5plBmPWlA/getUpdates "HTTP/1.1 200 OK"
2025-04-14 05:46:49,079 - httpx - INFO - HTTP Request: POST https://api.telegram.org/bot7690359419:AAFO0dgpL0IaAP44WCMtNOTPMq5plBmPWlA/getUpdates "HTTP/1.1 200 OK"
2025-04-14 05:46:59,200 - httpx - INFO - HTTP Request: POST https://api.telegram.org/bot7690359419:AAFO0dgpL0IaAP44WCMtNOTPMq5plBmPWlA/getUpdates "HTTP/1.1 200 OK"
2025-04-14 05:47:09,238 - httpx - INFO - HTTP Request: POST https://api.telegram.org/bot7690359419:AAFO0dgpL0IaAP44WCMtNOTPMq5plBmPWlA/getUpdates "HTTP/1.1 200 OK"
2025-04-14 05:47:19,273 - httpx - INFO - HTTP Request: POST https://api.telegram.org/bot7690359419:AAFO0dgpL0IaAP44WCMtNOTPMq5plBmPWlA/getUpdates "HTTP/1.1 200 OK"
2025-04-14 05:47:29,310 - httpx - INFO - HTTP Request: POST https://api.telegram.org/bot7690359419:AAFO0dgpL0IaAP44WCMtNOTPMq5plBmPWlA/getUpdates "HTTP/1.1 200 OK"
2025-04-14 05:47:39,344 - httpx - INFO - HTTP Request: POST https://api.telegram.org/bot7690359419:AAFO0dgpL0IaAP44WCMtNOTPMq5plBmPWlA/getUpdates "HTTP/1.1 200 OK"
2025-04-14 05:47:49,378 - httpx - INFO - HTTP Request: POST https://api.telegram.org/bot7690359419:AAFO0dgpL0IaAP44WCMtNOTPMq5plBmPWlA/getUpdates "HTTP/1.1 200 OK"
2025-04-14 05:47:59,411 - httpx - INFO - HTTP Request: POST https://api.telegram.org/bot7690359419:AAFO0dgpL0IaAP44WCMtNOTPMq5plBmPWlA/getUpdates "HTTP/1.1 200 OK"
2025-04-14 05:48:09,444 - httpx - INFO - HTTP Request: POST https://api.telegram.org/bot7690359419:AAFO0dgpL0IaAP44WCMtNOTPMq5plBmPWlA/getUpdates "HTTP/1.1 200 OK"
2025-04-14 05:48:19,478 - httpx - INFO - HTTP Request: POST https://api.telegram.org/bot7690359419:AAFO0dgpL0IaAP44WCMtNOTPMq5plBmPWlA/getUpdates "HTTP/1.1 200 OK"
2025-04-14 05:48:29,511 - httpx - INFO - HTTP Request: POST https://api.telegram.org/bot7690359419:AAFO0dgpL0IaAP44WCMtNOTPMq5plBmPWlA/getUpdates "HTTP/1.1 200 OK"
2025-04-14 05:48:39,542 - httpx - INFO - HTTP Request: POST https://api.telegram.org/bot7690359419:AAFO0dgpL0IaAP44WCMtNOTPMq5plBmPWlA/getUpdates "HTTP/1.1 200 OK"
2025-04-14 05:48:49,575 - httpx - INFO - HTTP Request: POST https://api.telegram.org/bot7690359419:AAFO0dgpL0IaAP44WCMtNOTPMq5plBmPWlA/getUpdates "HTTP/1.1 200 OK"
2025-04-14 05:48:59,608 - httpx - INFO - HTTP Request: POST https://api.telegram.org/bot7690359419:AAFO0dgpL0IaAP44WCMtNOTPMq5plBmPWlA/getUpdates "HTTP/1.1 200 OK"
2025-04-14 05:49:09,643 - httpx - INFO - HTTP Request: POST https://api.telegram.org/bot7690359419:AAFO0dgpL0IaAP44WCMtNOTPMq5plBmPWlA/getUpdates "HTTP/1.1 200 OK"
2025-04-14 05:49:19,681 - httpx - INFO - HTTP Request: POST https://api.telegram.org/bot7690359419:AAFO0dgpL0IaAP44WCMtNOTPMq5plBmPWlA/getUpdates "HTTP/1.1 200 OK"
2025-04-14 05:49:29,725 - httpx - INFO - HTTP Request: POST https://api.telegram.org/bot7690359419:AAFO0dgpL0IaAP44WCMtNOTPMq5plBmPWlA/getUpdates "HTTP/1.1 200 OK"
2025-04-14 05:49:39,757 - httpx - INFO - HTTP Request: POST https://api.telegram.org/bot7690359419:AAFO0dgpL0IaAP44WCMtNOTPMq5plBmPWlA/getUpdates "HTTP/1.1 200 OK"
2025-04-14 05:49:49,792 - httpx - INFO - HTTP Request: POST https://api.telegram.org/bot7690359419:AAFO0dgpL0IaAP44WCMtNOTPMq5plBmPWlA/getUpdates "HTTP/1.1 200 OK"
2025-04-14 05:49:59,828 - httpx - INFO - HTTP Request: POST https://api.telegram.org/bot7690359419:AAFO0dgpL0IaAP44WCMtNOTPMq5plBmPWlA/getUpdates "HTTP/1.1 200 OK"
2025-04-14 05:50:09,869 - httpx - INFO - HTTP Request: POST https://api.telegram.org/bot7690359419:AAFO0dgpL0IaAP44WCMtNOTPMq5plBmPWlA/getUpdates "HTTP/1.1 200 OK"
2025-04-14 05:50:19,901 - httpx - INFO - HTTP Request: POST https://api.telegram.org/bot7690359419:AAFO0dgpL0IaAP44WCMtNOTPMq5plBmPWlA/getUpdates "HTTP/1.1 200 OK"
2025-04-14 05:50:29,936 - httpx - INFO - HTTP Request: POST https://api.telegram.org/bot7690359419:AAFO0dgpL0IaAP44WCMtNOTPMq5plBmPWlA/getUpdates "HTTP/1.1 200 OK"
2025-04-14 05:50:39,970 - httpx - INFO - HTTP Request: POST https://api.telegram.org/bot7690359419:AAFO0dgpL0IaAP44WCMtNOTPMq5plBmPWlA/getUpdates "HTTP/1.1 200 OK"
2025-04-14 05:50:50,004 - httpx - INFO - HTTP Request: POST https://api.telegram.org/bot7690359419:AAFO0dgpL0IaAP44WCMtNOTPMq5plBmPWlA/getUpdates "HTTP/1.1 200 OK"
2025-04-14 05:51:00,039 - httpx - INFO - HTTP Request: POST https://api.telegram.org/bot7690359419:AAFO0dgpL0IaAP44WCMtNOTPMq5plBmPWlA/getUpdates "HTTP/1.1 200 OK"
2025-04-14 05:51:10,073 - httpx - INFO - HTTP Request: POST https://api.telegram.org/bot7690359419:AAFO0dgpL0IaAP44WCMtNOTPMq5plBmPWlA/getUpdates "HTTP/1.1 200 OK"
2025-04-14 05:51:20,111 - httpx - INFO - HTTP Request: POST https://api.telegram.org/bot7690359419:AAFO0dgpL0IaAP44WCMtNOTPMq5plBmPWlA/getUpdates "HTTP/1.1 200 OK"
2025-04-14 05:51:30,147 - httpx - INFO - HTTP Request: POST https://api.telegram.org/bot7690359419:AAFO0dgpL0IaAP44WCMtNOTPMq5plBmPWlA/getUpdates "HTTP/1.1 200 OK"
2025-04-14 05:51:40,180 - httpx - INFO - HTTP Request: POST https://api.telegram.org/bot7690359419:AAFO0dgpL0IaAP44WCMtNOTPMq5plBmPWlA/getUpdates "HTTP/1.1 200 OK"
2025-04-14 05:51:50,212 - httpx - INFO - HTTP Request: POST https://api.telegram.org/bot7690359419:AAFO0dgpL0IaAP44WCMtNOTPMq5plBmPWlA/getUpdates "HTTP/1.1 200 OK"
2025-04-14 05:51:58,419 - httpx - INFO - HTTP Request: POST https://api.telegram.org/bot7690359419:AAFO0dgpL0IaAP44WCMtNOTPMq5plBmPWlA/getUpdates "HTTP/1.1 200 OK"
2025-04-14 05:51:58,643 - httpx - INFO - HTTP Request: POST https://api.telegram.org/bot7690359419:AAFO0dgpL0IaAP44WCMtNOTPMq5plBmPWlA/sendMessage "HTTP/1.1 200 OK"
2025-04-14 05:51:58,644 - root - INFO - Начало загрузки видео по ссылке: https://www.youtube.com/watch?v=MPlb9HoOCxs
2025-04-14 05:52:07,663 - httpx - INFO - HTTP Request: POST https://api.telegram.org/bot7690359419:AAFO0dgpL0IaAP44WCMtNOTPMq5plBmPWlA/sendVideo "HTTP/1.1 200 OK"
2025-04-14 05:52:07,664 - root - INFO - Видео успешно отправлено в чат: 524626692_video.mp4
2025-04-14 05:52:12,610 - httpx - INFO - HTTP Request: POST https://api.telegram.org/bot7690359419:AAFO0dgpL0IaAP44WCMtNOTPMq5plBmPWlA/getUpdates "HTTP/1.1 200 OK"
2025-04-14 05:52:13,601 - httpx - INFO - HTTP Request: POST https://api.telegram.org/bot7690359419:AAFO0dgpL0IaAP44WCMtNOTPMq5plBmPWlA/sendAudio "HTTP/1.1 200 OK"
2025-04-14 05:52:13,602 - root - INFO - Аудио успешно отправлено в чат: 524626692_audio.mp3
2025-04-14 05:52:22,682 - httpx - INFO - HTTP Request: POST https://api.telegram.org/bot7690359419:AAFO0dgpL0IaAP44WCMtNOTPMq5plBmPWlA/getUpdates "HTTP/1.1 200 OK"
2025-04-14 05:52:32,714 - httpx - INFO - HTTP Request: POST https://api.telegram.org/bot7690359419:AAFO0dgpL0IaAP44WCMtNOTPMq5plBmPWlA/getUpdates "HTTP/1.1 200 OK"
2025-04-14 05:52:42,749 - httpx - INFO - HTTP Request: POST https://api.telegram.org/bot7690359419:AAFO0dgpL0IaAP44WCMtNOTPMq5plBmPWlA/getUpdates "HTTP/1.1 200 OK"
2025-04-14 05:52:46,760 - httpx - INFO - HTTP Request: POST https://api.telegram.org/bot7690359419:AAFO0dgpL0IaAP44WCMtNOTPMq5plBmPWlA/getUpdates "HTTP/1.1 200 OK"
2025-04-14 05:52:46,920 - httpx - INFO - HTTP Request: POST https://api.telegram.org/bot7690359419:AAFO0dgpL0IaAP44WCMtNOTPMq5plBmPWlA/sendMessage "HTTP/1.1 200 OK"
2025-04-14 05:52:46,921 - root - INFO - Начало загрузки видео по ссылке: https://www.youtube.com/watch?v=MPlb9HoOCxs
2025-04-14 05:52:55,363 - httpx - INFO - HTTP Request: POST https://api.telegram.org/bot7690359419:AAFO0dgpL0IaAP44WCMtNOTPMq5plBmPWlA/sendVideo "HTTP/1.1 200 OK"
2025-04-14 05:52:55,364 - root - INFO - Видео успешно отправлено в чат: -1002559211865_video.mp4
2025-04-14 05:52:55,393 - root - ERROR - Ошибка при извлечении аудио: Command '['ffmpeg', '-i', '-1002559211865_video.mp4', '-vn', '-acodec', 'libmp3lame', '-ar', '44100', '-ac', '2', '-1002559211865_audio.mp3']' returned non-zero exit status 2880417800.
2025-04-14 05:52:55,533 - httpx - INFO - HTTP Request: POST https://api.telegram.org/bot7690359419:AAFO0dgpL0IaAP44WCMtNOTPMq5plBmPWlA/sendMessage "HTTP/1.1 200 OK"
2025-04-14 05:52:56,804 - httpx - INFO - HTTP Request: POST https://api.telegram.org/bot7690359419:AAFO0dgpL0IaAP44WCMtNOTPMq5plBmPWlA/getUpdates "HTTP/1.1 200 OK"
2025-04-14 05:53:06,842 - httpx - INFO - HTTP Request: POST https://api.telegram.org/bot7690359419:AAFO0dgpL0IaAP44WCMtNOTPMq5plBmPWlA/getUpdates "HTTP/1.1 200 OK"
2025-04-14 05:53:16,874 - httpx - INFO - HTTP Request: POST https://api.telegram.org/bot7690359419:AAFO0dgpL0IaAP44WCMtNOTPMq5plBmPWlA/getUpdates "HTTP/1.1 200 OK"
2025-04-14 05:53:26,908 - httpx - INFO - HTTP Request: POST https://api.telegram.org/bot7690359419:AAFO0dgpL0IaAP44WCMtNOTPMq5plBmPWlA/getUpdates "HTTP/1.1 200 OK"
2025-04-14 05:53:36,945 - httpx - INFO - HTTP Request: POST https://api.telegram.org/bot7690359419:AAFO0dgpL0IaAP44WCMtNOTPMq5plBmPWlA/getUpdates "HTTP/1.1 200 OK"
2025-04-14 05:53:46,979 - httpx - INFO - HTTP Request: POST https://api.telegram.org/bot7690359419:AAFO0dgpL0IaAP44WCMtNOTPMq5plBmPWlA/getUpdates "HTTP/1.1 200 OK"
2025-04-14 05:53:57,013 - httpx - INFO - HTTP Request: POST https://api.telegram.org/bot7690359419:AAFO0dgpL0IaAP44WCMtNOTPMq5plBmPWlA/getUpdates "HTTP/1.1 200 OK"
2025-04-14 05:54:07,046 - httpx - INFO - HTTP Request: POST https://api.telegram.org/bot7690359419:AAFO0dgpL0IaAP44WCMtNOTPMq5plBmPWlA/getUpdates "HTTP/1.1 200 OK"
2025-04-14 05:54:17,078 - httpx - INFO - HTTP Request: POST https://api.telegram.org/bot7690359419:AAFO0dgpL0IaAP44WCMtNOTPMq5plBmPWlA/getUpdates "HTTP/1.1 200 OK"
2025-04-14 05:54:27,110 - httpx - INFO - HTTP Request: POST https://api.telegram.org/bot7690359419:AAFO0dgpL0IaAP44WCMtNOTPMq5plBmPWlA/getUpdates "HTTP/1.1 200 OK"
2025-04-14 05:54:37,147 - httpx - INFO - HTTP Request: POST https://api.telegram.org/bot7690359419:AAFO0dgpL0IaAP44WCMtNOTPMq5plBmPWlA/getUpdates "HTTP/1.1 200 OK"
2025-04-14 05:54:47,181 - httpx - INFO - HTTP Request: POST https://api.telegram.org/bot7690359419:AAFO0dgpL0IaAP44WCMtNOTPMq5plBmPWlA/getUpdates "HTTP/1.1 200 OK"
2025-04-14 05:54:57,214 - httpx - INFO - HTTP Request: POST https://api.telegram.org/bot7690359419:AAFO0dgpL0IaAP44WCMtNOTPMq5plBmPWlA/getUpdates "HTTP/1.1 200 OK"
2025-04-14 05:55:07,248 - httpx - INFO - HTTP Request: POST https://api.telegram.org/bot7690359419:AAFO0dgpL0IaAP44WCMtNOTPMq5plBmPWlA/getUpdates "HTTP/1.1 200 OK"
2025-04-14 05:55:17,287 - httpx - INFO - HTTP Request: POST https://api.telegram.org/bot7690359419:AAFO0dgpL0IaAP44WCMtNOTPMq5plBmPWlA/getUpdates "HTTP/1.1 200 OK"
2025-04-14 05:55:27,321 - httpx - INFO - HTTP Request: POST https://api.telegram.org/bot7690359419:AAFO0dgpL0IaAP44WCMtNOTPMq5plBmPWlA/getUpdates "HTTP/1.1 200 OK"
2025-04-14 05:55:37,354 - httpx - INFO - HTTP Request: POST https://api.telegram.org/bot7690359419:AAFO0dgpL0IaAP44WCMtNOTPMq5plBmPWlA/getUpdates "HTTP/1.1 200 OK"
2025-04-14 05:55:47,388 - httpx - INFO - HTTP Request: POST https://api.telegram.org/bot7690359419:AAFO0dgpL0IaAP44WCMtNOTPMq5plBmPWlA/getUpdates "HTTP/1.1 200 OK"
2025-04-14 05:55:57,419 - httpx - INFO - HTTP Request: POST https://api.telegram.org/bot7690359419:AAFO0dgpL0IaAP44WCMtNOTPMq5plBmPWlA/getUpdates "HTTP/1.1 200 OK"
2025-04-14 05:56:07,451 - httpx - INFO - HTTP Request: POST https://api.telegram.org/bot7690359419:AAFO0dgpL0IaAP44WCMtNOTPMq5plBmPWlA/getUpdates "HTTP/1.1 200 OK"
2025-04-14 05:56:17,484 - httpx - INFO - HTTP Request: POST https://api.telegram.org/bot7690359419:AAFO0dgpL0IaAP44WCMtNOTPMq5plBmPWlA/getUpdates "HTTP/1.1 200 OK"
2025-04-14 05:56:27,517 - httpx - INFO - HTTP Request: POST https://api.telegram.org/bot7690359419:AAFO0dgpL0IaAP44WCMtNOTPMq5plBmPWlA/getUpdates "HTTP/1.1 200 OK"
2025-04-14 05:56:37,549 - httpx - INFO - HTTP Request: POST https://api.telegram.org/bot7690359419:AAFO0dgpL0IaAP44WCMtNOTPMq5plBmPWlA/getUpdates "HTTP/1.1 200 OK"
2025-04-14 05:56:47,583 - httpx - INFO - HTTP Request: POST https://api.telegram.org/bot7690359419:AAFO0dgpL0IaAP44WCMtNOTPMq5plBmPWlA/getUpdates "HTTP/1.1 200 OK"
2025-04-14 05:56:57,618 - httpx - INFO - HTTP Request: POST https://api.telegram.org/bot7690359419:AAFO0dgpL0IaAP44WCMtNOTPMq5plBmPWlA/getUpdates "HTTP/1.1 200 OK"
2025-04-14 05:57:07,649 - httpx - INFO - HTTP Request: POST https://api.telegram.org/bot7690359419:AAFO0dgpL0IaAP44WCMtNOTPMq5plBmPWlA/getUpdates "HTTP/1.1 200 OK"
2025-04-14 05:57:17,682 - httpx - INFO - HTTP Request: POST https://api.telegram.org/bot7690359419:AAFO0dgpL0IaAP44WCMtNOTPMq5plBmPWlA/getUpdates "HTTP/1.1 200 OK"
2025-04-14 05:57:27,716 - httpx - INFO - HTTP Request: POST https://api.telegram.org/bot7690359419:AAFO0dgpL0IaAP44WCMtNOTPMq5plBmPWlA/getUpdates "HTTP/1.1 200 OK"
2025-04-14 05:57:37,751 - httpx - INFO - HTTP Request: POST https://api.telegram.org/bot7690359419:AAFO0dgpL0IaAP44WCMtNOTPMq5plBmPWlA/getUpdates "HTTP/1.1 200 OK"
2025-04-14 05:57:47,783 - httpx - INFO - HTTP Request: POST https://api.telegram.org/bot7690359419:AAFO0dgpL0IaAP44WCMtNOTPMq5plBmPWlA/getUpdates "HTTP/1.1 200 OK"
2025-04-14 05:57:57,816 - httpx - INFO - HTTP Request: POST https://api.telegram.org/bot7690359419:AAFO0dgpL0IaAP44WCMtNOTPMq5plBmPWlA/getUpdates "HTTP/1.1 200 OK"
2025-04-14 05:58:07,850 - httpx - INFO - HTTP Request: POST https://api.telegram.org/bot7690359419:AAFO0dgpL0IaAP44WCMtNOTPMq5plBmPWlA/getUpdates "HTTP/1.1 200 OK"
2025-04-14 05:58:17,886 - httpx - INFO - HTTP Request: POST https://api.telegram.org/bot7690359419:AAFO0dgpL0IaAP44WCMtNOTPMq5plBmPWlA/getUpdates "HTTP/1.1 200 OK"
2025-04-14 05:58:27,917 - httpx - INFO - HTTP Request: POST https://api.telegram.org/bot7690359419:AAFO0dgpL0IaAP44WCMtNOTPMq5plBmPWlA/getUpdates "HTTP/1.1 200 OK"
2025-04-14 05:58:37,949 - httpx - INFO - HTTP Request: POST https://api.telegram.org/bot7690359419:AAFO0dgpL0IaAP44WCMtNOTPMq5plBmPWlA/getUpdates "HTTP/1.1 200 OK"
2025-04-14 05:58:47,984 - httpx - INFO - HTTP Request: POST https://api.telegram.org/bot7690359419:AAFO0dgpL0IaAP44WCMtNOTPMq5plBmPWlA/getUpdates "HTTP/1.1 200 OK"
2025-04-14 05:58:58,018 - httpx - INFO - HTTP Request: POST https://api.telegram.org/bot7690359419:AAFO0dgpL0IaAP44WCMtNOTPMq5plBmPWlA/getUpdates "HTTP/1.1 200 OK"
2025-04-14 05:59:08,050 - httpx - INFO - HTTP Request: POST https://api.telegram.org/bot7690359419:AAFO0dgpL0IaAP44WCMtNOTPMq5plBmPWlA/getUpdates "HTTP/1.1 200 OK"
2025-04-14 05:59:18,084 - httpx - INFO - HTTP Request: POST https://api.telegram.org/bot7690359419:AAFO0dgpL0IaAP44WCMtNOTPMq5plBmPWlA/getUpdates "HTTP/1.1 200 OK"
2025-04-14 05:59:28,116 - httpx - INFO - HTTP Request: POST https://api.telegram.org/bot7690359419:AAFO0dgpL0IaAP44WCMtNOTPMq5plBmPWlA/getUpdates "HTTP/1.1 200 OK"
2025-04-14 05:59:38,149 - httpx - INFO - HTTP Request: POST https://api.telegram.org/bot7690359419:AAFO0dgpL0IaAP44WCMtNOTPMq5plBmPWlA/getUpdates "HTTP/1.1 200 OK"
2025-04-14 05:59:48,190 - httpx - INFO - HTTP Request: POST https://api.telegram.org/bot7690359419:AAFO0dgpL0IaAP44WCMtNOTPMq5plBmPWlA/getUpdates "HTTP/1.1 200 OK"
2025-04-14 05:59:58,223 - httpx - INFO - HTTP Request: POST https://api.telegram.org/bot7690359419:AAFO0dgpL0IaAP44WCMtNOTPMq5plBmPWlA/getUpdates "HTTP/1.1 200 OK"
2025-04-14 06:00:08,256 - httpx - INFO - HTTP Request: POST https://api.telegram.org/bot7690359419:AAFO0dgpL0IaAP44WCMtNOTPMq5plBmPWlA/getUpdates "HTTP/1.1 200 OK"
2025-04-14 06:00:18,290 - httpx - INFO - HTTP Request: POST https://api.telegram.org/bot7690359419:AAFO0dgpL0IaAP44WCMtNOTPMq5plBmPWlA/getUpdates "HTTP/1.1 200 OK"
2025-04-14 06:00:28,322 - httpx - INFO - HTTP Request: POST https://api.telegram.org/bot7690359419:AAFO0dgpL0IaAP44WCMtNOTPMq5plBmPWlA/getUpdates "HTTP/1.1 200 OK"
2025-04-14 06:00:38,391 - httpx - INFO - HTTP Request: POST https://api.telegram.org/bot7690359419:AAFO0dgpL0IaAP44WCMtNOTPMq5plBmPWlA/getUpdates "HTTP/1.1 200 OK"
2025-04-14 06:00:48,427 - httpx - INFO - HTTP Request: POST https://api.telegram.org/bot7690359419:AAFO0dgpL0IaAP44WCMtNOTPMq5plBmPWlA/getUpdates "HTTP/1.1 200 OK"
2025-04-14 06:00:58,460 - httpx - INFO - HTTP Request: POST https://api.telegram.org/bot7690359419:AAFO0dgpL0IaAP44WCMtNOTPMq5plBmPWlA/getUpdates "HTTP/1.1 200 OK"
2025-04-14 06:01:08,493 - httpx - INFO - HTTP Request: POST https://api.telegram.org/bot7690359419:AAFO0dgpL0IaAP44WCMtNOTPMq5plBmPWlA/getUpdates "HTTP/1.1 200 OK"
2025-04-14 06:01:18,527 - httpx - INFO - HTTP Request: POST https://api.telegram.org/bot7690359419:AAFO0dgpL0IaAP44WCMtNOTPMq5plBmPWlA/getUpdates "HTTP/1.1 200 OK"
2025-04-14 06:01:28,560 - httpx - INFO - HTTP Request: POST https://api.telegram.org/bot7690359419:AAFO0dgpL0IaAP44WCMtNOTPMq5plBmPWlA/getUpdates "HTTP/1.1 200 OK"
2025-04-14 06:02:08,387 - httpx - INFO - HTTP Request: POST https://api.telegram.org/bot7690359419:AAFO0dgpL0IaAP44WCMtNOTPMq5plBmPWlA/getMe "HTTP/1.1 200 OK"
2025-04-14 06:02:08,424 - httpx - INFO - HTTP Request: POST https://api.telegram.org/bot7690359419:AAFO0dgpL0IaAP44WCMtNOTPMq5plBmPWlA/deleteWebhook "HTTP/1.1 200 OK"
2025-04-14 06:02:08,425 - telegram.ext.Application - INFO - Application started
2025-04-14 06:02:18,529 - httpx - INFO - HTTP Request: POST https://api.telegram.org/bot7690359419:AAFO0dgpL0IaAP44WCMtNOTPMq5plBmPWlA/getUpdates "HTTP/1.1 200 OK"
2025-04-14 06:02:26,302 - httpx - INFO - HTTP Request: POST https://api.telegram.org/bot7690359419:AAFO0dgpL0IaAP44WCMtNOTPMq5plBmPWlA/getUpdates "HTTP/1.1 200 OK"
2025-04-14 06:02:26,429 - httpx - INFO - HTTP Request: POST https://api.telegram.org/bot7690359419:AAFO0dgpL0IaAP44WCMtNOTPMq5plBmPWlA/sendMessage "HTTP/1.1 200 OK"
2025-04-14 06:02:26,430 - root - INFO - Начало загрузки видео по ссылке: https://www.youtube.com/watch?v=BrEWOc6Xlzo
2025-04-14 06:02:34,411 - httpx - INFO - HTTP Request: POST https://api.telegram.org/bot7690359419:AAFO0dgpL0IaAP44WCMtNOTPMq5plBmPWlA/sendVideo "HTTP/1.1 200 OK"
2025-04-14 06:02:34,412 - root - INFO - Видео успешно отправлено в чат: 1002559211865_video.mp4
2025-04-14 06:02:41,867 - httpx - INFO - HTTP Request: POST https://api.telegram.org/bot7690359419:AAFO0dgpL0IaAP44WCMtNOTPMq5plBmPWlA/getUpdates "HTTP/1.1 200 OK"
2025-04-14 06:02:43,930 - httpx - INFO - HTTP Request: POST https://api.telegram.org/bot7690359419:AAFO0dgpL0IaAP44WCMtNOTPMq5plBmPWlA/sendAudio "HTTP/1.1 200 OK"
2025-04-14 06:02:43,931 - root - INFO - Аудио успешно отправлено в чат: 1002559211865_audio.mp3
2025-04-14 06:02:51,903 - httpx - INFO - HTTP Request: POST https://api.telegram.org/bot7690359419:AAFO0dgpL0IaAP44WCMtNOTPMq5plBmPWlA/getUpdates "HTTP/1.1 200 OK"
2025-04-14 06:03:01,936 - httpx - INFO - HTTP Request: POST https://api.telegram.org/bot7690359419:AAFO0dgpL0IaAP44WCMtNOTPMq5plBmPWlA/getUpdates "HTTP/1.1 200 OK"
2025-04-14 06:03:11,969 - httpx - INFO - HTTP Request: POST https://api.telegram.org/bot7690359419:AAFO0dgpL0IaAP44WCMtNOTPMq5plBmPWlA/getUpdates "HTTP/1.1 200 OK"
2025-04-14 06:03:22,003 - httpx - INFO - HTTP Request: POST https://api.telegram.org/bot7690359419:AAFO0dgpL0IaAP44WCMtNOTPMq5plBmPWlA/getUpdates "HTTP/1.1 200 OK"
2025-04-14 06:03:32,038 - httpx - INFO - HTTP Request: POST https://api.telegram.org/bot7690359419:AAFO0dgpL0IaAP44WCMtNOTPMq5plBmPWlA/getUpdates "HTTP/1.1 200 OK"
2025-04-14 06:03:42,071 - httpx - INFO - HTTP Request: POST https://api.telegram.org/bot7690359419:AAFO0dgpL0IaAP44WCMtNOTPMq5plBmPWlA/getUpdates "HTTP/1.1 200 OK"
2025-04-14 06:03:52,106 - httpx - INFO - HTTP Request: POST https://api.telegram.org/bot7690359419:AAFO0dgpL0IaAP44WCMtNOTPMq5plBmPWlA/getUpdates "HTTP/1.1 200 OK"
2025-04-14 06:04:02,140 - httpx - INFO - HTTP Request: POST https://api.telegram.org/bot7690359419:AAFO0dgpL0IaAP44WCMtNOTPMq5plBmPWlA/getUpdates "HTTP/1.1 200 OK"
2025-04-14 06:04:12,172 - httpx - INFO - HTTP Request: POST https://api.telegram.org/bot7690359419:AAFO0dgpL0IaAP44WCMtNOTPMq5plBmPWlA/getUpdates "HTTP/1.1 200 OK"
2025-04-14 06:04:22,206 - httpx - INFO - HTTP Request: POST https://api.telegram.org/bot7690359419:AAFO0dgpL0IaAP44WCMtNOTPMq5plBmPWlA/getUpdates "HTTP/1.1 200 OK"
2025-04-14 06:04:32,238 - httpx - INFO - HTTP Request: POST https://api.telegram.org/bot7690359419:AAFO0dgpL0IaAP44WCMtNOTPMq5plBmPWlA/getUpdates "HTTP/1.1 200 OK"
2025-04-14 06:04:42,275 - httpx - INFO - HTTP Request: POST https://api.telegram.org/bot7690359419:AAFO0dgpL0IaAP44WCMtNOTPMq5plBmPWlA/getUpdates "HTTP/1.1 200 OK"
2025-04-14 06:04:52,309 - httpx - INFO - HTTP Request: POST https://api.telegram.org/bot7690359419:AAFO0dgpL0IaAP44WCMtNOTPMq5plBmPWlA/getUpdates "HTTP/1.1 200 OK"
2025-04-14 06:05:02,344 - httpx - INFO - HTTP Request: POST https://api.telegram.org/bot7690359419:AAFO0dgpL0IaAP44WCMtNOTPMq5plBmPWlA/getUpdates "HTTP/1.1 200 OK"
2025-04-14 06:05:12,376 - httpx - INFO - HTTP Request: POST https://api.telegram.org/bot7690359419:AAFO0dgpL0IaAP44WCMtNOTPMq5plBmPWlA/getUpdates "HTTP/1.1 200 OK"
2025-04-14 06:05:22,412 - httpx - INFO - HTTP Request: POST https://api.telegram.org/bot7690359419:AAFO0dgpL0IaAP44WCMtNOTPMq5plBmPWlA/getUpdates "HTTP/1.1 200 OK"
2025-04-14 06:05:32,445 - httpx - INFO - HTTP Request: POST https://api.telegram.org/bot7690359419:AAFO0dgpL0IaAP44WCMtNOTPMq5plBmPWlA/getUpdates "HTTP/1.1 200 OK"
2025-04-14 06:05:42,480 - httpx - INFO - HTTP Request: POST https://api.telegram.org/bot7690359419:AAFO0dgpL0IaAP44WCMtNOTPMq5plBmPWlA/getUpdates "HTTP/1.1 200 OK"
2025-04-14 06:05:52,513 - httpx - INFO - HTTP Request: POST https://api.telegram.org/bot7690359419:AAFO0dgpL0IaAP44WCMtNOTPMq5plBmPWlA/getUpdates "HTTP/1.1 200 OK"
2025-04-14 06:06:02,545 - httpx - INFO - HTTP Request: POST https://api.telegram.org/bot7690359419:AAFO0dgpL0IaAP44WCMtNOTPMq5plBmPWlA/getUpdates "HTTP/1.1 200 OK"
2025-04-14 06:06:12,578 - httpx - INFO - HTTP Request: POST https://api.telegram.org/bot7690359419:AAFO0dgpL0IaAP44WCMtNOTPMq5plBmPWlA/getUpdates "HTTP/1.1 200 OK"
2025-04-14 06:06:22,614 - httpx - INFO - HTTP Request: POST https://api.telegram.org/bot7690359419:AAFO0dgpL0IaAP44WCMtNOTPMq5plBmPWlA/getUpdates "HTTP/1.1 200 OK"
2025-04-14 06:06:32,650 - httpx - INFO - HTTP Request: POST https://api.telegram.org/bot7690359419:AAFO0dgpL0IaAP44WCMtNOTPMq5plBmPWlA/getUpdates "HTTP/1.1 200 OK"
2025-04-14 06:06:42,683 - httpx - INFO - HTTP Request: POST https://api.telegram.org/bot7690359419:AAFO0dgpL0IaAP44WCMtNOTPMq5plBmPWlA/getUpdates "HTTP/1.1 200 OK"
2025-04-14 06:06:52,719 - httpx - INFO - HTTP Request: POST https://api.telegram.org/bot7690359419:AAFO0dgpL0IaAP44WCMtNOTPMq5plBmPWlA/getUpdates "HTTP/1.1 200 OK"
2025-04-14 06:07:02,752 - httpx - INFO - HTTP Request: POST https://api.telegram.org/bot7690359419:AAFO0dgpL0IaAP44WCMtNOTPMq5plBmPWlA/getUpdates "HTTP/1.1 200 OK"
2025-04-14 06:07:12,783 - httpx - INFO - HTTP Request: POST https://api.telegram.org/bot7690359419:AAFO0dgpL0IaAP44WCMtNOTPMq5plBmPWlA/getUpdates "HTTP/1.1 200 OK"
2025-04-14 06:07:22,815 - httpx - INFO - HTTP Request: POST https://api.telegram.org/bot7690359419:AAFO0dgpL0IaAP44WCMtNOTPMq5plBmPWlA/getUpdates "HTTP/1.1 200 OK"
2025-04-14 06:07:32,847 - httpx - INFO - HTTP Request: POST https://api.telegram.org/bot7690359419:AAFO0dgpL0IaAP44WCMtNOTPMq5plBmPWlA/getUpdates "HTTP/1.1 200 OK"
2025-04-14 06:07:42,882 - httpx - INFO - HTTP Request: POST https://api.telegram.org/bot7690359419:AAFO0dgpL0IaAP44WCMtNOTPMq5plBmPWlA/getUpdates "HTTP/1.1 200 OK"
2025-04-14 06:07:52,915 - httpx - INFO - HTTP Request: POST https://api.telegram.org/bot7690359419:AAFO0dgpL0IaAP44WCMtNOTPMq5plBmPWlA/getUpdates "HTTP/1.1 200 OK"
2025-04-14 06:08:02,949 - httpx - INFO - HTTP Request: POST https://api.telegram.org/bot7690359419:AAFO0dgpL0IaAP44WCMtNOTPMq5plBmPWlA/getUpdates "HTTP/1.1 200 OK"
2025-04-14 06:08:12,981 - httpx - INFO - HTTP Request: POST https://api.telegram.org/bot7690359419:AAFO0dgpL0IaAP44WCMtNOTPMq5plBmPWlA/getUpdates "HTTP/1.1 200 OK"
2025-04-14 06:08:23,015 - httpx - INFO - HTTP Request: POST https://api.telegram.org/bot7690359419:AAFO0dgpL0IaAP44WCMtNOTPMq5plBmPWlA/getUpdates "HTTP/1.1 200 OK"
2025-04-14 06:08:33,051 - httpx - INFO - HTTP Request: POST https://api.telegram.org/bot7690359419:AAFO0dgpL0IaAP44WCMtNOTPMq5plBmPWlA/getUpdates "HTTP/1.1 200 OK"
2025-04-14 06:08:43,083 - httpx - INFO - HTTP Request: POST https://api.telegram.org/bot7690359419:AAFO0dgpL0IaAP44WCMtNOTPMq5plBmPWlA/getUpdates "HTTP/1.1 200 OK"
2025-04-14 06:08:53,117 - httpx - INFO - HTTP Request: POST https://api.telegram.org/bot7690359419:AAFO0dgpL0IaAP44WCMtNOTPMq5plBmPWlA/getUpdates "HTTP/1.1 200 OK"
2025-04-14 06:09:03,150 - httpx - INFO - HTTP Request: POST https://api.telegram.org/bot7690359419:AAFO0dgpL0IaAP44WCMtNOTPMq5plBmPWlA/getUpdates "HTTP/1.1 200 OK"
2025-04-14 06:09:13,184 - httpx - INFO - HTTP Request: POST https://api.telegram.org/bot7690359419:AAFO0dgpL0IaAP44WCMtNOTPMq5plBmPWlA/getUpdates "HTTP/1.1 200 OK"
2025-04-14 06:09:23,215 - httpx - INFO - HTTP Request: POST https://api.telegram.org/bot7690359419:AAFO0dgpL0IaAP44WCMtNOTPMq5plBmPWlA/getUpdates "HTTP/1.1 200 OK"
2025-04-14 06:09:33,248 - httpx - INFO - HTTP Request: POST https://api.telegram.org/bot7690359419:AAFO0dgpL0IaAP44WCMtNOTPMq5plBmPWlA/getUpdates "HTTP/1.1 200 OK"
2025-04-14 06:09:43,285 - httpx - INFO - HTTP Request: POST https://api.telegram.org/bot7690359419:AAFO0dgpL0IaAP44WCMtNOTPMq5plBmPWlA/getUpdates "HTTP/1.1 200 OK"
2025-04-14 06:09:53,319 - httpx - INFO - HTTP Request: POST https://api.telegram.org/bot7690359419:AAFO0dgpL0IaAP44WCMtNOTPMq5plBmPWlA/getUpdates "HTTP/1.1 200 OK"
2025-04-14 06:10:03,351 - httpx - INFO - HTTP Request: POST https://api.telegram.org/bot7690359419:AAFO0dgpL0IaAP44WCMtNOTPMq5plBmPWlA/getUpdates "HTTP/1.1 200 OK"
2025-04-14 06:10:13,382 - httpx - INFO - HTTP Request: POST https://api.telegram.org/bot7690359419:AAFO0dgpL0IaAP44WCMtNOTPMq5plBmPWlA/getUpdates "HTTP/1.1 200 OK"
2025-04-14 06:10:23,415 - httpx - INFO - HTTP Request: POST https://api.telegram.org/bot7690359419:AAFO0dgpL0IaAP44WCMtNOTPMq5plBmPWlA/getUpdates "HTTP/1.1 200 OK"
2025-04-14 06:10:33,450 - httpx - INFO - HTTP Request: POST https://api.telegram.org/bot7690359419:AAFO0dgpL0IaAP44WCMtNOTPMq5plBmPWlA/getUpdates "HTTP/1.1 200 OK"
2025-04-14 06:10:43,483 - httpx - INFO - HTTP Request: POST https://api.telegram.org/bot7690359419:AAFO0dgpL0IaAP44WCMtNOTPMq5plBmPWlA/getUpdates "HTTP/1.1 200 OK"
2025-04-14 06:10:53,517 - httpx - INFO - HTTP Request: POST https://api.telegram.org/bot7690359419:AAFO0dgpL0IaAP44WCMtNOTPMq5plBmPWlA/getUpdates "HTTP/1.1 200 OK"
2025-04-14 06:11:03,552 - httpx - INFO - HTTP Request: POST https://api.telegram.org/bot7690359419:AAFO0dgpL0IaAP44WCMtNOTPMq5plBmPWlA/getUpdates "HTTP/1.1 200 OK"
2025-04-14 06:11:13,584 - httpx - INFO - HTTP Request: POST https://api.telegram.org/bot7690359419:AAFO0dgpL0IaAP44WCMtNOTPMq5plBmPWlA/getUpdates "HTTP/1.1 200 OK"
2025-04-14 06:11:23,616 - httpx - INFO - HTTP Request: POST https://api.telegram.org/bot7690359419:AAFO0dgpL0IaAP44WCMtNOTPMq5plBmPWlA/getUpdates "HTTP/1.1 200 OK"
2025-04-14 06:11:33,648 - httpx - INFO - HTTP Request: POST https://api.telegram.org/bot7690359419:AAFO0dgpL0IaAP44WCMtNOTPMq5plBmPWlA/getUpdates "HTTP/1.1 200 OK"
2025-04-14 06:11:43,682 - httpx - INFO - HTTP Request: POST https://api.telegram.org/bot7690359419:AAFO0dgpL0IaAP44WCMtNOTPMq5plBmPWlA/getUpdates "HTTP/1.1 200 OK"
2025-04-14 06:11:53,718 - httpx - INFO - HTTP Request: POST https://api.telegram.org/bot7690359419:AAFO0dgpL0IaAP44WCMtNOTPMq5plBmPWlA/getUpdates "HTTP/1.1 200 OK"
2025-04-14 06:12:03,755 - httpx - INFO - HTTP Request: POST https://api.telegram.org/bot7690359419:AAFO0dgpL0IaAP44WCMtNOTPMq5plBmPWlA/getUpdates "HTTP/1.1 200 OK"
2025-04-14 06:12:13,789 - httpx - INFO - HTTP Request: POST https://api.telegram.org/bot7690359419:AAFO0dgpL0IaAP44WCMtNOTPMq5plBmPWlA/getUpdates "HTTP/1.1 200 OK"
2025-04-14 06:12:23,822 - httpx - INFO - HTTP Request: POST https://api.telegram.org/bot7690359419:AAFO0dgpL0IaAP44WCMtNOTPMq5plBmPWlA/getUpdates "HTTP/1.1 200 OK"
2025-04-14 06:12:33,853 - httpx - INFO - HTTP Request: POST https://api.telegram.org/bot7690359419:AAFO0dgpL0IaAP44WCMtNOTPMq5plBmPWlA/getUpdates "HTTP/1.1 200 OK"
2025-04-14 06:12:43,886 - httpx - INFO - HTTP Request: POST https://api.telegram.org/bot7690359419:AAFO0dgpL0IaAP44WCMtNOTPMq5plBmPWlA/getUpdates "HTTP/1.1 200 OK"
2025-04-14 06:12:53,918 - httpx - INFO - HTTP Request: POST https://api.telegram.org/bot7690359419:AAFO0dgpL0IaAP44WCMtNOTPMq5plBmPWlA/getUpdates "HTTP/1.1 200 OK"
2025-04-14 06:13:03,953 - httpx - INFO - HTTP Request: POST https://api.telegram.org/bot7690359419:AAFO0dgpL0IaAP44WCMtNOTPMq5plBmPWlA/getUpdates "HTTP/1.1 200 OK"
2025-04-14 06:13:13,987 - httpx - INFO - HTTP Request: POST https://api.telegram.org/bot7690359419:AAFO0dgpL0IaAP44WCMtNOTPMq5plBmPWlA/getUpdates "HTTP/1.1 200 OK"
2025-04-14 06:13:24,021 - httpx - INFO - HTTP Request: POST https://api.telegram.org/bot7690359419:AAFO0dgpL0IaAP44WCMtNOTPMq5plBmPWlA/getUpdates "HTTP/1.1 200 OK"
2025-04-14 06:13:34,054 - httpx - INFO - HTTP Request: POST https://api.telegram.org/bot7690359419:AAFO0dgpL0IaAP44WCMtNOTPMq5plBmPWlA/getUpdates "HTTP/1.1 200 OK"
2025-04-14 06:13:44,089 - httpx - INFO - HTTP Request: POST https://api.telegram.org/bot7690359419:AAFO0dgpL0IaAP44WCMtNOTPMq5plBmPWlA/getUpdates "HTTP/1.1 200 OK"
2025-04-14 06:13:54,129 - httpx - INFO - HTTP Request: POST https://api.telegram.org/bot7690359419:AAFO0dgpL0IaAP44WCMtNOTPMq5plBmPWlA/getUpdates "HTTP/1.1 200 OK"
2025-04-14 06:14:04,162 - httpx - INFO - HTTP Request: POST https://api.telegram.org/bot7690359419:AAFO0dgpL0IaAP44WCMtNOTPMq5plBmPWlA/getUpdates "HTTP/1.1 200 OK"
2025-04-14 06:14:14,199 - httpx - INFO - HTTP Request: POST https://api.telegram.org/bot7690359419:AAFO0dgpL0IaAP44WCMtNOTPMq5plBmPWlA/getUpdates "HTTP/1.1 200 OK"
2025-04-14 06:14:24,233 - httpx - INFO - HTTP Request: POST https://api.telegram.org/bot7690359419:AAFO0dgpL0IaAP44WCMtNOTPMq5plBmPWlA/getUpdates "HTTP/1.1 200 OK"
2025-04-14 06:14:34,266 - httpx - INFO - HTTP Request: POST https://api.telegram.org/bot7690359419:AAFO0dgpL0IaAP44WCMtNOTPMq5plBmPWlA/getUpdates "HTTP/1.1 200 OK"
2025-04-14 06:14:44,299 - httpx - INFO - HTTP Request: POST https://api.telegram.org/bot7690359419:AAFO0dgpL0IaAP44WCMtNOTPMq5plBmPWlA/getUpdates "HTTP/1.1 200 OK"
2025-04-14 06:14:54,337 - httpx - INFO - HTTP Request: POST https://api.telegram.org/bot7690359419:AAFO0dgpL0IaAP44WCMtNOTPMq5plBmPWlA/getUpdates "HTTP/1.1 200 OK"
2025-04-14 06:15:04,370 - httpx - INFO - HTTP Request: POST https://api.telegram.org/bot7690359419:AAFO0dgpL0IaAP44WCMtNOTPMq5plBmPWlA/getUpdates "HTTP/1.1 200 OK"
2025-04-14 06:15:14,402 - httpx - INFO - HTTP Request: POST https://api.telegram.org/bot7690359419:AAFO0dgpL0IaAP44WCMtNOTPMq5plBmPWlA/getUpdates "HTTP/1.1 200 OK"
2025-04-14 06:15:24,434 - httpx - INFO - HTTP Request: POST https://api.telegram.org/bot7690359419:AAFO0dgpL0IaAP44WCMtNOTPMq5plBmPWlA/getUpdates "HTTP/1.1 200 OK"
2025-04-14 06:15:34,474 - httpx - INFO - HTTP Request: POST https://api.telegram.org/bot7690359419:AAFO0dgpL0IaAP44WCMtNOTPMq5plBmPWlA/getUpdates "HTTP/1.1 200 OK"
2025-04-14 06:15:44,508 - httpx - INFO - HTTP Request: POST https://api.telegram.org/bot7690359419:AAFO0dgpL0IaAP44WCMtNOTPMq5plBmPWlA/getUpdates "HTTP/1.1 200 OK"
2025-04-14 06:15:54,542 - httpx - INFO - HTTP Request: POST https://api.telegram.org/bot7690359419:AAFO0dgpL0IaAP44WCMtNOTPMq5plBmPWlA/getUpdates "HTTP/1.1 200 OK"
2025-04-14 06:16:04,573 - httpx - INFO - HTTP Request: POST https://api.telegram.org/bot7690359419:AAFO0dgpL0IaAP44WCMtNOTPMq5plBmPWlA/getUpdates "HTTP/1.1 200 OK"
2025-04-14 06:16:14,606 - httpx - INFO - HTTP Request: POST https://api.telegram.org/bot7690359419:AAFO0dgpL0IaAP44WCMtNOTPMq5plBmPWlA/getUpdates "HTTP/1.1 200 OK"
2025-04-14 06:16:24,639 - httpx - INFO - HTTP Request: POST https://api.telegram.org/bot7690359419:AAFO0dgpL0IaAP44WCMtNOTPMq5plBmPWlA/getUpdates "HTTP/1.1 200 OK"
2025-04-14 06:16:34,674 - httpx - INFO - HTTP Request: POST https://api.telegram.org/bot7690359419:AAFO0dgpL0IaAP44WCMtNOTPMq5plBmPWlA/getUpdates "HTTP/1.1 200 OK"
2025-04-14 06:16:44,705 - httpx - INFO - HTTP Request: POST https://api.telegram.org/bot7690359419:AAFO0dgpL0IaAP44WCMtNOTPMq5plBmPWlA/getUpdates "HTTP/1.1 200 OK"
2025-04-14 06:16:54,738 - httpx - INFO - HTTP Request: POST https://api.telegram.org/bot7690359419:AAFO0dgpL0IaAP44WCMtNOTPMq5plBmPWlA/getUpdates "HTTP/1.1 200 OK"
2025-04-14 06:17:04,771 - httpx - INFO - HTTP Request: POST https://api.telegram.org/bot7690359419:AAFO0dgpL0IaAP44WCMtNOTPMq5plBmPWlA/getUpdates "HTTP/1.1 200 OK"
2025-04-14 06:17:14,803 - httpx - INFO - HTTP Request: POST https://api.telegram.org/bot7690359419:AAFO0dgpL0IaAP44WCMtNOTPMq5plBmPWlA/getUpdates "HTTP/1.1 200 OK"
2025-04-14 06:17:24,836 - httpx - INFO - HTTP Request: POST https://api.telegram.org/bot7690359419:AAFO0dgpL0IaAP44WCMtNOTPMq5plBmPWlA/getUpdates "HTTP/1.1 200 OK"
2025-04-14 06:17:34,870 - httpx - INFO - HTTP Request: POST https://api.telegram.org/bot7690359419:AAFO0dgpL0IaAP44WCMtNOTPMq5plBmPWlA/getUpdates "HTTP/1.1 200 OK"
2025-04-14 06:17:44,902 - httpx - INFO - HTTP Request: POST https://api.telegram.org/bot7690359419:AAFO0dgpL0IaAP44WCMtNOTPMq5plBmPWlA/getUpdates "HTTP/1.1 200 OK"
2025-04-14 06:17:54,936 - httpx - INFO - HTTP Request: POST https://api.telegram.org/bot7690359419:AAFO0dgpL0IaAP44WCMtNOTPMq5plBmPWlA/getUpdates "HTTP/1.1 200 OK"
2025-04-14 06:18:04,969 - httpx - INFO - HTTP Request: POST https://api.telegram.org/bot7690359419:AAFO0dgpL0IaAP44WCMtNOTPMq5plBmPWlA/getUpdates "HTTP/1.1 200 OK"
2025-04-14 06:18:15,004 - httpx - INFO - HTTP Request: POST https://api.telegram.org/bot7690359419:AAFO0dgpL0IaAP44WCMtNOTPMq5plBmPWlA/getUpdates "HTTP/1.1 200 OK"
2025-04-14 06:18:25,037 - httpx - INFO - HTTP Request: POST https://api.telegram.org/bot7690359419:AAFO0dgpL0IaAP44WCMtNOTPMq5plBmPWlA/getUpdates "HTTP/1.1 200 OK"
2025-04-14 06:18:35,070 - httpx - INFO - HTTP Request: POST https://api.telegram.org/bot7690359419:AAFO0dgpL0IaAP44WCMtNOTPMq5plBmPWlA/getUpdates "HTTP/1.1 200 OK"
2025-04-14 06:18:45,103 - httpx - INFO - HTTP Request: POST https://api.telegram.org/bot7690359419:AAFO0dgpL0IaAP44WCMtNOTPMq5plBmPWlA/getUpdates "HTTP/1.1 200 OK"
2025-04-14 06:18:55,137 - httpx - INFO - HTTP Request: POST https://api.telegram.org/bot7690359419:AAFO0dgpL0IaAP44WCMtNOTPMq5plBmPWlA/getUpdates "HTTP/1.1 200 OK"
2025-04-14 06:19:05,262 - httpx - INFO - HTTP Request: POST https://api.telegram.org/bot7690359419:AAFO0dgpL0IaAP44WCMtNOTPMq5plBmPWlA/getUpdates "HTTP/1.1 200 OK"
2025-04-14 06:19:15,300 - httpx - INFO - HTTP Request: POST https://api.telegram.org/bot7690359419:AAFO0dgpL0IaAP44WCMtNOTPMq5plBmPWlA/getUpdates "HTTP/1.1 200 OK"
2025-04-14 06:19:25,337 - httpx - INFO - HTTP Request: POST https://api.telegram.org/bot7690359419:AAFO0dgpL0IaAP44WCMtNOTPMq5plBmPWlA/getUpdates "HTTP/1.1 200 OK"
2025-04-14 06:19:35,376 - httpx - INFO - HTTP Request: POST https://api.telegram.org/bot7690359419:AAFO0dgpL0IaAP44WCMtNOTPMq5plBmPWlA/getUpdates "HTTP/1.1 200 OK"
2025-04-14 06:19:45,410 - httpx - INFO - HTTP Request: POST https://api.telegram.org/bot7690359419:AAFO0dgpL0IaAP44WCMtNOTPMq5plBmPWlA/getUpdates "HTTP/1.1 200 OK"
2025-04-14 06:19:55,445 - httpx - INFO - HTTP Request: POST https://api.telegram.org/bot7690359419:AAFO0dgpL0IaAP44WCMtNOTPMq5plBmPWlA/getUpdates "HTTP/1.1 200 OK"
2025-04-14 06:20:05,479 - httpx - INFO - HTTP Request: POST https://api.telegram.org/bot7690359419:AAFO0dgpL0IaAP44WCMtNOTPMq5plBmPWlA/getUpdates "HTTP/1.1 200 OK"
2025-04-14 06:20:15,511 - httpx - INFO - HTTP Request: POST https://api.telegram.org/bot7690359419:AAFO0dgpL0IaAP44WCMtNOTPMq5plBmPWlA/getUpdates "HTTP/1.1 200 OK"
2025-04-14 06:20:25,545 - httpx - INFO - HTTP Request: POST https://api.telegram.org/bot7690359419:AAFO0dgpL0IaAP44WCMtNOTPMq5plBmPWlA/getUpdates "HTTP/1.1 200 OK"
2025-04-14 06:20:35,577 - httpx - INFO - HTTP Request: POST https://api.telegram.org/bot7690359419:AAFO0dgpL0IaAP44WCMtNOTPMq5plBmPWlA/getUpdates "HTTP/1.1 200 OK"
2025-04-14 06:20:45,608 - httpx - INFO - HTTP Request: POST https://api.telegram.org/bot7690359419:AAFO0dgpL0IaAP44WCMtNOTPMq5plBmPWlA/getUpdates "HTTP/1.1 200 OK"
2025-04-14 06:20:55,640 - httpx - INFO - HTTP Request: POST https://api.telegram.org/bot7690359419:AAFO0dgpL0IaAP44WCMtNOTPMq5plBmPWlA/getUpdates "HTTP/1.1 200 OK"
2025-04-14 06:21:05,674 - httpx - INFO - HTTP Request: POST https://api.telegram.org/bot7690359419:AAFO0dgpL0IaAP44WCMtNOTPMq5plBmPWlA/getUpdates "HTTP/1.1 200 OK"
2025-04-14 06:21:15,707 - httpx - INFO - HTTP Request: POST https://api.telegram.org/bot7690359419:AAFO0dgpL0IaAP44WCMtNOTPMq5plBmPWlA/getUpdates "HTTP/1.1 200 OK"
2025-04-14 06:21:25,740 - httpx - INFO - HTTP Request: POST https://api.telegram.org/bot7690359419:AAFO0dgpL0IaAP44WCMtNOTPMq5plBmPWlA/getUpdates "HTTP/1.1 200 OK"
2025-04-14 06:21:35,772 - httpx - INFO - HTTP Request: POST https://api.telegram.org/bot7690359419:AAFO0dgpL0IaAP44WCMtNOTPMq5plBmPWlA/getUpdates "HTTP/1.1 200 OK"
2025-04-14 06:21:39,971 - httpx - INFO - HTTP Request: POST https://api.telegram.org/bot7690359419:AAFO0dgpL0IaAP44WCMtNOTPMq5plBmPWlA/getUpdates "HTTP/1.1 200 OK"
2025-04-14 06:21:40,255 - httpx - INFO - HTTP Request: POST https://api.telegram.org/bot7690359419:AAFO0dgpL0IaAP44WCMtNOTPMq5plBmPWlA/sendMessage "HTTP/1.1 200 OK"
2025-04-14 06:21:40,256 - root - INFO - Начало загрузки видео по ссылке: https://www.youtube.com/watch?v=zW9WUJ6RyGU
2025-04-14 06:21:49,936 - httpx - INFO - HTTP Request: POST https://api.telegram.org/bot7690359419:AAFO0dgpL0IaAP44WCMtNOTPMq5plBmPWlA/sendVideo "HTTP/1.1 200 OK"
2025-04-14 06:21:49,937 - root - INFO - Видео успешно отправлено в чат: 1002559211865_video.mp4
2025-04-14 06:21:52,711 - httpx - INFO - HTTP Request: POST https://api.telegram.org/bot7690359419:AAFO0dgpL0IaAP44WCMtNOTPMq5plBmPWlA/getUpdates "HTTP/1.1 200 OK"
2025-04-14 06:21:53,437 - httpx - INFO - HTTP Request: POST https://api.telegram.org/bot7690359419:AAFO0dgpL0IaAP44WCMtNOTPMq5plBmPWlA/sendAudio "HTTP/1.1 200 OK"
2025-04-14 06:21:53,438 - root - INFO - Аудио успешно отправлено в чат: 1002559211865_audio.mp3
2025-04-14 06:22:02,789 - httpx - INFO - HTTP Request: POST https://api.telegram.org/bot7690359419:AAFO0dgpL0IaAP44WCMtNOTPMq5plBmPWlA/getUpdates "HTTP/1.1 200 OK"
2025-04-14 06:22:12,828 - httpx - INFO - HTTP Request: POST https://api.telegram.org/bot7690359419:AAFO0dgpL0IaAP44WCMtNOTPMq5plBmPWlA/getUpdates "HTTP/1.1 200 OK"
2025-04-14 06:22:22,860 - httpx - INFO - HTTP Request: POST https://api.telegram.org/bot7690359419:AAFO0dgpL0IaAP44WCMtNOTPMq5plBmPWlA/getUpdates "HTTP/1.1 200 OK"
2025-04-14 06:22:32,894 - httpx - INFO - HTTP Request: POST https://api.telegram.org/bot7690359419:AAFO0dgpL0IaAP44WCMtNOTPMq5plBmPWlA/getUpdates "HTTP/1.1 200 OK"
2025-04-14 06:22:42,926 - httpx - INFO - HTTP Request: POST https://api.telegram.org/bot7690359419:AAFO0dgpL0IaAP44WCMtNOTPMq5plBmPWlA/getUpdates "HTTP/1.1 200 OK"
2025-04-14 06:22:52,957 - httpx - INFO - HTTP Request: POST https://api.telegram.org/bot7690359419:AAFO0dgpL0IaAP44WCMtNOTPMq5plBmPWlA/getUpdates "HTTP/1.1 200 OK"
2025-04-14 06:23:02,993 - httpx - INFO - HTTP Request: POST https://api.telegram.org/bot7690359419:AAFO0dgpL0IaAP44WCMtNOTPMq5plBmPWlA/getUpdates "HTTP/1.1 200 OK"
2025-04-14 06:23:13,029 - httpx - INFO - HTTP Request: POST https://api.telegram.org/bot7690359419:AAFO0dgpL0IaAP44WCMtNOTPMq5plBmPWlA/getUpdates "HTTP/1.1 200 OK"
2025-04-14 06:23:23,062 - httpx - INFO - HTTP Request: POST https://api.telegram.org/bot7690359419:AAFO0dgpL0IaAP44WCMtNOTPMq5plBmPWlA/getUpdates "HTTP/1.1 200 OK"
2025-04-14 06:23:33,099 - httpx - INFO - HTTP Request: POST https://api.telegram.org/bot7690359419:AAFO0dgpL0IaAP44WCMtNOTPMq5plBmPWlA/getUpdates "HTTP/1.1 200 OK"
2025-04-14 06:23:43,134 - httpx - INFO - HTTP Request: POST https://api.telegram.org/bot7690359419:AAFO0dgpL0IaAP44WCMtNOTPMq5plBmPWlA/getUpdates "HTTP/1.1 200 OK"
2025-04-14 06:23:53,165 - httpx - INFO - HTTP Request: POST https://api.telegram.org/bot7690359419:AAFO0dgpL0IaAP44WCMtNOTPMq5plBmPWlA/getUpdates "HTTP/1.1 200 OK"
2025-04-14 06:24:03,201 - httpx - INFO - HTTP Request: POST https://api.telegram.org/bot7690359419:AAFO0dgpL0IaAP44WCMtNOTPMq5plBmPWlA/getUpdates "HTTP/1.1 200 OK"
2025-04-14 06:24:13,235 - httpx - INFO - HTTP Request: POST https://api.telegram.org/bot7690359419:AAFO0dgpL0IaAP44WCMtNOTPMq5plBmPWlA/getUpdates "HTTP/1.1 200 OK"
2025-04-14 06:24:23,270 - httpx - INFO - HTTP Request: POST https://api.telegram.org/bot7690359419:AAFO0dgpL0IaAP44WCMtNOTPMq5plBmPWlA/getUpdates "HTTP/1.1 200 OK"
2025-04-14 06:24:33,304 - httpx - INFO - HTTP Request: POST https://api.telegram.org/bot7690359419:AAFO0dgpL0IaAP44WCMtNOTPMq5plBmPWlA/getUpdates "HTTP/1.1 200 OK"
2025-04-14 06:24:43,342 - httpx - INFO - HTTP Request: POST https://api.telegram.org/bot7690359419:AAFO0dgpL0IaAP44WCMtNOTPMq5plBmPWlA/getUpdates "HTTP/1.1 200 OK"
2025-04-14 06:24:53,375 - httpx - INFO - HTTP Request: POST https://api.telegram.org/bot7690359419:AAFO0dgpL0IaAP44WCMtNOTPMq5plBmPWlA/getUpdates "HTTP/1.1 200 OK"
2025-04-14 06:25:03,408 - httpx - INFO - HTTP Request: POST https://api.telegram.org/bot7690359419:AAFO0dgpL0IaAP44WCMtNOTPMq5plBmPWlA/getUpdates "HTTP/1.1 200 OK"
2025-04-14 06:25:13,440 - httpx - INFO - HTTP Request: POST https://api.telegram.org/bot7690359419:AAFO0dgpL0IaAP44WCMtNOTPMq5plBmPWlA/getUpdates "HTTP/1.1 200 OK"
2025-04-14 06:25:23,474 - httpx - INFO - HTTP Request: POST https://api.telegram.org/bot7690359419:AAFO0dgpL0IaAP44WCMtNOTPMq5plBmPWlA/getUpdates "HTTP/1.1 200 OK"
2025-04-14 06:25:33,515 - httpx - INFO - HTTP Request: POST https://api.telegram.org/bot7690359419:AAFO0dgpL0IaAP44WCMtNOTPMq5plBmPWlA/getUpdates "HTTP/1.1 200 OK"
2025-04-14 06:25:43,547 - httpx - INFO - HTTP Request: POST https://api.telegram.org/bot7690359419:AAFO0dgpL0IaAP44WCMtNOTPMq5plBmPWlA/getUpdates "HTTP/1.1 200 OK"
2025-04-14 06:25:53,584 - httpx - INFO - HTTP Request: POST https://api.telegram.org/bot7690359419:AAFO0dgpL0IaAP44WCMtNOTPMq5plBmPWlA/getUpdates "HTTP/1.1 200 OK"
2025-04-14 06:26:03,620 - httpx - INFO - HTTP Request: POST https://api.telegram.org/bot7690359419:AAFO0dgpL0IaAP44WCMtNOTPMq5plBmPWlA/getUpdates "HTTP/1.1 200 OK"
2025-04-14 06:26:13,654 - httpx - INFO - HTTP Request: POST https://api.telegram.org/bot7690359419:AAFO0dgpL0IaAP44WCMtNOTPMq5plBmPWlA/getUpdates "HTTP/1.1 200 OK"
2025-04-14 06:26:23,688 - httpx - INFO - HTTP Request: POST https://api.telegram.org/bot7690359419:AAFO0dgpL0IaAP44WCMtNOTPMq5plBmPWlA/getUpdates "HTTP/1.1 200 OK"
2025-04-14 06:26:33,719 - httpx - INFO - HTTP Request: POST https://api.telegram.org/bot7690359419:AAFO0dgpL0IaAP44WCMtNOTPMq5plBmPWlA/getUpdates "HTTP/1.1 200 OK"
2025-04-14 06:26:43,761 - httpx - INFO - HTTP Request: POST https://api.telegram.org/bot7690359419:AAFO0dgpL0IaAP44WCMtNOTPMq5plBmPWlA/getUpdates "HTTP/1.1 200 OK"
2025-04-14 06:26:53,795 - httpx - INFO - HTTP Request: POST https://api.telegram.org/bot7690359419:AAFO0dgpL0IaAP44WCMtNOTPMq5plBmPWlA/getUpdates "HTTP/1.1 200 OK"
2025-04-14 06:27:03,827 - httpx - INFO - HTTP Request: POST https://api.telegram.org/bot7690359419:AAFO0dgpL0IaAP44WCMtNOTPMq5plBmPWlA/getUpdates "HTTP/1.1 200 OK"
2025-04-14 06:27:13,859 - httpx - INFO - HTTP Request: POST https://api.telegram.org/bot7690359419:AAFO0dgpL0IaAP44WCMtNOTPMq5plBmPWlA/getUpdates "HTTP/1.1 200 OK"
2025-04-14 06:27:23,899 - httpx - INFO - HTTP Request: POST https://api.telegram.org/bot7690359419:AAFO0dgpL0IaAP44WCMtNOTPMq5plBmPWlA/getUpdates "HTTP/1.1 200 OK"
2025-04-14 06:27:33,935 - httpx - INFO - HTTP Request: POST https://api.telegram.org/bot7690359419:AAFO0dgpL0IaAP44WCMtNOTPMq5plBmPWlA/getUpdates "HTTP/1.1 200 OK"
2025-04-14 06:27:43,967 - httpx - INFO - HTTP Request: POST https://api.telegram.org/bot7690359419:AAFO0dgpL0IaAP44WCMtNOTPMq5plBmPWlA/getUpdates "HTTP/1.1 200 OK"
2025-04-14 06:27:54,001 - httpx - INFO - HTTP Request: POST https://api.telegram.org/bot7690359419:AAFO0dgpL0IaAP44WCMtNOTPMq5plBmPWlA/getUpdates "HTTP/1.1 200 OK"
2025-04-14 06:28:04,034 - httpx - INFO - HTTP Request: POST https://api.telegram.org/bot7690359419:AAFO0dgpL0IaAP44WCMtNOTPMq5plBmPWlA/getUpdates "HTTP/1.1 200 OK"
2025-04-14 06:28:14,069 - httpx - INFO - HTTP Request: POST https://api.telegram.org/bot7690359419:AAFO0dgpL0IaAP44WCMtNOTPMq5plBmPWlA/getUpdates "HTTP/1.1 200 OK"
2025-04-14 06:28:24,104 - httpx - INFO - HTTP Request: POST https://api.telegram.org/bot7690359419:AAFO0dgpL0IaAP44WCMtNOTPMq5plBmPWlA/getUpdates "HTTP/1.1 200 OK"
2025-04-14 06:28:34,137 - httpx - INFO - HTTP Request: POST https://api.telegram.org/bot7690359419:AAFO0dgpL0IaAP44WCMtNOTPMq5plBmPWlA/getUpdates "HTTP/1.1 200 OK"
2025-04-14 06:28:44,171 - httpx - INFO - HTTP Request: POST https://api.telegram.org/bot7690359419:AAFO0dgpL0IaAP44WCMtNOTPMq5plBmPWlA/getUpdates "HTTP/1.1 200 OK"
2025-04-14 06:28:54,203 - httpx - INFO - HTTP Request: POST https://api.telegram.org/bot7690359419:AAFO0dgpL0IaAP44WCMtNOTPMq5plBmPWlA/getUpdates "HTTP/1.1 200 OK"
2025-04-14 06:29:04,235 - httpx - INFO - HTTP Request: POST https://api.telegram.org/bot7690359419:AAFO0dgpL0IaAP44WCMtNOTPMq5plBmPWlA/getUpdates "HTTP/1.1 200 OK"
2025-04-14 06:29:14,269 - httpx - INFO - HTTP Request: POST https://api.telegram.org/bot7690359419:AAFO0dgpL0IaAP44WCMtNOTPMq5plBmPWlA/getUpdates "HTTP/1.1 200 OK"
2025-04-14 06:29:24,303 - httpx - INFO - HTTP Request: POST https://api.telegram.org/bot7690359419:AAFO0dgpL0IaAP44WCMtNOTPMq5plBmPWlA/getUpdates "HTTP/1.1 200 OK"
2025-04-14 06:29:34,337 - httpx - INFO - HTTP Request: POST https://api.telegram.org/bot7690359419:AAFO0dgpL0IaAP44WCMtNOTPMq5plBmPWlA/getUpdates "HTTP/1.1 200 OK"
2025-04-14 06:29:44,371 - httpx - INFO - HTTP Request: POST https://api.telegram.org/bot7690359419:AAFO0dgpL0IaAP44WCMtNOTPMq5plBmPWlA/getUpdates "HTTP/1.1 200 OK"
2025-04-14 06:29:54,403 - httpx - INFO - HTTP Request: POST https://api.telegram.org/bot7690359419:AAFO0dgpL0IaAP44WCMtNOTPMq5plBmPWlA/getUpdates "HTTP/1.1 200 OK"
2025-04-14 06:30:04,436 - httpx - INFO - HTTP Request: POST https://api.telegram.org/bot7690359419:AAFO0dgpL0IaAP44WCMtNOTPMq5plBmPWlA/getUpdates "HTTP/1.1 200 OK"
2025-04-14 06:30:14,468 - httpx - INFO - HTTP Request: POST https://api.telegram.org/bot7690359419:AAFO0dgpL0IaAP44WCMtNOTPMq5plBmPWlA/getUpdates "HTTP/1.1 200 OK"
2025-04-14 06:30:24,507 - httpx - INFO - HTTP Request: POST https://api.telegram.org/bot7690359419:AAFO0dgpL0IaAP44WCMtNOTPMq5plBmPWlA/getUpdates "HTTP/1.1 200 OK"
2025-04-14 06:30:34,541 - httpx - INFO - HTTP Request: POST https://api.telegram.org/bot7690359419:AAFO0dgpL0IaAP44WCMtNOTPMq5plBmPWlA/getUpdates "HTTP/1.1 200 OK"
2025-04-14 06:30:44,576 - httpx - INFO - HTTP Request: POST https://api.telegram.org/bot7690359419:AAFO0dgpL0IaAP44WCMtNOTPMq5plBmPWlA/getUpdates "HTTP/1.1 200 OK"
2025-04-14 06:30:54,613 - httpx - INFO - HTTP Request: POST https://api.telegram.org/bot7690359419:AAFO0dgpL0IaAP44WCMtNOTPMq5plBmPWlA/getUpdates "HTTP/1.1 200 OK"
2025-04-14 06:31:04,644 - httpx - INFO - HTTP Request: POST https://api.telegram.org/bot7690359419:AAFO0dgpL0IaAP44WCMtNOTPMq5plBmPWlA/getUpdates "HTTP/1.1 200 OK"
2025-04-14 06:31:11,009 - httpx - INFO - HTTP Request: POST https://api.telegram.org/bot7690359419:AAFO0dgpL0IaAP44WCMtNOTPMq5plBmPWlA/getUpdates "HTTP/1.1 200 OK"
2025-04-14 06:31:11,162 - httpx - INFO - HTTP Request: POST https://api.telegram.org/bot7690359419:AAFO0dgpL0IaAP44WCMtNOTPMq5plBmPWlA/sendMessage "HTTP/1.1 200 OK"
2025-04-14 06:31:11,163 - root - INFO - Начало загрузки видео по ссылке: https://www.youtube.com/watch?v=zW9WUJ6RyGU
2025-04-14 06:31:19,355 - httpx - INFO - HTTP Request: POST https://api.telegram.org/bot7690359419:AAFO0dgpL0IaAP44WCMtNOTPMq5plBmPWlA/sendVideo "HTTP/1.1 200 OK"
2025-04-14 06:31:19,356 - root - INFO - Видео успешно отправлено в чат: 524626692_video.mp4
2025-04-14 06:31:22,014 - httpx - INFO - HTTP Request: POST https://api.telegram.org/bot7690359419:AAFO0dgpL0IaAP44WCMtNOTPMq5plBmPWlA/getUpdates "HTTP/1.1 200 OK"
2025-04-14 06:31:22,720 - httpx - INFO - HTTP Request: POST https://api.telegram.org/bot7690359419:AAFO0dgpL0IaAP44WCMtNOTPMq5plBmPWlA/sendAudio "HTTP/1.1 200 OK"
2025-04-14 06:31:22,722 - root - INFO - Аудио успешно отправлено в чат: 524626692_audio.mp3
2025-04-14 06:31:32,082 - httpx - INFO - HTTP Request: POST https://api.telegram.org/bot7690359419:AAFO0dgpL0IaAP44WCMtNOTPMq5plBmPWlA/getUpdates "HTTP/1.1 200 OK"
2025-04-14 06:31:42,117 - httpx - INFO - HTTP Request: POST https://api.telegram.org/bot7690359419:AAFO0dgpL0IaAP44WCMtNOTPMq5plBmPWlA/getUpdates "HTTP/1.1 200 OK"
2025-04-14 06:31:43,438 - httpx - INFO - HTTP Request: POST https://api.telegram.org/bot7690359419:AAFO0dgpL0IaAP44WCMtNOTPMq5plBmPWlA/getUpdates "HTTP/1.1 200 OK"
2025-04-14 06:31:43,601 - httpx - INFO - HTTP Request: POST https://api.telegram.org/bot7690359419:AAFO0dgpL0IaAP44WCMtNOTPMq5plBmPWlA/sendMessage "HTTP/1.1 200 OK"
2025-04-14 06:31:43,602 - root - INFO - Начало загрузки TikTok видео по ссылке: https://www.tiktok.com/@mrr_richard/video/6884497396059868417
2025-04-14 06:31:46,165 - httpx - INFO - HTTP Request: POST https://api.telegram.org/bot7690359419:AAFO0dgpL0IaAP44WCMtNOTPMq5plBmPWlA/sendVideo "HTTP/1.1 200 OK"
2025-04-14 06:31:46,166 - root - INFO - Видео TikTok успешно отправлено в чат: 524626692_tiktok.mp4
2025-04-14 06:31:53,482 - httpx - INFO - HTTP Request: POST https://api.telegram.org/bot7690359419:AAFO0dgpL0IaAP44WCMtNOTPMq5plBmPWlA/getUpdates "HTTP/1.1 200 OK"
2025-04-14 06:32:03,515 - httpx - INFO - HTTP Request: POST https://api.telegram.org/bot7690359419:AAFO0dgpL0IaAP44WCMtNOTPMq5plBmPWlA/getUpdates "HTTP/1.1 200 OK"
2025-04-14 06:32:13,556 - httpx - INFO - HTTP Request: POST https://api.telegram.org/bot7690359419:AAFO0dgpL0IaAP44WCMtNOTPMq5plBmPWlA/getUpdates "HTTP/1.1 200 OK"
2025-04-14 06:32:23,596 - httpx - INFO - HTTP Request: POST https://api.telegram.org/bot7690359419:AAFO0dgpL0IaAP44WCMtNOTPMq5plBmPWlA/getUpdates "HTTP/1.1 200 OK"
2025-04-14 06:32:33,629 - httpx - INFO - HTTP Request: POST https://api.telegram.org/bot7690359419:AAFO0dgpL0IaAP44WCMtNOTPMq5plBmPWlA/getUpdates "HTTP/1.1 200 OK"
2025-04-14 06:32:43,666 - httpx - INFO - HTTP Request: POST https://api.telegram.org/bot7690359419:AAFO0dgpL0IaAP44WCMtNOTPMq5plBmPWlA/getUpdates "HTTP/1.1 200 OK"
2025-04-14 06:32:53,703 - httpx - INFO - HTTP Request: POST https://api.telegram.org/bot7690359419:AAFO0dgpL0IaAP44WCMtNOTPMq5plBmPWlA/getUpdates "HTTP/1.1 200 OK"
2025-04-14 06:33:03,746 - httpx - INFO - HTTP Request: POST https://api.telegram.org/bot7690359419:AAFO0dgpL0IaAP44WCMtNOTPMq5plBmPWlA/getUpdates "HTTP/1.1 200 OK"
2025-04-14 06:33:03,872 - httpx - INFO - HTTP Request: POST https://api.telegram.org/bot7690359419:AAFO0dgpL0IaAP44WCMtNOTPMq5plBmPWlA/getUpdates "HTTP/1.1 200 OK"
2025-04-14 06:33:04,091 - httpx - INFO - HTTP Request: POST https://api.telegram.org/bot7690359419:AAFO0dgpL0IaAP44WCMtNOTPMq5plBmPWlA/sendMessage "HTTP/1.1 200 OK"
2025-04-14 06:33:04,092 - root - INFO - Начало загрузки видео по ссылке: https://www.youtube.com/shorts/vdrwjkhq8jY
2025-04-14 06:33:09,820 - httpx - INFO - HTTP Request: POST https://api.telegram.org/bot7690359419:AAFO0dgpL0IaAP44WCMtNOTPMq5plBmPWlA/sendVideo "HTTP/1.1 200 OK"
2025-04-14 06:33:09,822 - root - INFO - Видео успешно отправлено в чат: 524626692_video.mp4
2025-04-14 06:33:10,261 - httpx - INFO - HTTP Request: POST https://api.telegram.org/bot7690359419:AAFO0dgpL0IaAP44WCMtNOTPMq5plBmPWlA/sendAudio "HTTP/1.1 200 OK"
2025-04-14 06:33:10,262 - root - INFO - Аудио успешно отправлено в чат: 524626692_audio.mp3
2025-04-14 06:33:13,923 - httpx - INFO - HTTP Request: POST https://api.telegram.org/bot7690359419:AAFO0dgpL0IaAP44WCMtNOTPMq5plBmPWlA/getUpdates "HTTP/1.1 200 OK"
2025-04-14 06:33:23,960 - httpx - INFO - HTTP Request: POST https://api.telegram.org/bot7690359419:AAFO0dgpL0IaAP44WCMtNOTPMq5plBmPWlA/getUpdates "HTTP/1.1 200 OK"
2025-04-14 06:33:33,995 - httpx - INFO - HTTP Request: POST https://api.telegram.org/bot7690359419:AAFO0dgpL0IaAP44WCMtNOTPMq5plBmPWlA/getUpdates "HTTP/1.1 200 OK"
2025-04-14 06:33:44,029 - httpx - INFO - HTTP Request: POST https://api.telegram.org/bot7690359419:AAFO0dgpL0IaAP44WCMtNOTPMq5plBmPWlA/getUpdates "HTTP/1.1 200 OK"
2025-04-14 06:33:54,062 - httpx - INFO - HTTP Request: POST https://api.telegram.org/bot7690359419:AAFO0dgpL0IaAP44WCMtNOTPMq5plBmPWlA/getUpdates "HTTP/1.1 200 OK"
2025-04-14 06:34:04,095 - httpx - INFO - HTTP Request: POST https://api.telegram.org/bot7690359419:AAFO0dgpL0IaAP44WCMtNOTPMq5plBmPWlA/getUpdates "HTTP/1.1 200 OK"
2025-04-14 06:34:14,127 - httpx - INFO - HTTP Request: POST https://api.telegram.org/bot7690359419:AAFO0dgpL0IaAP44WCMtNOTPMq5plBmPWlA/getUpdates "HTTP/1.1 200 OK"
2025-04-14 06:34:24,159 - httpx - INFO - HTTP Request: POST https://api.telegram.org/bot7690359419:AAFO0dgpL0IaAP44WCMtNOTPMq5plBmPWlA/getUpdates "HTTP/1.1 200 OK"
2025-04-14 06:34:34,191 - httpx - INFO - HTTP Request: POST https://api.telegram.org/bot7690359419:AAFO0dgpL0IaAP44WCMtNOTPMq5plBmPWlA/getUpdates "HTTP/1.1 200 OK"
2025-04-14 06:34:44,224 - httpx - INFO - HTTP Request: POST https://api.telegram.org/bot7690359419:AAFO0dgpL0IaAP44WCMtNOTPMq5plBmPWlA/getUpdates "HTTP/1.1 200 OK"
2025-04-14 06:34:54,259 - httpx - INFO - HTTP Request: POST https://api.telegram.org/bot7690359419:AAFO0dgpL0IaAP44WCMtNOTPMq5plBmPWlA/getUpdates "HTTP/1.1 200 OK"
2025-04-14 06:35:04,291 - httpx - INFO - HTTP Request: POST https://api.telegram.org/bot7690359419:AAFO0dgpL0IaAP44WCMtNOTPMq5plBmPWlA/getUpdates "HTTP/1.1 200 OK"
2025-04-14 06:35:14,324 - httpx - INFO - HTTP Request: POST https://api.telegram.org/bot7690359419:AAFO0dgpL0IaAP44WCMtNOTPMq5plBmPWlA/getUpdates "HTTP/1.1 200 OK"
2025-04-14 06:35:24,443 - httpx - INFO - HTTP Request: POST https://api.telegram.org/bot7690359419:AAFO0dgpL0IaAP44WCMtNOTPMq5plBmPWlA/getUpdates "HTTP/1.1 200 OK"
2025-04-14 06:35:34,481 - httpx - INFO - HTTP Request: POST https://api.telegram.org/bot7690359419:AAFO0dgpL0IaAP44WCMtNOTPMq5plBmPWlA/getUpdates "HTTP/1.1 200 OK"
2025-04-14 06:35:44,516 - httpx - INFO - HTTP Request: POST https://api.telegram.org/bot7690359419:AAFO0dgpL0IaAP44WCMtNOTPMq5plBmPWlA/getUpdates "HTTP/1.1 200 OK"
2025-04-14 06:35:54,558 - httpx - INFO - HTTP Request: POST https://api.telegram.org/bot7690359419:AAFO0dgpL0IaAP44WCMtNOTPMq5plBmPWlA/getUpdates "HTTP/1.1 200 OK"
2025-04-14 06:36:04,591 - httpx - INFO - HTTP Request: POST https://api.telegram.org/bot7690359419:AAFO0dgpL0IaAP44WCMtNOTPMq5plBmPWlA/getUpdates "HTTP/1.1 200 OK"
2025-04-14 06:36:14,631 - httpx - INFO - HTTP Request: POST https://api.telegram.org/bot7690359419:AAFO0dgpL0IaAP44WCMtNOTPMq5plBmPWlA/getUpdates "HTTP/1.1 200 OK"
2025-04-14 06:36:24,671 - httpx - INFO - HTTP Request: POST https://api.telegram.org/bot7690359419:AAFO0dgpL0IaAP44WCMtNOTPMq5plBmPWlA/getUpdates "HTTP/1.1 200 OK"
2025-04-14 06:36:34,706 - httpx - INFO - HTTP Request: POST https://api.telegram.org/bot7690359419:AAFO0dgpL0IaAP44WCMtNOTPMq5plBmPWlA/getUpdates "HTTP/1.1 200 OK"
2025-04-14 06:36:44,738 - httpx - INFO - HTTP Request: POST https://api.telegram.org/bot7690359419:AAFO0dgpL0IaAP44WCMtNOTPMq5plBmPWlA/getUpdates "HTTP/1.1 200 OK"
2025-04-14 06:36:54,769 - httpx - INFO - HTTP Request: POST https://api.telegram.org/bot7690359419:AAFO0dgpL0IaAP44WCMtNOTPMq5plBmPWlA/getUpdates "HTTP/1.1 200 OK"
2025-04-14 06:37:04,802 - httpx - INFO - HTTP Request: POST https://api.telegram.org/bot7690359419:AAFO0dgpL0IaAP44WCMtNOTPMq5plBmPWlA/getUpdates "HTTP/1.1 200 OK"
2025-04-14 06:37:14,839 - httpx - INFO - HTTP Request: POST https://api.telegram.org/bot7690359419:AAFO0dgpL0IaAP44WCMtNOTPMq5plBmPWlA/getUpdates "HTTP/1.1 200 OK"
2025-04-14 06:37:24,871 - httpx - INFO - HTTP Request: POST https://api.telegram.org/bot7690359419:AAFO0dgpL0IaAP44WCMtNOTPMq5plBmPWlA/getUpdates "HTTP/1.1 200 OK"
2025-04-14 06:37:34,901 - httpx - INFO - HTTP Request: POST https://api.telegram.org/bot7690359419:AAFO0dgpL0IaAP44WCMtNOTPMq5plBmPWlA/getUpdates "HTTP/1.1 200 OK"
2025-04-14 06:37:44,935 - httpx - INFO - HTTP Request: POST https://api.telegram.org/bot7690359419:AAFO0dgpL0IaAP44WCMtNOTPMq5plBmPWlA/getUpdates "HTTP/1.1 200 OK"
2025-04-14 06:37:54,972 - httpx - INFO - HTTP Request: POST https://api.telegram.org/bot7690359419:AAFO0dgpL0IaAP44WCMtNOTPMq5plBmPWlA/getUpdates "HTTP/1.1 200 OK"
2025-04-14 06:38:05,005 - httpx - INFO - HTTP Request: POST https://api.telegram.org/bot7690359419:AAFO0dgpL0IaAP44WCMtNOTPMq5plBmPWlA/getUpdates "HTTP/1.1 200 OK"
2025-04-14 06:38:15,038 - httpx - INFO - HTTP Request: POST https://api.telegram.org/bot7690359419:AAFO0dgpL0IaAP44WCMtNOTPMq5plBmPWlA/getUpdates "HTTP/1.1 200 OK"
2025-04-14 06:38:25,068 - httpx - INFO - HTTP Request: POST https://api.telegram.org/bot7690359419:AAFO0dgpL0IaAP44WCMtNOTPMq5plBmPWlA/getUpdates "HTTP/1.1 200 OK"
2025-04-14 06:38:35,099 - httpx - INFO - HTTP Request: POST https://api.telegram.org/bot7690359419:AAFO0dgpL0IaAP44WCMtNOTPMq5plBmPWlA/getUpdates "HTTP/1.1 200 OK"
2025-04-14 06:38:45,134 - httpx - INFO - HTTP Request: POST https://api.telegram.org/bot7690359419:AAFO0dgpL0IaAP44WCMtNOTPMq5plBmPWlA/getUpdates "HTTP/1.1 200 OK"
2025-04-14 06:38:55,169 - httpx - INFO - HTTP Request: POST https://api.telegram.org/bot7690359419:AAFO0dgpL0IaAP44WCMtNOTPMq5plBmPWlA/getUpdates "HTTP/1.1 200 OK"
2025-04-14 06:39:05,201 - httpx - INFO - HTTP Request: POST https://api.telegram.org/bot7690359419:AAFO0dgpL0IaAP44WCMtNOTPMq5plBmPWlA/getUpdates "HTTP/1.1 200 OK"
2025-04-14 06:39:15,237 - httpx - INFO - HTTP Request: POST https://api.telegram.org/bot7690359419:AAFO0dgpL0IaAP44WCMtNOTPMq5plBmPWlA/getUpdates "HTTP/1.1 200 OK"
2025-04-14 06:39:25,272 - httpx - INFO - HTTP Request: POST https://api.telegram.org/bot7690359419:AAFO0dgpL0IaAP44WCMtNOTPMq5plBmPWlA/getUpdates "HTTP/1.1 200 OK"
2025-04-14 06:39:35,305 - httpx - INFO - HTTP Request: POST https://api.telegram.org/bot7690359419:AAFO0dgpL0IaAP44WCMtNOTPMq5plBmPWlA/getUpdates "HTTP/1.1 200 OK"
2025-04-14 06:39:45,337 - httpx - INFO - HTTP Request: POST https://api.telegram.org/bot7690359419:AAFO0dgpL0IaAP44WCMtNOTPMq5plBmPWlA/getUpdates "HTTP/1.1 200 OK"
2025-04-14 06:39:55,370 - httpx - INFO - HTTP Request: POST https://api.telegram.org/bot7690359419:AAFO0dgpL0IaAP44WCMtNOTPMq5plBmPWlA/getUpdates "HTTP/1.1 200 OK"
2025-04-14 06:40:05,402 - httpx - INFO - HTTP Request: POST https://api.telegram.org/bot7690359419:AAFO0dgpL0IaAP44WCMtNOTPMq5plBmPWlA/getUpdates "HTTP/1.1 200 OK"
2025-04-14 06:40:15,434 - httpx - INFO - HTTP Request: POST https://api.telegram.org/bot7690359419:AAFO0dgpL0IaAP44WCMtNOTPMq5plBmPWlA/getUpdates "HTTP/1.1 200 OK"
2025-04-14 06:40:25,466 - httpx - INFO - HTTP Request: POST https://api.telegram.org/bot7690359419:AAFO0dgpL0IaAP44WCMtNOTPMq5plBmPWlA/getUpdates "HTTP/1.1 200 OK"
2025-04-14 06:40:35,498 - httpx - INFO - HTTP Request: POST https://api.telegram.org/bot7690359419:AAFO0dgpL0IaAP44WCMtNOTPMq5plBmPWlA/getUpdates "HTTP/1.1 200 OK"
2025-04-14 06:40:45,528 - httpx - INFO - HTTP Request: POST https://api.telegram.org/bot7690359419:AAFO0dgpL0IaAP44WCMtNOTPMq5plBmPWlA/getUpdates "HTTP/1.1 200 OK"
2025-04-14 06:40:55,564 - httpx - INFO - HTTP Request: POST https://api.telegram.org/bot7690359419:AAFO0dgpL0IaAP44WCMtNOTPMq5plBmPWlA/getUpdates "HTTP/1.1 200 OK"
2025-04-14 06:41:05,599 - httpx - INFO - HTTP Request: POST https://api.telegram.org/bot7690359419:AAFO0dgpL0IaAP44WCMtNOTPMq5plBmPWlA/getUpdates "HTTP/1.1 200 OK"
2025-04-14 06:41:15,632 - httpx - INFO - HTTP Request: POST https://api.telegram.org/bot7690359419:AAFO0dgpL0IaAP44WCMtNOTPMq5plBmPWlA/getUpdates "HTTP/1.1 200 OK"
2025-04-14 06:41:25,665 - httpx - INFO - HTTP Request: POST https://api.telegram.org/bot7690359419:AAFO0dgpL0IaAP44WCMtNOTPMq5plBmPWlA/getUpdates "HTTP/1.1 200 OK"
2025-04-14 06:41:35,697 - httpx - INFO - HTTP Request: POST https://api.telegram.org/bot7690359419:AAFO0dgpL0IaAP44WCMtNOTPMq5plBmPWlA/getUpdates "HTTP/1.1 200 OK"
2025-04-14 06:41:45,734 - httpx - INFO - HTTP Request: POST https://api.telegram.org/bot7690359419:AAFO0dgpL0IaAP44WCMtNOTPMq5plBmPWlA/getUpdates "HTTP/1.1 200 OK"
2025-04-14 06:42:49,879 - httpx - INFO - HTTP Request: POST https://api.telegram.org/bot7690359419:AAFO0dgpL0IaAP44WCMtNOTPMq5plBmPWlA/getMe "HTTP/1.1 200 OK"
2025-04-14 06:42:49,913 - httpx - INFO - HTTP Request: POST https://api.telegram.org/bot7690359419:AAFO0dgpL0IaAP44WCMtNOTPMq5plBmPWlA/deleteWebhook "HTTP/1.1 200 OK"
2025-04-14 06:42:49,914 - telegram.ext.Application - INFO - Application started
2025-04-14 06:43:00,031 - httpx - INFO - HTTP Request: POST https://api.telegram.org/bot7690359419:AAFO0dgpL0IaAP44WCMtNOTPMq5plBmPWlA/getUpdates "HTTP/1.1 200 OK"
2025-04-14 06:43:10,067 - httpx - INFO - HTTP Request: POST https://api.telegram.org/bot7690359419:AAFO0dgpL0IaAP44WCMtNOTPMq5plBmPWlA/getUpdates "HTTP/1.1 200 OK"
2025-04-14 06:43:20,105 - httpx - INFO - HTTP Request: POST https://api.telegram.org/bot7690359419:AAFO0dgpL0IaAP44WCMtNOTPMq5plBmPWlA/getUpdates "HTTP/1.1 200 OK"
2025-04-14 06:43:30,147 - httpx - INFO - HTTP Request: POST https://api.telegram.org/bot7690359419:AAFO0dgpL0IaAP44WCMtNOTPMq5plBmPWlA/getUpdates "HTTP/1.1 200 OK"
2025-04-14 06:43:40,185 - httpx - INFO - HTTP Request: POST https://api.telegram.org/bot7690359419:AAFO0dgpL0IaAP44WCMtNOTPMq5plBmPWlA/getUpdates "HTTP/1.1 200 OK"
2025-04-14 06:43:50,220 - httpx - INFO - HTTP Request: POST https://api.telegram.org/bot7690359419:AAFO0dgpL0IaAP44WCMtNOTPMq5plBmPWlA/getUpdates "HTTP/1.1 200 OK"
2025-04-14 06:44:00,255 - httpx - INFO - HTTP Request: POST https://api.telegram.org/bot7690359419:AAFO0dgpL0IaAP44WCMtNOTPMq5plBmPWlA/getUpdates "HTTP/1.1 200 OK"
2025-04-14 06:44:10,290 - httpx - INFO - HTTP Request: POST https://api.telegram.org/bot7690359419:AAFO0dgpL0IaAP44WCMtNOTPMq5plBmPWlA/getUpdates "HTTP/1.1 200 OK"
2025-04-14 06:44:20,155 - httpx - INFO - HTTP Request: POST https://api.telegram.org/bot7690359419:AAFO0dgpL0IaAP44WCMtNOTPMq5plBmPWlA/getUpdates "HTTP/1.1 200 OK"
2025-04-14 06:44:20,368 - httpx - INFO - HTTP Request: POST https://api.telegram.org/bot7690359419:AAFO0dgpL0IaAP44WCMtNOTPMq5plBmPWlA/sendMessage "HTTP/1.1 200 OK"
2025-04-14 06:44:20,369 - root - INFO - Начало загрузки TikTok видео по ссылке: https://www.tiktok.com/@catsmemoir/video/7489499721707392298
2025-04-14 06:44:22,654 - httpx - INFO - HTTP Request: POST https://api.telegram.org/bot7690359419:AAFO0dgpL0IaAP44WCMtNOTPMq5plBmPWlA/sendVideo "HTTP/1.1 200 OK"
2025-04-14 06:44:22,655 - root - INFO - Видео TikTok успешно отправлено в чат: 524626692_tiktok.mp4
2025-04-14 06:44:23,055 - httpx - INFO - HTTP Request: POST https://api.telegram.org/bot7690359419:AAFO0dgpL0IaAP44WCMtNOTPMq5plBmPWlA/sendAudio "HTTP/1.1 200 OK"
2025-04-14 06:44:23,056 - root - INFO - Аудио успешно отправлено в чат: 524626692_audio.mp3
2025-04-14 06:44:30,199 - httpx - INFO - HTTP Request: POST https://api.telegram.org/bot7690359419:AAFO0dgpL0IaAP44WCMtNOTPMq5plBmPWlA/getUpdates "HTTP/1.1 200 OK"
2025-04-14 06:44:40,232 - httpx - INFO - HTTP Request: POST https://api.telegram.org/bot7690359419:AAFO0dgpL0IaAP44WCMtNOTPMq5plBmPWlA/getUpdates "HTTP/1.1 200 OK"
2025-04-14 06:44:46,313 - httpx - INFO - HTTP Request: POST https://api.telegram.org/bot7690359419:AAFO0dgpL0IaAP44WCMtNOTPMq5plBmPWlA/getUpdates "HTTP/1.1 200 OK"
2025-04-14 06:44:46,526 - httpx - INFO - HTTP Request: POST https://api.telegram.org/bot7690359419:AAFO0dgpL0IaAP44WCMtNOTPMq5plBmPWlA/sendMessage "HTTP/1.1 200 OK"
2025-04-14 06:44:46,527 - root - INFO - Начало загрузки видео по ссылке: https://www.youtube.com/watch?v=MLwP0JNvEM4
2025-04-14 06:44:53,525 - httpx - INFO - HTTP Request: POST https://api.telegram.org/bot7690359419:AAFO0dgpL0IaAP44WCMtNOTPMq5plBmPWlA/sendVideo "HTTP/1.1 200 OK"
2025-04-14 06:44:53,526 - root - INFO - Видео успешно отправлено в чат: 524626692_video.mp4
2025-04-14 06:44:59,207 - httpx - INFO - HTTP Request: POST https://api.telegram.org/bot7690359419:AAFO0dgpL0IaAP44WCMtNOTPMq5plBmPWlA/getUpdates "HTTP/1.1 200 OK"
2025-04-14 06:45:00,647 - httpx - INFO - HTTP Request: POST https://api.telegram.org/bot7690359419:AAFO0dgpL0IaAP44WCMtNOTPMq5plBmPWlA/sendAudio "HTTP/1.1 200 OK"
2025-04-14 06:45:00,650 - root - INFO - Аудио успешно отправлено в чат: 524626692_audio.mp3
2025-04-14 06:45:09,245 - httpx - INFO - HTTP Request: POST https://api.telegram.org/bot7690359419:AAFO0dgpL0IaAP44WCMtNOTPMq5plBmPWlA/getUpdates "HTTP/1.1 200 OK"
2025-04-14 06:45:19,279 - httpx - INFO - HTTP Request: POST https://api.telegram.org/bot7690359419:AAFO0dgpL0IaAP44WCMtNOTPMq5plBmPWlA/getUpdates "HTTP/1.1 200 OK"
2025-04-14 06:45:29,312 - httpx - INFO - HTTP Request: POST https://api.telegram.org/bot7690359419:AAFO0dgpL0IaAP44WCMtNOTPMq5plBmPWlA/getUpdates "HTTP/1.1 200 OK"
2025-04-14 06:45:39,349 - httpx - INFO - HTTP Request: POST https://api.telegram.org/bot7690359419:AAFO0dgpL0IaAP44WCMtNOTPMq5plBmPWlA/getUpdates "HTTP/1.1 200 OK"
2025-04-14 06:45:49,382 - httpx - INFO - HTTP Request: POST https://api.telegram.org/bot7690359419:AAFO0dgpL0IaAP44WCMtNOTPMq5plBmPWlA/getUpdates "HTTP/1.1 200 OK"
2025-04-14 06:45:59,416 - httpx - INFO - HTTP Request: POST https://api.telegram.org/bot7690359419:AAFO0dgpL0IaAP44WCMtNOTPMq5plBmPWlA/getUpdates "HTTP/1.1 200 OK"
2025-04-14 06:46:09,454 - httpx - INFO - HTTP Request: POST https://api.telegram.org/bot7690359419:AAFO0dgpL0IaAP44WCMtNOTPMq5plBmPWlA/getUpdates "HTTP/1.1 200 OK"
2025-04-14 06:46:19,490 - httpx - INFO - HTTP Request: POST https://api.telegram.org/bot7690359419:AAFO0dgpL0IaAP44WCMtNOTPMq5plBmPWlA/getUpdates "HTTP/1.1 200 OK"
2025-04-14 06:46:29,529 - httpx - INFO - HTTP Request: POST https://api.telegram.org/bot7690359419:AAFO0dgpL0IaAP44WCMtNOTPMq5plBmPWlA/getUpdates "HTTP/1.1 200 OK"
2025-04-14 06:46:39,562 - httpx - INFO - HTTP Request: POST https://api.telegram.org/bot7690359419:AAFO0dgpL0IaAP44WCMtNOTPMq5plBmPWlA/getUpdates "HTTP/1.1 200 OK"
2025-04-14 06:46:49,594 - httpx - INFO - HTTP Request: POST https://api.telegram.org/bot7690359419:AAFO0dgpL0IaAP44WCMtNOTPMq5plBmPWlA/getUpdates "HTTP/1.1 200 OK"
2025-04-14 06:46:59,633 - httpx - INFO - HTTP Request: POST https://api.telegram.org/bot7690359419:AAFO0dgpL0IaAP44WCMtNOTPMq5plBmPWlA/getUpdates "HTTP/1.1 200 OK"
2025-04-14 06:47:09,667 - httpx - INFO - HTTP Request: POST https://api.telegram.org/bot7690359419:AAFO0dgpL0IaAP44WCMtNOTPMq5plBmPWlA/getUpdates "HTTP/1.1 200 OK"
2025-04-14 06:47:19,701 - httpx - INFO - HTTP Request: POST https://api.telegram.org/bot7690359419:AAFO0dgpL0IaAP44WCMtNOTPMq5plBmPWlA/getUpdates "HTTP/1.1 200 OK"
2025-04-14 06:47:29,743 - httpx - INFO - HTTP Request: POST https://api.telegram.org/bot7690359419:AAFO0dgpL0IaAP44WCMtNOTPMq5plBmPWlA/getUpdates "HTTP/1.1 200 OK"
2025-04-14 06:47:39,778 - httpx - INFO - HTTP Request: POST https://api.telegram.org/bot7690359419:AAFO0dgpL0IaAP44WCMtNOTPMq5plBmPWlA/getUpdates "HTTP/1.1 200 OK"
2025-04-14 06:47:49,813 - httpx - INFO - HTTP Request: POST https://api.telegram.org/bot7690359419:AAFO0dgpL0IaAP44WCMtNOTPMq5plBmPWlA/getUpdates "HTTP/1.1 200 OK"
2025-04-14 06:48:50,909 - httpx - INFO - HTTP Request: POST https://api.telegram.org/bot7690359419:AAFO0dgpL0IaAP44WCMtNOTPMq5plBmPWlA/getMe "HTTP/1.1 200 OK"
2025-04-14 06:48:50,945 - httpx - INFO - HTTP Request: POST https://api.telegram.org/bot7690359419:AAFO0dgpL0IaAP44WCMtNOTPMq5plBmPWlA/deleteWebhook "HTTP/1.1 200 OK"
2025-04-14 06:48:50,946 - telegram.ext.Application - INFO - Application started
2025-04-14 06:49:01,049 - httpx - INFO - HTTP Request: POST https://api.telegram.org/bot7690359419:AAFO0dgpL0IaAP44WCMtNOTPMq5plBmPWlA/getUpdates "HTTP/1.1 200 OK"
2025-04-14 06:49:11,084 - httpx - INFO - HTTP Request: POST https://api.telegram.org/bot7690359419:AAFO0dgpL0IaAP44WCMtNOTPMq5plBmPWlA/getUpdates "HTTP/1.1 200 OK"
2025-04-14 06:49:21,121 - httpx - INFO - HTTP Request: POST https://api.telegram.org/bot7690359419:AAFO0dgpL0IaAP44WCMtNOTPMq5plBmPWlA/getUpdates "HTTP/1.1 200 OK"
2025-04-14 06:49:31,157 - httpx - INFO - HTTP Request: POST https://api.telegram.org/bot7690359419:AAFO0dgpL0IaAP44WCMtNOTPMq5plBmPWlA/getUpdates "HTTP/1.1 200 OK"
2025-04-14 06:49:41,191 - httpx - INFO - HTTP Request: POST https://api.telegram.org/bot7690359419:AAFO0dgpL0IaAP44WCMtNOTPMq5plBmPWlA/getUpdates "HTTP/1.1 200 OK"
2025-04-14 06:49:51,227 - httpx - INFO - HTTP Request: POST https://api.telegram.org/bot7690359419:AAFO0dgpL0IaAP44WCMtNOTPMq5plBmPWlA/getUpdates "HTTP/1.1 200 OK"
2025-04-14 06:50:01,259 - httpx - INFO - HTTP Request: POST https://api.telegram.org/bot7690359419:AAFO0dgpL0IaAP44WCMtNOTPMq5plBmPWlA/getUpdates "HTTP/1.1 200 OK"
2025-04-14 06:50:11,297 - httpx - INFO - HTTP Request: POST https://api.telegram.org/bot7690359419:AAFO0dgpL0IaAP44WCMtNOTPMq5plBmPWlA/getUpdates "HTTP/1.1 200 OK"
2025-04-14 06:50:21,331 - httpx - INFO - HTTP Request: POST https://api.telegram.org/bot7690359419:AAFO0dgpL0IaAP44WCMtNOTPMq5plBmPWlA/getUpdates "HTTP/1.1 200 OK"
2025-04-14 06:50:31,362 - httpx - INFO - HTTP Request: POST https://api.telegram.org/bot7690359419:AAFO0dgpL0IaAP44WCMtNOTPMq5plBmPWlA/getUpdates "HTTP/1.1 200 OK"
2025-04-14 06:50:41,396 - httpx - INFO - HTTP Request: POST https://api.telegram.org/bot7690359419:AAFO0dgpL0IaAP44WCMtNOTPMq5plBmPWlA/getUpdates "HTTP/1.1 200 OK"
2025-04-14 06:50:51,431 - httpx - INFO - HTTP Request: POST https://api.telegram.org/bot7690359419:AAFO0dgpL0IaAP44WCMtNOTPMq5plBmPWlA/getUpdates "HTTP/1.1 200 OK"
2025-04-14 06:51:01,463 - httpx - INFO - HTTP Request: POST https://api.telegram.org/bot7690359419:AAFO0dgpL0IaAP44WCMtNOTPMq5plBmPWlA/getUpdates "HTTP/1.1 200 OK"
2025-04-14 06:51:11,499 - httpx - INFO - HTTP Request: POST https://api.telegram.org/bot7690359419:AAFO0dgpL0IaAP44WCMtNOTPMq5plBmPWlA/getUpdates "HTTP/1.1 200 OK"
2025-04-14 06:51:21,531 - httpx - INFO - HTTP Request: POST https://api.telegram.org/bot7690359419:AAFO0dgpL0IaAP44WCMtNOTPMq5plBmPWlA/getUpdates "HTTP/1.1 200 OK"
2025-04-14 06:51:31,563 - httpx - INFO - HTTP Request: POST https://api.telegram.org/bot7690359419:AAFO0dgpL0IaAP44WCMtNOTPMq5plBmPWlA/getUpdates "HTTP/1.1 200 OK"
2025-04-14 06:51:41,595 - httpx - INFO - HTTP Request: POST https://api.telegram.org/bot7690359419:AAFO0dgpL0IaAP44WCMtNOTPMq5plBmPWlA/getUpdates "HTTP/1.1 200 OK"
2025-04-14 06:51:51,627 - httpx - INFO - HTTP Request: POST https://api.telegram.org/bot7690359419:AAFO0dgpL0IaAP44WCMtNOTPMq5plBmPWlA/getUpdates "HTTP/1.1 200 OK"
2025-04-14 06:52:01,659 - httpx - INFO - HTTP Request: POST https://api.telegram.org/bot7690359419:AAFO0dgpL0IaAP44WCMtNOTPMq5plBmPWlA/getUpdates "HTTP/1.1 200 OK"
2025-04-14 06:52:11,692 - httpx - INFO - HTTP Request: POST https://api.telegram.org/bot7690359419:AAFO0dgpL0IaAP44WCMtNOTPMq5plBmPWlA/getUpdates "HTTP/1.1 200 OK"
2025-04-14 06:52:21,725 - httpx - INFO - HTTP Request: POST https://api.telegram.org/bot7690359419:AAFO0dgpL0IaAP44WCMtNOTPMq5plBmPWlA/getUpdates "HTTP/1.1 200 OK"
2025-04-14 06:52:31,757 - httpx - INFO - HTTP Request: POST https://api.telegram.org/bot7690359419:AAFO0dgpL0IaAP44WCMtNOTPMq5plBmPWlA/getUpdates "HTTP/1.1 200 OK"
2025-04-14 06:52:41,790 - httpx - INFO - HTTP Request: POST https://api.telegram.org/bot7690359419:AAFO0dgpL0IaAP44WCMtNOTPMq5plBmPWlA/getUpdates "HTTP/1.1 200 OK"
2025-04-14 06:52:51,821 - httpx - INFO - HTTP Request: POST https://api.telegram.org/bot7690359419:AAFO0dgpL0IaAP44WCMtNOTPMq5plBmPWlA/getUpdates "HTTP/1.1 200 OK"
2025-04-14 06:53:01,855 - httpx - INFO - HTTP Request: POST https://api.telegram.org/bot7690359419:AAFO0dgpL0IaAP44WCMtNOTPMq5plBmPWlA/getUpdates "HTTP/1.1 200 OK"
2025-04-14 06:53:11,887 - httpx - INFO - HTTP Request: POST https://api.telegram.org/bot7690359419:AAFO0dgpL0IaAP44WCMtNOTPMq5plBmPWlA/getUpdates "HTTP/1.1 200 OK"
2025-04-14 06:53:21,920 - httpx - INFO - HTTP Request: POST https://api.telegram.org/bot7690359419:AAFO0dgpL0IaAP44WCMtNOTPMq5plBmPWlA/getUpdates "HTTP/1.1 200 OK"
2025-04-14 06:53:31,953 - httpx - INFO - HTTP Request: POST https://api.telegram.org/bot7690359419:AAFO0dgpL0IaAP44WCMtNOTPMq5plBmPWlA/getUpdates "HTTP/1.1 200 OK"
2025-04-14 06:53:41,986 - httpx - INFO - HTTP Request: POST https://api.telegram.org/bot7690359419:AAFO0dgpL0IaAP44WCMtNOTPMq5plBmPWlA/getUpdates "HTTP/1.1 200 OK"
2025-04-14 06:53:46,009 - httpx - INFO - HTTP Request: POST https://api.telegram.org/bot7690359419:AAFO0dgpL0IaAP44WCMtNOTPMq5plBmPWlA/getUpdates "HTTP/1.1 200 OK"
2025-04-14 06:53:46,011 - root - INFO - Сообщение не содержит ссылку на поддерживаемый ресурс.
2025-04-14 06:53:56,043 - httpx - INFO - HTTP Request: POST https://api.telegram.org/bot7690359419:AAFO0dgpL0IaAP44WCMtNOTPMq5plBmPWlA/getUpdates "HTTP/1.1 200 OK"
2025-04-14 06:54:06,077 - httpx - INFO - HTTP Request: POST https://api.telegram.org/bot7690359419:AAFO0dgpL0IaAP44WCMtNOTPMq5plBmPWlA/getUpdates "HTTP/1.1 200 OK"
2025-04-14 06:54:16,114 - httpx - INFO - HTTP Request: POST https://api.telegram.org/bot7690359419:AAFO0dgpL0IaAP44WCMtNOTPMq5plBmPWlA/getUpdates "HTTP/1.1 200 OK"
2025-04-14 06:54:19,250 - httpx - INFO - HTTP Request: POST https://api.telegram.org/bot7690359419:AAFO0dgpL0IaAP44WCMtNOTPMq5plBmPWlA/getUpdates "HTTP/1.1 200 OK"
2025-04-14 06:54:19,427 - httpx - INFO - HTTP Request: POST https://api.telegram.org/bot7690359419:AAFO0dgpL0IaAP44WCMtNOTPMq5plBmPWlA/sendMessage "HTTP/1.1 200 OK"
2025-04-14 06:54:19,427 - root - INFO - Начало загрузки видео по ссылке: https://www.youtube.com/watch?v=I-tzBEja3RE
2025-04-14 06:54:27,812 - httpx - INFO - HTTP Request: POST https://api.telegram.org/bot7690359419:AAFO0dgpL0IaAP44WCMtNOTPMq5plBmPWlA/sendVideo "HTTP/1.1 200 OK"
2025-04-14 06:54:27,813 - root - INFO - Видео успешно отправлено в чат: 1002559211865_video.mp4
2025-04-14 06:54:30,118 - httpx - INFO - HTTP Request: POST https://api.telegram.org/bot7690359419:AAFO0dgpL0IaAP44WCMtNOTPMq5plBmPWlA/getUpdates "HTTP/1.1 200 OK"
2025-04-14 06:54:30,751 - httpx - INFO - HTTP Request: POST https://api.telegram.org/bot7690359419:AAFO0dgpL0IaAP44WCMtNOTPMq5plBmPWlA/sendAudio "HTTP/1.1 200 OK"
2025-04-14 06:54:30,753 - root - INFO - Аудио успешно отправлено в чат: 1002559211865_audio.mp3
2025-04-14 06:54:33,779 - httpx - INFO - HTTP Request: POST https://api.telegram.org/bot7690359419:AAFO0dgpL0IaAP44WCMtNOTPMq5plBmPWlA/getUpdates "HTTP/1.1 200 OK"
2025-04-14 06:54:33,781 - telegram.ext.Application - ERROR - No error handlers are registered, logging exception.
Traceback (most recent call last):
  File "E:\Python\Python 3.12.6\Lib\site-packages\telegram\ext\_application.py", line 1298, in process_update
    await coroutine
  File "E:\Python\Python 3.12.6\Lib\site-packages\telegram\ext\_handlers\basehandler.py", line 158, in handle_update
    return await self.callback(update, context)
           ^^^^^^^^^^^^^^^^^^^^^^^^^^^^^^^^^^^^
  File "E:\ContentThieves\ContentThieves.py", line 78, in handle_message
    message_text = update.message.text
                   ^^^^^^^^^^^^^^^^^^^
AttributeError: 'NoneType' object has no attribute 'text'
2025-04-14 06:54:43,843 - httpx - INFO - HTTP Request: POST https://api.telegram.org/bot7690359419:AAFO0dgpL0IaAP44WCMtNOTPMq5plBmPWlA/getUpdates "HTTP/1.1 200 OK"
2025-04-14 06:54:53,874 - httpx - INFO - HTTP Request: POST https://api.telegram.org/bot7690359419:AAFO0dgpL0IaAP44WCMtNOTPMq5plBmPWlA/getUpdates "HTTP/1.1 200 OK"
2025-04-14 06:55:03,908 - httpx - INFO - HTTP Request: POST https://api.telegram.org/bot7690359419:AAFO0dgpL0IaAP44WCMtNOTPMq5plBmPWlA/getUpdates "HTTP/1.1 200 OK"
2025-04-14 06:55:13,949 - httpx - INFO - HTTP Request: POST https://api.telegram.org/bot7690359419:AAFO0dgpL0IaAP44WCMtNOTPMq5plBmPWlA/getUpdates "HTTP/1.1 200 OK"
2025-04-14 06:55:23,986 - httpx - INFO - HTTP Request: POST https://api.telegram.org/bot7690359419:AAFO0dgpL0IaAP44WCMtNOTPMq5plBmPWlA/getUpdates "HTTP/1.1 200 OK"
2025-04-14 06:55:34,020 - httpx - INFO - HTTP Request: POST https://api.telegram.org/bot7690359419:AAFO0dgpL0IaAP44WCMtNOTPMq5plBmPWlA/getUpdates "HTTP/1.1 200 OK"
2025-04-14 06:55:44,053 - httpx - INFO - HTTP Request: POST https://api.telegram.org/bot7690359419:AAFO0dgpL0IaAP44WCMtNOTPMq5plBmPWlA/getUpdates "HTTP/1.1 200 OK"
2025-04-14 06:55:54,092 - httpx - INFO - HTTP Request: POST https://api.telegram.org/bot7690359419:AAFO0dgpL0IaAP44WCMtNOTPMq5plBmPWlA/getUpdates "HTTP/1.1 200 OK"
2025-04-14 06:56:04,125 - httpx - INFO - HTTP Request: POST https://api.telegram.org/bot7690359419:AAFO0dgpL0IaAP44WCMtNOTPMq5plBmPWlA/getUpdates "HTTP/1.1 200 OK"
2025-04-14 06:56:14,158 - httpx - INFO - HTTP Request: POST https://api.telegram.org/bot7690359419:AAFO0dgpL0IaAP44WCMtNOTPMq5plBmPWlA/getUpdates "HTTP/1.1 200 OK"
2025-04-14 06:56:24,191 - httpx - INFO - HTTP Request: POST https://api.telegram.org/bot7690359419:AAFO0dgpL0IaAP44WCMtNOTPMq5plBmPWlA/getUpdates "HTTP/1.1 200 OK"
2025-04-14 06:56:34,224 - httpx - INFO - HTTP Request: POST https://api.telegram.org/bot7690359419:AAFO0dgpL0IaAP44WCMtNOTPMq5plBmPWlA/getUpdates "HTTP/1.1 200 OK"
2025-04-14 06:56:44,258 - httpx - INFO - HTTP Request: POST https://api.telegram.org/bot7690359419:AAFO0dgpL0IaAP44WCMtNOTPMq5plBmPWlA/getUpdates "HTTP/1.1 200 OK"
2025-04-14 06:56:50,393 - httpx - INFO - HTTP Request: POST https://api.telegram.org/bot7690359419:AAFO0dgpL0IaAP44WCMtNOTPMq5plBmPWlA/getUpdates "HTTP/1.1 200 OK"
2025-04-14 06:56:50,543 - httpx - INFO - HTTP Request: POST https://api.telegram.org/bot7690359419:AAFO0dgpL0IaAP44WCMtNOTPMq5plBmPWlA/sendMessage "HTTP/1.1 200 OK"
2025-04-14 06:56:50,544 - root - INFO - Начало загрузки видео по ссылке: https://www.youtube.com/shorts/ziMmKiM8Hpo
2025-04-14 06:56:56,725 - httpx - INFO - HTTP Request: POST https://api.telegram.org/bot7690359419:AAFO0dgpL0IaAP44WCMtNOTPMq5plBmPWlA/sendVideo "HTTP/1.1 200 OK"
2025-04-14 06:56:56,726 - root - INFO - Видео успешно отправлено в чат: 1002559211865_video.mp4
2025-04-14 06:56:57,538 - httpx - INFO - HTTP Request: POST https://api.telegram.org/bot7690359419:AAFO0dgpL0IaAP44WCMtNOTPMq5plBmPWlA/sendAudio "HTTP/1.1 200 OK"
2025-04-14 06:56:57,540 - root - INFO - Аудио успешно отправлено в чат: 1002559211865_audio.mp3
2025-04-14 06:57:00,432 - httpx - INFO - HTTP Request: POST https://api.telegram.org/bot7690359419:AAFO0dgpL0IaAP44WCMtNOTPMq5plBmPWlA/getUpdates "HTTP/1.1 200 OK"
2025-04-14 06:57:10,466 - httpx - INFO - HTTP Request: POST https://api.telegram.org/bot7690359419:AAFO0dgpL0IaAP44WCMtNOTPMq5plBmPWlA/getUpdates "HTTP/1.1 200 OK"
2025-04-14 06:57:20,498 - httpx - INFO - HTTP Request: POST https://api.telegram.org/bot7690359419:AAFO0dgpL0IaAP44WCMtNOTPMq5plBmPWlA/getUpdates "HTTP/1.1 200 OK"
2025-04-14 06:57:30,535 - httpx - INFO - HTTP Request: POST https://api.telegram.org/bot7690359419:AAFO0dgpL0IaAP44WCMtNOTPMq5plBmPWlA/getUpdates "HTTP/1.1 200 OK"
2025-04-14 06:57:40,567 - httpx - INFO - HTTP Request: POST https://api.telegram.org/bot7690359419:AAFO0dgpL0IaAP44WCMtNOTPMq5plBmPWlA/getUpdates "HTTP/1.1 200 OK"
2025-04-14 06:57:43,303 - httpx - INFO - HTTP Request: POST https://api.telegram.org/bot7690359419:AAFO0dgpL0IaAP44WCMtNOTPMq5plBmPWlA/getUpdates "HTTP/1.1 200 OK"
2025-04-14 06:57:43,305 - telegram.ext.Application - ERROR - No error handlers are registered, logging exception.
Traceback (most recent call last):
  File "E:\Python\Python 3.12.6\Lib\site-packages\telegram\ext\_application.py", line 1298, in process_update
    await coroutine
  File "E:\Python\Python 3.12.6\Lib\site-packages\telegram\ext\_handlers\basehandler.py", line 158, in handle_update
    return await self.callback(update, context)
           ^^^^^^^^^^^^^^^^^^^^^^^^^^^^^^^^^^^^
  File "E:\ContentThieves\ContentThieves.py", line 78, in handle_message
    message_text = update.message.text
                   ^^^^^^^^^^^^^^^^^^^
AttributeError: 'NoneType' object has no attribute 'text'
2025-04-14 06:57:53,342 - httpx - INFO - HTTP Request: POST https://api.telegram.org/bot7690359419:AAFO0dgpL0IaAP44WCMtNOTPMq5plBmPWlA/getUpdates "HTTP/1.1 200 OK"
2025-04-14 06:58:03,376 - httpx - INFO - HTTP Request: POST https://api.telegram.org/bot7690359419:AAFO0dgpL0IaAP44WCMtNOTPMq5plBmPWlA/getUpdates "HTTP/1.1 200 OK"
2025-04-14 06:58:13,409 - httpx - INFO - HTTP Request: POST https://api.telegram.org/bot7690359419:AAFO0dgpL0IaAP44WCMtNOTPMq5plBmPWlA/getUpdates "HTTP/1.1 200 OK"
2025-04-14 06:58:23,444 - httpx - INFO - HTTP Request: POST https://api.telegram.org/bot7690359419:AAFO0dgpL0IaAP44WCMtNOTPMq5plBmPWlA/getUpdates "HTTP/1.1 200 OK"
2025-04-14 06:58:33,478 - httpx - INFO - HTTP Request: POST https://api.telegram.org/bot7690359419:AAFO0dgpL0IaAP44WCMtNOTPMq5plBmPWlA/getUpdates "HTTP/1.1 200 OK"
2025-04-14 06:58:43,510 - httpx - INFO - HTTP Request: POST https://api.telegram.org/bot7690359419:AAFO0dgpL0IaAP44WCMtNOTPMq5plBmPWlA/getUpdates "HTTP/1.1 200 OK"
2025-04-14 06:58:53,542 - httpx - INFO - HTTP Request: POST https://api.telegram.org/bot7690359419:AAFO0dgpL0IaAP44WCMtNOTPMq5plBmPWlA/getUpdates "HTTP/1.1 200 OK"
2025-04-14 06:59:03,574 - httpx - INFO - HTTP Request: POST https://api.telegram.org/bot7690359419:AAFO0dgpL0IaAP44WCMtNOTPMq5plBmPWlA/getUpdates "HTTP/1.1 200 OK"
2025-04-14 06:59:03,872 - httpx - INFO - HTTP Request: POST https://api.telegram.org/bot7690359419:AAFO0dgpL0IaAP44WCMtNOTPMq5plBmPWlA/getUpdates "HTTP/1.1 200 OK"
2025-04-14 06:59:04,072 - httpx - INFO - HTTP Request: POST https://api.telegram.org/bot7690359419:AAFO0dgpL0IaAP44WCMtNOTPMq5plBmPWlA/sendMessage "HTTP/1.1 200 OK"
2025-04-14 06:59:04,073 - root - INFO - Начало загрузки TikTok видео по ссылке: https://vm.tiktok.com/ZMBbU2wnY/
2025-04-14 06:59:08,028 - root - ERROR - Ошибка при скачивании видео TikTok: [0;31mERROR:[0m Unsupported URL: https://www.tiktok.com/@reshbeats/photo/7448631298463173893?_d=secCgYIASAHKAESPgo8b9WdI%2BFCiVLdP5AXHaKD9v5%2B7Pfua6mzBuB4HolBRjh4SEt0BF2ivB0fl0K114uwZ89nBYOchLSb75gMGgA%3D&_r=1&_svg=1&aweme_type=150&checksum=99967be7d1a25b00bdbe74e0238a79fc3a364af4c9dd02eed54eea8c41dbe444&cover_exp=v1&link_reflow_popup_iteration_sharer=%7B%22click_empty_to_play%22%3A1%2C%22dynamic_cover%22%3A1%2C%22follow_to_play_duration%22%3A-1.0%2C%22profile_clickable%22%3A1%7D&pic_cnt=1&preview_pb=0&sec_user_id=MS4wLjABAAAAmbwDIbzXwZV23fW-9qvEGVawk9rMbjMPWNIr1gBijbjmRYtLJ-QbqN2s3Xek46_p&share_app_id=1233&share_item_id=7448631298463173893&share_link_id=85ca599f-902a-4a19-944d-76c63b4f6acb&sharer_language=ru&social_share_type=14&source=h5_m&timestamp=1744606732&u_code=de396ml3id48fg&ug_btm=b8727%2Cb2878&ug_photo_idx=0&ugbiz_name=UNKNOWN&user_id=6862521316919657477&utm_campaign=client_share&utm_medium=android&utm_source=telegram
2025-04-14 06:59:08,283 - httpx - INFO - HTTP Request: POST https://api.telegram.org/bot7690359419:AAFO0dgpL0IaAP44WCMtNOTPMq5plBmPWlA/sendMessage "HTTP/1.1 200 OK"
2025-04-14 06:59:13,908 - httpx - INFO - HTTP Request: POST https://api.telegram.org/bot7690359419:AAFO0dgpL0IaAP44WCMtNOTPMq5plBmPWlA/getUpdates "HTTP/1.1 200 OK"
2025-04-14 06:59:23,939 - httpx - INFO - HTTP Request: POST https://api.telegram.org/bot7690359419:AAFO0dgpL0IaAP44WCMtNOTPMq5plBmPWlA/getUpdates "HTTP/1.1 200 OK"
2025-04-14 06:59:33,975 - httpx - INFO - HTTP Request: POST https://api.telegram.org/bot7690359419:AAFO0dgpL0IaAP44WCMtNOTPMq5plBmPWlA/getUpdates "HTTP/1.1 200 OK"
2025-04-14 06:59:44,007 - httpx - INFO - HTTP Request: POST https://api.telegram.org/bot7690359419:AAFO0dgpL0IaAP44WCMtNOTPMq5plBmPWlA/getUpdates "HTTP/1.1 200 OK"
2025-04-14 06:59:45,416 - httpx - INFO - HTTP Request: POST https://api.telegram.org/bot7690359419:AAFO0dgpL0IaAP44WCMtNOTPMq5plBmPWlA/getUpdates "HTTP/1.1 200 OK"
2025-04-14 06:59:45,418 - root - INFO - Сообщение не содержит ссылку на поддерживаемый ресурс.
2025-04-14 06:59:55,452 - httpx - INFO - HTTP Request: POST https://api.telegram.org/bot7690359419:AAFO0dgpL0IaAP44WCMtNOTPMq5plBmPWlA/getUpdates "HTTP/1.1 200 OK"
2025-04-14 07:00:05,487 - httpx - INFO - HTTP Request: POST https://api.telegram.org/bot7690359419:AAFO0dgpL0IaAP44WCMtNOTPMq5plBmPWlA/getUpdates "HTTP/1.1 200 OK"
2025-04-14 07:00:15,527 - httpx - INFO - HTTP Request: POST https://api.telegram.org/bot7690359419:AAFO0dgpL0IaAP44WCMtNOTPMq5plBmPWlA/getUpdates "HTTP/1.1 200 OK"
2025-04-14 07:00:25,562 - httpx - INFO - HTTP Request: POST https://api.telegram.org/bot7690359419:AAFO0dgpL0IaAP44WCMtNOTPMq5plBmPWlA/getUpdates "HTTP/1.1 200 OK"
2025-04-14 07:00:35,596 - httpx - INFO - HTTP Request: POST https://api.telegram.org/bot7690359419:AAFO0dgpL0IaAP44WCMtNOTPMq5plBmPWlA/getUpdates "HTTP/1.1 200 OK"
2025-04-14 07:00:40,622 - httpx - INFO - HTTP Request: POST https://api.telegram.org/bot7690359419:AAFO0dgpL0IaAP44WCMtNOTPMq5plBmPWlA/getUpdates "HTTP/1.1 200 OK"
2025-04-14 07:00:40,623 - telegram.ext.Application - INFO - Application is stopping. This might take a moment.
2025-04-14 07:00:40,623 - telegram.ext.Application - INFO - Application.stop() complete
2025-04-14 07:03:59,825 - httpx - INFO - HTTP Request: POST https://api.telegram.org/bot7690359419:AAFO0dgpL0IaAP44WCMtNOTPMq5plBmPWlA/getMe "HTTP/1.1 200 OK"
2025-04-14 07:03:59,863 - httpx - INFO - HTTP Request: POST https://api.telegram.org/bot7690359419:AAFO0dgpL0IaAP44WCMtNOTPMq5plBmPWlA/deleteWebhook "HTTP/1.1 200 OK"
2025-04-14 07:03:59,864 - telegram.ext.Application - INFO - Application started
2025-04-14 07:03:59,967 - httpx - INFO - HTTP Request: POST https://api.telegram.org/bot7690359419:AAFO0dgpL0IaAP44WCMtNOTPMq5plBmPWlA/getUpdates "HTTP/1.1 200 OK"
2025-04-14 07:03:59,969 - root - INFO - Сообщение не содержит ссылку на поддерживаемый ресурс.
2025-04-14 07:04:00,031 - httpx - INFO - HTTP Request: POST https://api.telegram.org/bot7690359419:AAFO0dgpL0IaAP44WCMtNOTPMq5plBmPWlA/sendMessage "HTTP/1.1 200 OK"
2025-04-14 07:04:00,032 - root - INFO - Начало загрузки TikTok видео по ссылке: https://vm.tiktok.com/ZMBbUJKaD/
2025-04-14 07:04:03,141 - root - ERROR - Ошибка при скачивании видео TikTok: [0;31mERROR:[0m Unsupported URL: https://www.tiktok.com/@reshbeats/photo/7448631298463173893?_d=secCgYIASAHKAESPgo8YpqHLA4cH8orJPB0hpMH0J2Il6iGMMtR8axlR1QtxwmGM7iLrm0t167pazJUTlC9CBUbvN8x4Cz5%2F4u1GgA%3D&_r=1&_svg=1&aweme_type=150&checksum=8145d93708789325373f42291c2825a112c9c9efeed9031ff77f498b12060988&cover_exp=v1&link_reflow_popup_iteration_sharer=%7B%22click_empty_to_play%22%3A1%2C%22dynamic_cover%22%3A1%2C%22follow_to_play_duration%22%3A-1.0%2C%22profile_clickable%22%3A1%7D&pic_cnt=1&preview_pb=0&sec_user_id=MS4wLjABAAAAmbwDIbzXwZV23fW-9qvEGVawk9rMbjMPWNIr1gBijbjmRYtLJ-QbqN2s3Xek46_p&share_app_id=1233&share_item_id=7448631298463173893&share_link_id=e94bd156-9969-4ce3-9318-84c4ef1aa799&sharer_language=ru&social_share_type=14&source=h5_m&timestamp=1744607008&u_code=de396ml3id48fg&ug_btm=b8727%2Cb2878&ug_photo_idx=0&ugbiz_name=UNKNOWN&user_id=6862521316919657477&utm_campaign=client_share&utm_medium=android&utm_source=telegram
2025-04-14 07:04:03,199 - httpx - INFO - HTTP Request: POST https://api.telegram.org/bot7690359419:AAFO0dgpL0IaAP44WCMtNOTPMq5plBmPWlA/sendMessage "HTTP/1.1 200 OK"
2025-04-14 07:04:10,010 - httpx - INFO - HTTP Request: POST https://api.telegram.org/bot7690359419:AAFO0dgpL0IaAP44WCMtNOTPMq5plBmPWlA/getUpdates "HTTP/1.1 200 OK"
2025-04-14 07:04:20,045 - httpx - INFO - HTTP Request: POST https://api.telegram.org/bot7690359419:AAFO0dgpL0IaAP44WCMtNOTPMq5plBmPWlA/getUpdates "HTTP/1.1 200 OK"
2025-04-14 07:04:27,757 - httpx - INFO - HTTP Request: POST https://api.telegram.org/bot7690359419:AAFO0dgpL0IaAP44WCMtNOTPMq5plBmPWlA/getUpdates "HTTP/1.1 200 OK"
2025-04-14 07:04:27,946 - httpx - INFO - HTTP Request: POST https://api.telegram.org/bot7690359419:AAFO0dgpL0IaAP44WCMtNOTPMq5plBmPWlA/sendMessage "HTTP/1.1 200 OK"
2025-04-14 07:04:27,947 - root - INFO - Начало загрузки TikTok видео по ссылке: https://vm.tiktok.com/ZMBbDEdkP/
2025-04-14 07:04:29,482 - root - ERROR - Ошибка при скачивании видео TikTok: [0;31mERROR:[0m Unsupported URL: https://www.tiktok.com/@reshbeats/photo/7448631298463173893?_d=secCgYIASAHKAESPgo8hZsszig%2BGLWhdrsT3SlWHhBJdLRdkdsbah%2BunGhqdtljIpQXlWvlLFGQU7MrfcUsS536YGHHVZvgyxctGgA%3D&_r=1&_svg=1&aweme_type=150&checksum=eef46f677162dd83323c0575b53fcd9b8ace095ad8409e3e1580426390f1dc74&cover_exp=v1&link_reflow_popup_iteration_sharer=%7B%22click_empty_to_play%22%3A1%2C%22dynamic_cover%22%3A1%2C%22follow_to_play_duration%22%3A-1.0%2C%22profile_clickable%22%3A1%7D&pic_cnt=1&preview_pb=0&sec_user_id=MS4wLjABAAAAmbwDIbzXwZV23fW-9qvEGVawk9rMbjMPWNIr1gBijbjmRYtLJ-QbqN2s3Xek46_p&share_app_id=1233&share_item_id=7448631298463173893&share_link_id=ed96376e-1e28-41e6-914c-36c277b8aa2b&sharer_language=ru&social_share_type=14&source=h5_m&timestamp=1744607060&u_code=de396ml3id48fg&ug_btm=b8727%2Cb2878&ug_photo_idx=0&ugbiz_name=UNKNOWN&user_id=6862521316919657477&utm_campaign=client_share&utm_medium=android&utm_source=telegram
2025-04-14 07:04:29,539 - httpx - INFO - HTTP Request: POST https://api.telegram.org/bot7690359419:AAFO0dgpL0IaAP44WCMtNOTPMq5plBmPWlA/sendMessage "HTTP/1.1 200 OK"
2025-04-14 07:04:37,794 - httpx - INFO - HTTP Request: POST https://api.telegram.org/bot7690359419:AAFO0dgpL0IaAP44WCMtNOTPMq5plBmPWlA/getUpdates "HTTP/1.1 200 OK"
2025-04-14 07:04:47,830 - httpx - INFO - HTTP Request: POST https://api.telegram.org/bot7690359419:AAFO0dgpL0IaAP44WCMtNOTPMq5plBmPWlA/getUpdates "HTTP/1.1 200 OK"
2025-04-14 07:04:57,867 - httpx - INFO - HTTP Request: POST https://api.telegram.org/bot7690359419:AAFO0dgpL0IaAP44WCMtNOTPMq5plBmPWlA/getUpdates "HTTP/1.1 200 OK"
2025-04-14 07:05:07,907 - httpx - INFO - HTTP Request: POST https://api.telegram.org/bot7690359419:AAFO0dgpL0IaAP44WCMtNOTPMq5plBmPWlA/getUpdates "HTTP/1.1 200 OK"
2025-04-14 07:05:12,465 - httpx - INFO - HTTP Request: POST https://api.telegram.org/bot7690359419:AAFO0dgpL0IaAP44WCMtNOTPMq5plBmPWlA/getUpdates "HTTP/1.1 200 OK"
2025-04-14 07:05:12,641 - httpx - INFO - HTTP Request: POST https://api.telegram.org/bot7690359419:AAFO0dgpL0IaAP44WCMtNOTPMq5plBmPWlA/sendMessage "HTTP/1.1 200 OK"
2025-04-14 07:05:12,642 - root - INFO - Начало загрузки TikTok видео по ссылке: https://www.tiktok.com/@catsmemoir/video/7489499721707392298
2025-04-14 07:05:14,304 - httpx - INFO - HTTP Request: POST https://api.telegram.org/bot7690359419:AAFO0dgpL0IaAP44WCMtNOTPMq5plBmPWlA/sendVideo "HTTP/1.1 200 OK"
2025-04-14 07:05:14,305 - root - INFO - Видео TikTok успешно отправлено в чат: 524626692_tiktok.mp4
2025-04-14 07:05:22,504 - httpx - INFO - HTTP Request: POST https://api.telegram.org/bot7690359419:AAFO0dgpL0IaAP44WCMtNOTPMq5plBmPWlA/getUpdates "HTTP/1.1 200 OK"
2025-04-14 07:05:32,537 - httpx - INFO - HTTP Request: POST https://api.telegram.org/bot7690359419:AAFO0dgpL0IaAP44WCMtNOTPMq5plBmPWlA/getUpdates "HTTP/1.1 200 OK"
2025-04-14 07:05:42,574 - httpx - INFO - HTTP Request: POST https://api.telegram.org/bot7690359419:AAFO0dgpL0IaAP44WCMtNOTPMq5plBmPWlA/getUpdates "HTTP/1.1 200 OK"
2025-04-14 07:05:52,611 - httpx - INFO - HTTP Request: POST https://api.telegram.org/bot7690359419:AAFO0dgpL0IaAP44WCMtNOTPMq5plBmPWlA/getUpdates "HTTP/1.1 200 OK"
2025-04-14 07:06:02,647 - httpx - INFO - HTTP Request: POST https://api.telegram.org/bot7690359419:AAFO0dgpL0IaAP44WCMtNOTPMq5plBmPWlA/getUpdates "HTTP/1.1 200 OK"
2025-04-14 07:06:06,755 - httpx - INFO - HTTP Request: POST https://api.telegram.org/bot7690359419:AAFO0dgpL0IaAP44WCMtNOTPMq5plBmPWlA/getUpdates "HTTP/1.1 200 OK"
2025-04-14 07:06:06,756 - root - INFO - Сообщение не содержит ссылку на поддерживаемый ресурс.
2025-04-14 07:06:16,799 - httpx - INFO - HTTP Request: POST https://api.telegram.org/bot7690359419:AAFO0dgpL0IaAP44WCMtNOTPMq5plBmPWlA/getUpdates "HTTP/1.1 200 OK"
2025-04-14 07:06:26,835 - httpx - INFO - HTTP Request: POST https://api.telegram.org/bot7690359419:AAFO0dgpL0IaAP44WCMtNOTPMq5plBmPWlA/getUpdates "HTTP/1.1 200 OK"
2025-04-14 07:06:36,866 - httpx - INFO - HTTP Request: POST https://api.telegram.org/bot7690359419:AAFO0dgpL0IaAP44WCMtNOTPMq5plBmPWlA/getUpdates "HTTP/1.1 200 OK"
2025-04-14 07:06:46,902 - httpx - INFO - HTTP Request: POST https://api.telegram.org/bot7690359419:AAFO0dgpL0IaAP44WCMtNOTPMq5plBmPWlA/getUpdates "HTTP/1.1 200 OK"
2025-04-14 07:06:56,949 - httpx - INFO - HTTP Request: POST https://api.telegram.org/bot7690359419:AAFO0dgpL0IaAP44WCMtNOTPMq5plBmPWlA/getUpdates "HTTP/1.1 200 OK"
2025-04-14 07:07:06,986 - httpx - INFO - HTTP Request: POST https://api.telegram.org/bot7690359419:AAFO0dgpL0IaAP44WCMtNOTPMq5plBmPWlA/getUpdates "HTTP/1.1 200 OK"
2025-04-14 07:07:17,024 - httpx - INFO - HTTP Request: POST https://api.telegram.org/bot7690359419:AAFO0dgpL0IaAP44WCMtNOTPMq5plBmPWlA/getUpdates "HTTP/1.1 200 OK"
2025-04-14 07:07:19,787 - httpx - INFO - HTTP Request: POST https://api.telegram.org/bot7690359419:AAFO0dgpL0IaAP44WCMtNOTPMq5plBmPWlA/getUpdates "HTTP/1.1 200 OK"
2025-04-14 07:07:19,931 - httpx - INFO - HTTP Request: POST https://api.telegram.org/bot7690359419:AAFO0dgpL0IaAP44WCMtNOTPMq5plBmPWlA/sendMessage "HTTP/1.1 200 OK"
2025-04-14 07:07:19,933 - root - INFO - Начало загрузки TikTok видео по ссылке: https://vm.tiktok.com/ZMBbUFmPc/
2025-04-14 07:10:02,710 - httpx - INFO - HTTP Request: POST https://api.telegram.org/bot7690359419:AAFO0dgpL0IaAP44WCMtNOTPMq5plBmPWlA/getMe "HTTP/1.1 200 OK"
2025-04-14 07:10:02,745 - httpx - INFO - HTTP Request: POST https://api.telegram.org/bot7690359419:AAFO0dgpL0IaAP44WCMtNOTPMq5plBmPWlA/deleteWebhook "HTTP/1.1 200 OK"
2025-04-14 07:10:02,746 - telegram.ext.Application - INFO - Application started
2025-04-14 07:10:02,847 - httpx - INFO - HTTP Request: POST https://api.telegram.org/bot7690359419:AAFO0dgpL0IaAP44WCMtNOTPMq5plBmPWlA/getUpdates "HTTP/1.1 200 OK"
2025-04-14 07:10:02,974 - httpx - INFO - HTTP Request: POST https://api.telegram.org/bot7690359419:AAFO0dgpL0IaAP44WCMtNOTPMq5plBmPWlA/sendMessage "HTTP/1.1 200 OK"
2025-04-14 07:10:02,975 - root - INFO - Начало загрузки TikTok видео по ссылке: https://vm.tiktok.com/ZMBbDTUC9/
2025-04-14 07:10:08,057 - httpx - INFO - HTTP Request: POST https://api.telegram.org/bot7690359419:AAFO0dgpL0IaAP44WCMtNOTPMq5plBmPWlA/sendVideo "HTTP/1.1 200 OK"
2025-04-14 07:10:08,058 - root - INFO - Видео TikTok успешно отправлено в чат: 524626692_tiktok.mp4
2025-04-14 07:10:12,889 - httpx - INFO - HTTP Request: POST https://api.telegram.org/bot7690359419:AAFO0dgpL0IaAP44WCMtNOTPMq5plBmPWlA/getUpdates "HTTP/1.1 200 OK"
2025-04-14 07:10:22,924 - httpx - INFO - HTTP Request: POST https://api.telegram.org/bot7690359419:AAFO0dgpL0IaAP44WCMtNOTPMq5plBmPWlA/getUpdates "HTTP/1.1 200 OK"
2025-04-14 07:10:32,957 - httpx - INFO - HTTP Request: POST https://api.telegram.org/bot7690359419:AAFO0dgpL0IaAP44WCMtNOTPMq5plBmPWlA/getUpdates "HTTP/1.1 200 OK"
2025-04-14 07:10:42,990 - httpx - INFO - HTTP Request: POST https://api.telegram.org/bot7690359419:AAFO0dgpL0IaAP44WCMtNOTPMq5plBmPWlA/getUpdates "HTTP/1.1 200 OK"
2025-04-14 07:10:53,026 - httpx - INFO - HTTP Request: POST https://api.telegram.org/bot7690359419:AAFO0dgpL0IaAP44WCMtNOTPMq5plBmPWlA/getUpdates "HTTP/1.1 200 OK"
2025-04-14 07:11:03,059 - httpx - INFO - HTTP Request: POST https://api.telegram.org/bot7690359419:AAFO0dgpL0IaAP44WCMtNOTPMq5plBmPWlA/getUpdates "HTTP/1.1 200 OK"
2025-04-14 07:11:13,093 - httpx - INFO - HTTP Request: POST https://api.telegram.org/bot7690359419:AAFO0dgpL0IaAP44WCMtNOTPMq5plBmPWlA/getUpdates "HTTP/1.1 200 OK"
2025-04-14 07:11:23,132 - httpx - INFO - HTTP Request: POST https://api.telegram.org/bot7690359419:AAFO0dgpL0IaAP44WCMtNOTPMq5plBmPWlA/getUpdates "HTTP/1.1 200 OK"
2025-04-14 07:11:33,171 - httpx - INFO - HTTP Request: POST https://api.telegram.org/bot7690359419:AAFO0dgpL0IaAP44WCMtNOTPMq5plBmPWlA/getUpdates "HTTP/1.1 200 OK"
2025-04-14 07:11:43,208 - httpx - INFO - HTTP Request: POST https://api.telegram.org/bot7690359419:AAFO0dgpL0IaAP44WCMtNOTPMq5plBmPWlA/getUpdates "HTTP/1.1 200 OK"
2025-04-14 07:11:53,240 - httpx - INFO - HTTP Request: POST https://api.telegram.org/bot7690359419:AAFO0dgpL0IaAP44WCMtNOTPMq5plBmPWlA/getUpdates "HTTP/1.1 200 OK"
2025-04-14 07:12:03,273 - httpx - INFO - HTTP Request: POST https://api.telegram.org/bot7690359419:AAFO0dgpL0IaAP44WCMtNOTPMq5plBmPWlA/getUpdates "HTTP/1.1 200 OK"
2025-04-14 07:12:13,306 - httpx - INFO - HTTP Request: POST https://api.telegram.org/bot7690359419:AAFO0dgpL0IaAP44WCMtNOTPMq5plBmPWlA/getUpdates "HTTP/1.1 200 OK"
2025-04-14 07:12:23,339 - httpx - INFO - HTTP Request: POST https://api.telegram.org/bot7690359419:AAFO0dgpL0IaAP44WCMtNOTPMq5plBmPWlA/getUpdates "HTTP/1.1 200 OK"
2025-04-14 07:12:33,376 - httpx - INFO - HTTP Request: POST https://api.telegram.org/bot7690359419:AAFO0dgpL0IaAP44WCMtNOTPMq5plBmPWlA/getUpdates "HTTP/1.1 200 OK"
2025-04-14 07:12:43,408 - httpx - INFO - HTTP Request: POST https://api.telegram.org/bot7690359419:AAFO0dgpL0IaAP44WCMtNOTPMq5plBmPWlA/getUpdates "HTTP/1.1 200 OK"
2025-04-14 07:13:25,230 - httpx - INFO - HTTP Request: POST https://api.telegram.org/bot7690359419:AAFO0dgpL0IaAP44WCMtNOTPMq5plBmPWlA/getMe "HTTP/1.1 200 OK"
2025-04-14 07:13:25,265 - httpx - INFO - HTTP Request: POST https://api.telegram.org/bot7690359419:AAFO0dgpL0IaAP44WCMtNOTPMq5plBmPWlA/deleteWebhook "HTTP/1.1 200 OK"
2025-04-14 07:13:25,267 - telegram.ext.Application - INFO - Application started
2025-04-14 07:13:35,376 - httpx - INFO - HTTP Request: POST https://api.telegram.org/bot7690359419:AAFO0dgpL0IaAP44WCMtNOTPMq5plBmPWlA/getUpdates "HTTP/1.1 200 OK"
2025-04-14 07:13:45,413 - httpx - INFO - HTTP Request: POST https://api.telegram.org/bot7690359419:AAFO0dgpL0IaAP44WCMtNOTPMq5plBmPWlA/getUpdates "HTTP/1.1 200 OK"
2025-04-14 07:13:53,267 - httpx - INFO - HTTP Request: POST https://api.telegram.org/bot7690359419:AAFO0dgpL0IaAP44WCMtNOTPMq5plBmPWlA/getUpdates "HTTP/1.1 200 OK"
2025-04-14 07:13:53,442 - httpx - INFO - HTTP Request: POST https://api.telegram.org/bot7690359419:AAFO0dgpL0IaAP44WCMtNOTPMq5plBmPWlA/sendMessage "HTTP/1.1 200 OK"
2025-04-14 07:13:53,443 - root - INFO - Начало загрузки TikTok видео по ссылке: https://vm.tiktok.com/ZMBbUV7Db/
2025-04-14 07:13:58,319 - httpx - INFO - HTTP Request: POST https://api.telegram.org/bot7690359419:AAFO0dgpL0IaAP44WCMtNOTPMq5plBmPWlA/sendVideo "HTTP/1.1 200 OK"
2025-04-14 07:13:58,321 - root - INFO - Видео TikTok успешно отправлено в чат: 524626692_tiktok.mp4
2025-04-14 07:13:59,279 - httpx - INFO - HTTP Request: POST https://api.telegram.org/bot7690359419:AAFO0dgpL0IaAP44WCMtNOTPMq5plBmPWlA/sendAudio "HTTP/1.1 200 OK"
2025-04-14 07:13:59,280 - root - INFO - Аудио успешно отправлено в чат: 524626692_audio.mp3
2025-04-14 07:14:03,310 - httpx - INFO - HTTP Request: POST https://api.telegram.org/bot7690359419:AAFO0dgpL0IaAP44WCMtNOTPMq5plBmPWlA/getUpdates "HTTP/1.1 200 OK"
2025-04-14 07:14:13,342 - httpx - INFO - HTTP Request: POST https://api.telegram.org/bot7690359419:AAFO0dgpL0IaAP44WCMtNOTPMq5plBmPWlA/getUpdates "HTTP/1.1 200 OK"
2025-04-14 07:14:19,463 - httpx - INFO - HTTP Request: POST https://api.telegram.org/bot7690359419:AAFO0dgpL0IaAP44WCMtNOTPMq5plBmPWlA/getUpdates "HTTP/1.1 200 OK"
2025-04-14 07:14:19,503 - httpx - INFO - HTTP Request: POST https://api.telegram.org/bot7690359419:AAFO0dgpL0IaAP44WCMtNOTPMq5plBmPWlA/getUpdates "HTTP/1.1 200 OK"
2025-04-14 07:14:19,594 - httpx - INFO - HTTP Request: POST https://api.telegram.org/bot7690359419:AAFO0dgpL0IaAP44WCMtNOTPMq5plBmPWlA/sendMessage "HTTP/1.1 200 OK"
2025-04-14 07:14:19,595 - root - INFO - Начало загрузки TikTok видео по ссылке: https://vm.tiktok.com/ZMBbUy3P5/
2025-04-14 07:14:23,846 - httpx - INFO - HTTP Request: POST https://api.telegram.org/bot7690359419:AAFO0dgpL0IaAP44WCMtNOTPMq5plBmPWlA/sendVideo "HTTP/1.1 200 OK"
2025-04-14 07:14:23,847 - root - INFO - Видео TikTok успешно отправлено в чат: 524626692_tiktok.mp4
2025-04-14 07:14:24,886 - httpx - INFO - HTTP Request: POST https://api.telegram.org/bot7690359419:AAFO0dgpL0IaAP44WCMtNOTPMq5plBmPWlA/sendAudio "HTTP/1.1 200 OK"
2025-04-14 07:14:24,888 - root - INFO - Аудио успешно отправлено в чат: 524626692_audio.mp3
2025-04-14 07:14:24,892 - root - INFO - Сообщение не содержит ссылку на поддерживаемый ресурс.
2025-04-14 07:14:29,544 - httpx - INFO - HTTP Request: POST https://api.telegram.org/bot7690359419:AAFO0dgpL0IaAP44WCMtNOTPMq5plBmPWlA/getUpdates "HTTP/1.1 200 OK"
2025-04-14 07:14:39,577 - httpx - INFO - HTTP Request: POST https://api.telegram.org/bot7690359419:AAFO0dgpL0IaAP44WCMtNOTPMq5plBmPWlA/getUpdates "HTTP/1.1 200 OK"
2025-04-14 07:14:49,611 - httpx - INFO - HTTP Request: POST https://api.telegram.org/bot7690359419:AAFO0dgpL0IaAP44WCMtNOTPMq5plBmPWlA/getUpdates "HTTP/1.1 200 OK"
2025-04-14 07:14:59,644 - httpx - INFO - HTTP Request: POST https://api.telegram.org/bot7690359419:AAFO0dgpL0IaAP44WCMtNOTPMq5plBmPWlA/getUpdates "HTTP/1.1 200 OK"
2025-04-14 07:15:09,678 - httpx - INFO - HTTP Request: POST https://api.telegram.org/bot7690359419:AAFO0dgpL0IaAP44WCMtNOTPMq5plBmPWlA/getUpdates "HTTP/1.1 200 OK"
2025-04-14 07:15:11,937 - httpx - INFO - HTTP Request: POST https://api.telegram.org/bot7690359419:AAFO0dgpL0IaAP44WCMtNOTPMq5plBmPWlA/getUpdates "HTTP/1.1 200 OK"
2025-04-14 07:15:11,969 - httpx - INFO - HTTP Request: POST https://api.telegram.org/bot7690359419:AAFO0dgpL0IaAP44WCMtNOTPMq5plBmPWlA/getUpdates "HTTP/1.1 200 OK"
2025-04-14 07:15:22,006 - httpx - INFO - HTTP Request: POST https://api.telegram.org/bot7690359419:AAFO0dgpL0IaAP44WCMtNOTPMq5plBmPWlA/getUpdates "HTTP/1.1 200 OK"
2025-04-14 07:15:32,040 - httpx - INFO - HTTP Request: POST https://api.telegram.org/bot7690359419:AAFO0dgpL0IaAP44WCMtNOTPMq5plBmPWlA/getUpdates "HTTP/1.1 200 OK"
2025-04-14 07:15:42,072 - httpx - INFO - HTTP Request: POST https://api.telegram.org/bot7690359419:AAFO0dgpL0IaAP44WCMtNOTPMq5plBmPWlA/getUpdates "HTTP/1.1 200 OK"
2025-04-14 07:15:52,105 - httpx - INFO - HTTP Request: POST https://api.telegram.org/bot7690359419:AAFO0dgpL0IaAP44WCMtNOTPMq5plBmPWlA/getUpdates "HTTP/1.1 200 OK"
2025-04-14 07:16:02,141 - httpx - INFO - HTTP Request: POST https://api.telegram.org/bot7690359419:AAFO0dgpL0IaAP44WCMtNOTPMq5plBmPWlA/getUpdates "HTTP/1.1 200 OK"
2025-04-14 07:16:12,174 - httpx - INFO - HTTP Request: POST https://api.telegram.org/bot7690359419:AAFO0dgpL0IaAP44WCMtNOTPMq5plBmPWlA/getUpdates "HTTP/1.1 200 OK"
2025-04-14 07:16:22,208 - httpx - INFO - HTTP Request: POST https://api.telegram.org/bot7690359419:AAFO0dgpL0IaAP44WCMtNOTPMq5plBmPWlA/getUpdates "HTTP/1.1 200 OK"
2025-04-14 07:16:32,242 - httpx - INFO - HTTP Request: POST https://api.telegram.org/bot7690359419:AAFO0dgpL0IaAP44WCMtNOTPMq5plBmPWlA/getUpdates "HTTP/1.1 200 OK"
2025-04-14 07:16:42,274 - httpx - INFO - HTTP Request: POST https://api.telegram.org/bot7690359419:AAFO0dgpL0IaAP44WCMtNOTPMq5plBmPWlA/getUpdates "HTTP/1.1 200 OK"
2025-04-14 07:16:52,319 - httpx - INFO - HTTP Request: POST https://api.telegram.org/bot7690359419:AAFO0dgpL0IaAP44WCMtNOTPMq5plBmPWlA/getUpdates "HTTP/1.1 200 OK"
2025-04-14 07:17:02,351 - httpx - INFO - HTTP Request: POST https://api.telegram.org/bot7690359419:AAFO0dgpL0IaAP44WCMtNOTPMq5plBmPWlA/getUpdates "HTTP/1.1 200 OK"
2025-04-14 07:17:12,384 - httpx - INFO - HTTP Request: POST https://api.telegram.org/bot7690359419:AAFO0dgpL0IaAP44WCMtNOTPMq5plBmPWlA/getUpdates "HTTP/1.1 200 OK"
2025-04-14 07:17:22,416 - httpx - INFO - HTTP Request: POST https://api.telegram.org/bot7690359419:AAFO0dgpL0IaAP44WCMtNOTPMq5plBmPWlA/getUpdates "HTTP/1.1 200 OK"
2025-04-14 07:17:32,450 - httpx - INFO - HTTP Request: POST https://api.telegram.org/bot7690359419:AAFO0dgpL0IaAP44WCMtNOTPMq5plBmPWlA/getUpdates "HTTP/1.1 200 OK"
2025-04-14 07:17:42,486 - httpx - INFO - HTTP Request: POST https://api.telegram.org/bot7690359419:AAFO0dgpL0IaAP44WCMtNOTPMq5plBmPWlA/getUpdates "HTTP/1.1 200 OK"
2025-04-14 07:17:52,521 - httpx - INFO - HTTP Request: POST https://api.telegram.org/bot7690359419:AAFO0dgpL0IaAP44WCMtNOTPMq5plBmPWlA/getUpdates "HTTP/1.1 200 OK"
2025-04-14 07:18:02,555 - httpx - INFO - HTTP Request: POST https://api.telegram.org/bot7690359419:AAFO0dgpL0IaAP44WCMtNOTPMq5plBmPWlA/getUpdates "HTTP/1.1 200 OK"
2025-04-14 07:18:12,594 - httpx - INFO - HTTP Request: POST https://api.telegram.org/bot7690359419:AAFO0dgpL0IaAP44WCMtNOTPMq5plBmPWlA/getUpdates "HTTP/1.1 200 OK"
2025-04-14 07:18:22,631 - httpx - INFO - HTTP Request: POST https://api.telegram.org/bot7690359419:AAFO0dgpL0IaAP44WCMtNOTPMq5plBmPWlA/getUpdates "HTTP/1.1 200 OK"
2025-04-14 07:18:32,665 - httpx - INFO - HTTP Request: POST https://api.telegram.org/bot7690359419:AAFO0dgpL0IaAP44WCMtNOTPMq5plBmPWlA/getUpdates "HTTP/1.1 200 OK"
2025-04-14 07:18:42,698 - httpx - INFO - HTTP Request: POST https://api.telegram.org/bot7690359419:AAFO0dgpL0IaAP44WCMtNOTPMq5plBmPWlA/getUpdates "HTTP/1.1 200 OK"
2025-04-14 07:18:52,730 - httpx - INFO - HTTP Request: POST https://api.telegram.org/bot7690359419:AAFO0dgpL0IaAP44WCMtNOTPMq5plBmPWlA/getUpdates "HTTP/1.1 200 OK"
2025-04-14 07:19:02,767 - httpx - INFO - HTTP Request: POST https://api.telegram.org/bot7690359419:AAFO0dgpL0IaAP44WCMtNOTPMq5plBmPWlA/getUpdates "HTTP/1.1 200 OK"
2025-04-14 07:19:12,356 - httpx - INFO - HTTP Request: POST https://api.telegram.org/bot7690359419:AAFO0dgpL0IaAP44WCMtNOTPMq5plBmPWlA/getUpdates "HTTP/1.1 200 OK"
2025-04-14 07:19:12,433 - httpx - INFO - HTTP Request: POST https://api.telegram.org/bot7690359419:AAFO0dgpL0IaAP44WCMtNOTPMq5plBmPWlA/getUpdates "HTTP/1.1 200 OK"
2025-04-14 07:19:12,528 - httpx - INFO - HTTP Request: POST https://api.telegram.org/bot7690359419:AAFO0dgpL0IaAP44WCMtNOTPMq5plBmPWlA/sendMessage "HTTP/1.1 200 OK"
2025-04-14 07:19:12,529 - root - INFO - Начало загрузки TikTok видео по ссылке: https://vm.tiktok.com/ZMBbUm7SU/
2025-04-14 07:19:16,599 - httpx - INFO - HTTP Request: POST https://api.telegram.org/bot7690359419:AAFO0dgpL0IaAP44WCMtNOTPMq5plBmPWlA/sendVideo "HTTP/1.1 200 OK"
2025-04-14 07:19:16,601 - root - INFO - Видео TikTok успешно отправлено в чат: 1002559211865_tiktok.mp4
2025-04-14 07:19:17,778 - httpx - INFO - HTTP Request: POST https://api.telegram.org/bot7690359419:AAFO0dgpL0IaAP44WCMtNOTPMq5plBmPWlA/sendAudio "HTTP/1.1 200 OK"
2025-04-14 07:19:17,779 - root - INFO - Аудио успешно отправлено в чат: 1002559211865_audio.mp3
2025-04-14 07:19:17,784 - root - INFO - Сообщение не содержит ссылку на поддерживаемый ресурс.
2025-04-14 07:19:22,474 - httpx - INFO - HTTP Request: POST https://api.telegram.org/bot7690359419:AAFO0dgpL0IaAP44WCMtNOTPMq5plBmPWlA/getUpdates "HTTP/1.1 200 OK"
2025-04-14 07:19:32,507 - httpx - INFO - HTTP Request: POST https://api.telegram.org/bot7690359419:AAFO0dgpL0IaAP44WCMtNOTPMq5plBmPWlA/getUpdates "HTTP/1.1 200 OK"
2025-04-14 07:19:42,541 - httpx - INFO - HTTP Request: POST https://api.telegram.org/bot7690359419:AAFO0dgpL0IaAP44WCMtNOTPMq5plBmPWlA/getUpdates "HTTP/1.1 200 OK"
2025-04-14 07:19:52,577 - httpx - INFO - HTTP Request: POST https://api.telegram.org/bot7690359419:AAFO0dgpL0IaAP44WCMtNOTPMq5plBmPWlA/getUpdates "HTTP/1.1 200 OK"
2025-04-14 07:20:02,608 - httpx - INFO - HTTP Request: POST https://api.telegram.org/bot7690359419:AAFO0dgpL0IaAP44WCMtNOTPMq5plBmPWlA/getUpdates "HTTP/1.1 200 OK"
2025-04-14 07:20:12,643 - httpx - INFO - HTTP Request: POST https://api.telegram.org/bot7690359419:AAFO0dgpL0IaAP44WCMtNOTPMq5plBmPWlA/getUpdates "HTTP/1.1 200 OK"
2025-04-14 07:20:22,676 - httpx - INFO - HTTP Request: POST https://api.telegram.org/bot7690359419:AAFO0dgpL0IaAP44WCMtNOTPMq5plBmPWlA/getUpdates "HTTP/1.1 200 OK"
2025-04-14 07:20:32,709 - httpx - INFO - HTTP Request: POST https://api.telegram.org/bot7690359419:AAFO0dgpL0IaAP44WCMtNOTPMq5plBmPWlA/getUpdates "HTTP/1.1 200 OK"
2025-04-14 07:20:42,745 - httpx - INFO - HTTP Request: POST https://api.telegram.org/bot7690359419:AAFO0dgpL0IaAP44WCMtNOTPMq5plBmPWlA/getUpdates "HTTP/1.1 200 OK"
2025-04-14 07:20:52,782 - httpx - INFO - HTTP Request: POST https://api.telegram.org/bot7690359419:AAFO0dgpL0IaAP44WCMtNOTPMq5plBmPWlA/getUpdates "HTTP/1.1 200 OK"
2025-04-14 07:21:02,814 - httpx - INFO - HTTP Request: POST https://api.telegram.org/bot7690359419:AAFO0dgpL0IaAP44WCMtNOTPMq5plBmPWlA/getUpdates "HTTP/1.1 200 OK"
2025-04-14 07:21:12,848 - httpx - INFO - HTTP Request: POST https://api.telegram.org/bot7690359419:AAFO0dgpL0IaAP44WCMtNOTPMq5plBmPWlA/getUpdates "HTTP/1.1 200 OK"
2025-04-14 07:21:22,882 - httpx - INFO - HTTP Request: POST https://api.telegram.org/bot7690359419:AAFO0dgpL0IaAP44WCMtNOTPMq5plBmPWlA/getUpdates "HTTP/1.1 200 OK"
2025-04-14 07:21:32,926 - httpx - INFO - HTTP Request: POST https://api.telegram.org/bot7690359419:AAFO0dgpL0IaAP44WCMtNOTPMq5plBmPWlA/getUpdates "HTTP/1.1 200 OK"
2025-04-14 07:21:42,957 - httpx - INFO - HTTP Request: POST https://api.telegram.org/bot7690359419:AAFO0dgpL0IaAP44WCMtNOTPMq5plBmPWlA/getUpdates "HTTP/1.1 200 OK"
2025-04-14 07:21:52,993 - httpx - INFO - HTTP Request: POST https://api.telegram.org/bot7690359419:AAFO0dgpL0IaAP44WCMtNOTPMq5plBmPWlA/getUpdates "HTTP/1.1 200 OK"
2025-04-14 07:22:03,031 - httpx - INFO - HTTP Request: POST https://api.telegram.org/bot7690359419:AAFO0dgpL0IaAP44WCMtNOTPMq5plBmPWlA/getUpdates "HTTP/1.1 200 OK"
2025-04-14 07:22:13,066 - httpx - INFO - HTTP Request: POST https://api.telegram.org/bot7690359419:AAFO0dgpL0IaAP44WCMtNOTPMq5plBmPWlA/getUpdates "HTTP/1.1 200 OK"
2025-04-14 07:22:23,103 - httpx - INFO - HTTP Request: POST https://api.telegram.org/bot7690359419:AAFO0dgpL0IaAP44WCMtNOTPMq5plBmPWlA/getUpdates "HTTP/1.1 200 OK"
2025-04-14 07:22:33,139 - httpx - INFO - HTTP Request: POST https://api.telegram.org/bot7690359419:AAFO0dgpL0IaAP44WCMtNOTPMq5plBmPWlA/getUpdates "HTTP/1.1 200 OK"
2025-04-14 07:22:43,176 - httpx - INFO - HTTP Request: POST https://api.telegram.org/bot7690359419:AAFO0dgpL0IaAP44WCMtNOTPMq5plBmPWlA/getUpdates "HTTP/1.1 200 OK"
2025-04-14 07:22:53,214 - httpx - INFO - HTTP Request: POST https://api.telegram.org/bot7690359419:AAFO0dgpL0IaAP44WCMtNOTPMq5plBmPWlA/getUpdates "HTTP/1.1 200 OK"
2025-04-14 07:23:03,252 - httpx - INFO - HTTP Request: POST https://api.telegram.org/bot7690359419:AAFO0dgpL0IaAP44WCMtNOTPMq5plBmPWlA/getUpdates "HTTP/1.1 200 OK"
2025-04-14 07:23:13,286 - httpx - INFO - HTTP Request: POST https://api.telegram.org/bot7690359419:AAFO0dgpL0IaAP44WCMtNOTPMq5plBmPWlA/getUpdates "HTTP/1.1 200 OK"
2025-04-14 07:23:23,319 - httpx - INFO - HTTP Request: POST https://api.telegram.org/bot7690359419:AAFO0dgpL0IaAP44WCMtNOTPMq5plBmPWlA/getUpdates "HTTP/1.1 200 OK"
2025-04-14 07:23:33,352 - httpx - INFO - HTTP Request: POST https://api.telegram.org/bot7690359419:AAFO0dgpL0IaAP44WCMtNOTPMq5plBmPWlA/getUpdates "HTTP/1.1 200 OK"
2025-04-14 07:23:43,389 - httpx - INFO - HTTP Request: POST https://api.telegram.org/bot7690359419:AAFO0dgpL0IaAP44WCMtNOTPMq5plBmPWlA/getUpdates "HTTP/1.1 200 OK"
2025-04-14 07:23:53,425 - httpx - INFO - HTTP Request: POST https://api.telegram.org/bot7690359419:AAFO0dgpL0IaAP44WCMtNOTPMq5plBmPWlA/getUpdates "HTTP/1.1 200 OK"
2025-04-14 07:24:03,460 - httpx - INFO - HTTP Request: POST https://api.telegram.org/bot7690359419:AAFO0dgpL0IaAP44WCMtNOTPMq5plBmPWlA/getUpdates "HTTP/1.1 200 OK"
2025-04-14 07:24:13,499 - httpx - INFO - HTTP Request: POST https://api.telegram.org/bot7690359419:AAFO0dgpL0IaAP44WCMtNOTPMq5plBmPWlA/getUpdates "HTTP/1.1 200 OK"
2025-04-14 07:24:23,537 - httpx - INFO - HTTP Request: POST https://api.telegram.org/bot7690359419:AAFO0dgpL0IaAP44WCMtNOTPMq5plBmPWlA/getUpdates "HTTP/1.1 200 OK"
2025-04-14 07:24:33,572 - httpx - INFO - HTTP Request: POST https://api.telegram.org/bot7690359419:AAFO0dgpL0IaAP44WCMtNOTPMq5plBmPWlA/getUpdates "HTTP/1.1 200 OK"
2025-04-14 07:24:43,617 - httpx - INFO - HTTP Request: POST https://api.telegram.org/bot7690359419:AAFO0dgpL0IaAP44WCMtNOTPMq5plBmPWlA/getUpdates "HTTP/1.1 200 OK"
2025-04-14 07:24:53,674 - httpx - INFO - HTTP Request: POST https://api.telegram.org/bot7690359419:AAFO0dgpL0IaAP44WCMtNOTPMq5plBmPWlA/getUpdates "HTTP/1.1 200 OK"
2025-04-14 07:25:03,710 - httpx - INFO - HTTP Request: POST https://api.telegram.org/bot7690359419:AAFO0dgpL0IaAP44WCMtNOTPMq5plBmPWlA/getUpdates "HTTP/1.1 200 OK"
2025-04-14 07:25:13,755 - httpx - INFO - HTTP Request: POST https://api.telegram.org/bot7690359419:AAFO0dgpL0IaAP44WCMtNOTPMq5plBmPWlA/getUpdates "HTTP/1.1 200 OK"
2025-04-14 07:25:23,787 - httpx - INFO - HTTP Request: POST https://api.telegram.org/bot7690359419:AAFO0dgpL0IaAP44WCMtNOTPMq5plBmPWlA/getUpdates "HTTP/1.1 200 OK"
2025-04-14 07:25:33,819 - httpx - INFO - HTTP Request: POST https://api.telegram.org/bot7690359419:AAFO0dgpL0IaAP44WCMtNOTPMq5plBmPWlA/getUpdates "HTTP/1.1 200 OK"
2025-04-14 07:25:43,851 - httpx - INFO - HTTP Request: POST https://api.telegram.org/bot7690359419:AAFO0dgpL0IaAP44WCMtNOTPMq5plBmPWlA/getUpdates "HTTP/1.1 200 OK"
2025-04-14 07:25:53,886 - httpx - INFO - HTTP Request: POST https://api.telegram.org/bot7690359419:AAFO0dgpL0IaAP44WCMtNOTPMq5plBmPWlA/getUpdates "HTTP/1.1 200 OK"
2025-04-14 07:26:03,918 - httpx - INFO - HTTP Request: POST https://api.telegram.org/bot7690359419:AAFO0dgpL0IaAP44WCMtNOTPMq5plBmPWlA/getUpdates "HTTP/1.1 200 OK"
2025-04-14 07:26:13,953 - httpx - INFO - HTTP Request: POST https://api.telegram.org/bot7690359419:AAFO0dgpL0IaAP44WCMtNOTPMq5plBmPWlA/getUpdates "HTTP/1.1 200 OK"
2025-04-14 07:26:23,987 - httpx - INFO - HTTP Request: POST https://api.telegram.org/bot7690359419:AAFO0dgpL0IaAP44WCMtNOTPMq5plBmPWlA/getUpdates "HTTP/1.1 200 OK"
2025-04-14 07:26:34,024 - httpx - INFO - HTTP Request: POST https://api.telegram.org/bot7690359419:AAFO0dgpL0IaAP44WCMtNOTPMq5plBmPWlA/getUpdates "HTTP/1.1 200 OK"
2025-04-14 07:26:44,059 - httpx - INFO - HTTP Request: POST https://api.telegram.org/bot7690359419:AAFO0dgpL0IaAP44WCMtNOTPMq5plBmPWlA/getUpdates "HTTP/1.1 200 OK"
2025-04-14 07:26:54,092 - httpx - INFO - HTTP Request: POST https://api.telegram.org/bot7690359419:AAFO0dgpL0IaAP44WCMtNOTPMq5plBmPWlA/getUpdates "HTTP/1.1 200 OK"
2025-04-14 07:27:04,128 - httpx - INFO - HTTP Request: POST https://api.telegram.org/bot7690359419:AAFO0dgpL0IaAP44WCMtNOTPMq5plBmPWlA/getUpdates "HTTP/1.1 200 OK"
2025-04-14 07:27:14,161 - httpx - INFO - HTTP Request: POST https://api.telegram.org/bot7690359419:AAFO0dgpL0IaAP44WCMtNOTPMq5plBmPWlA/getUpdates "HTTP/1.1 200 OK"
2025-04-14 07:27:24,197 - httpx - INFO - HTTP Request: POST https://api.telegram.org/bot7690359419:AAFO0dgpL0IaAP44WCMtNOTPMq5plBmPWlA/getUpdates "HTTP/1.1 200 OK"
2025-04-14 07:27:34,232 - httpx - INFO - HTTP Request: POST https://api.telegram.org/bot7690359419:AAFO0dgpL0IaAP44WCMtNOTPMq5plBmPWlA/getUpdates "HTTP/1.1 200 OK"
2025-04-14 07:27:44,265 - httpx - INFO - HTTP Request: POST https://api.telegram.org/bot7690359419:AAFO0dgpL0IaAP44WCMtNOTPMq5plBmPWlA/getUpdates "HTTP/1.1 200 OK"
2025-04-14 07:27:54,297 - httpx - INFO - HTTP Request: POST https://api.telegram.org/bot7690359419:AAFO0dgpL0IaAP44WCMtNOTPMq5plBmPWlA/getUpdates "HTTP/1.1 200 OK"
2025-04-14 07:28:04,331 - httpx - INFO - HTTP Request: POST https://api.telegram.org/bot7690359419:AAFO0dgpL0IaAP44WCMtNOTPMq5plBmPWlA/getUpdates "HTTP/1.1 200 OK"
2025-04-14 07:28:14,363 - httpx - INFO - HTTP Request: POST https://api.telegram.org/bot7690359419:AAFO0dgpL0IaAP44WCMtNOTPMq5plBmPWlA/getUpdates "HTTP/1.1 200 OK"
2025-04-14 07:28:24,399 - httpx - INFO - HTTP Request: POST https://api.telegram.org/bot7690359419:AAFO0dgpL0IaAP44WCMtNOTPMq5plBmPWlA/getUpdates "HTTP/1.1 200 OK"
2025-04-14 07:28:34,432 - httpx - INFO - HTTP Request: POST https://api.telegram.org/bot7690359419:AAFO0dgpL0IaAP44WCMtNOTPMq5plBmPWlA/getUpdates "HTTP/1.1 200 OK"
2025-04-14 07:28:44,468 - httpx - INFO - HTTP Request: POST https://api.telegram.org/bot7690359419:AAFO0dgpL0IaAP44WCMtNOTPMq5plBmPWlA/getUpdates "HTTP/1.1 200 OK"
2025-04-14 07:28:54,499 - httpx - INFO - HTTP Request: POST https://api.telegram.org/bot7690359419:AAFO0dgpL0IaAP44WCMtNOTPMq5plBmPWlA/getUpdates "HTTP/1.1 200 OK"
2025-04-14 07:29:04,532 - httpx - INFO - HTTP Request: POST https://api.telegram.org/bot7690359419:AAFO0dgpL0IaAP44WCMtNOTPMq5plBmPWlA/getUpdates "HTTP/1.1 200 OK"
2025-04-14 07:29:14,578 - httpx - INFO - HTTP Request: POST https://api.telegram.org/bot7690359419:AAFO0dgpL0IaAP44WCMtNOTPMq5plBmPWlA/getUpdates "HTTP/1.1 200 OK"
2025-04-14 07:29:24,611 - httpx - INFO - HTTP Request: POST https://api.telegram.org/bot7690359419:AAFO0dgpL0IaAP44WCMtNOTPMq5plBmPWlA/getUpdates "HTTP/1.1 200 OK"
2025-04-14 07:29:34,751 - httpx - INFO - HTTP Request: POST https://api.telegram.org/bot7690359419:AAFO0dgpL0IaAP44WCMtNOTPMq5plBmPWlA/getUpdates "HTTP/1.1 200 OK"
2025-04-14 07:29:44,787 - httpx - INFO - HTTP Request: POST https://api.telegram.org/bot7690359419:AAFO0dgpL0IaAP44WCMtNOTPMq5plBmPWlA/getUpdates "HTTP/1.1 200 OK"
2025-04-14 07:29:54,826 - httpx - INFO - HTTP Request: POST https://api.telegram.org/bot7690359419:AAFO0dgpL0IaAP44WCMtNOTPMq5plBmPWlA/getUpdates "HTTP/1.1 200 OK"
2025-04-14 07:30:04,860 - httpx - INFO - HTTP Request: POST https://api.telegram.org/bot7690359419:AAFO0dgpL0IaAP44WCMtNOTPMq5plBmPWlA/getUpdates "HTTP/1.1 200 OK"
2025-04-14 07:30:14,902 - httpx - INFO - HTTP Request: POST https://api.telegram.org/bot7690359419:AAFO0dgpL0IaAP44WCMtNOTPMq5plBmPWlA/getUpdates "HTTP/1.1 200 OK"
2025-04-14 07:30:24,937 - httpx - INFO - HTTP Request: POST https://api.telegram.org/bot7690359419:AAFO0dgpL0IaAP44WCMtNOTPMq5plBmPWlA/getUpdates "HTTP/1.1 200 OK"
2025-04-14 07:30:34,970 - httpx - INFO - HTTP Request: POST https://api.telegram.org/bot7690359419:AAFO0dgpL0IaAP44WCMtNOTPMq5plBmPWlA/getUpdates "HTTP/1.1 200 OK"
2025-04-14 07:30:45,011 - httpx - INFO - HTTP Request: POST https://api.telegram.org/bot7690359419:AAFO0dgpL0IaAP44WCMtNOTPMq5plBmPWlA/getUpdates "HTTP/1.1 200 OK"
2025-04-14 07:30:55,057 - httpx - INFO - HTTP Request: POST https://api.telegram.org/bot7690359419:AAFO0dgpL0IaAP44WCMtNOTPMq5plBmPWlA/getUpdates "HTTP/1.1 200 OK"
2025-04-14 07:31:05,089 - httpx - INFO - HTTP Request: POST https://api.telegram.org/bot7690359419:AAFO0dgpL0IaAP44WCMtNOTPMq5plBmPWlA/getUpdates "HTTP/1.1 200 OK"
2025-04-14 07:31:15,121 - httpx - INFO - HTTP Request: POST https://api.telegram.org/bot7690359419:AAFO0dgpL0IaAP44WCMtNOTPMq5plBmPWlA/getUpdates "HTTP/1.1 200 OK"
2025-04-14 07:31:25,154 - httpx - INFO - HTTP Request: POST https://api.telegram.org/bot7690359419:AAFO0dgpL0IaAP44WCMtNOTPMq5plBmPWlA/getUpdates "HTTP/1.1 200 OK"
2025-04-14 07:31:35,189 - httpx - INFO - HTTP Request: POST https://api.telegram.org/bot7690359419:AAFO0dgpL0IaAP44WCMtNOTPMq5plBmPWlA/getUpdates "HTTP/1.1 200 OK"
2025-04-14 07:31:45,222 - httpx - INFO - HTTP Request: POST https://api.telegram.org/bot7690359419:AAFO0dgpL0IaAP44WCMtNOTPMq5plBmPWlA/getUpdates "HTTP/1.1 200 OK"
2025-04-14 07:31:55,256 - httpx - INFO - HTTP Request: POST https://api.telegram.org/bot7690359419:AAFO0dgpL0IaAP44WCMtNOTPMq5plBmPWlA/getUpdates "HTTP/1.1 200 OK"
2025-04-14 07:32:05,296 - httpx - INFO - HTTP Request: POST https://api.telegram.org/bot7690359419:AAFO0dgpL0IaAP44WCMtNOTPMq5plBmPWlA/getUpdates "HTTP/1.1 200 OK"
2025-04-14 07:32:15,331 - httpx - INFO - HTTP Request: POST https://api.telegram.org/bot7690359419:AAFO0dgpL0IaAP44WCMtNOTPMq5plBmPWlA/getUpdates "HTTP/1.1 200 OK"
2025-04-14 07:32:25,370 - httpx - INFO - HTTP Request: POST https://api.telegram.org/bot7690359419:AAFO0dgpL0IaAP44WCMtNOTPMq5plBmPWlA/getUpdates "HTTP/1.1 200 OK"
2025-04-14 07:32:35,404 - httpx - INFO - HTTP Request: POST https://api.telegram.org/bot7690359419:AAFO0dgpL0IaAP44WCMtNOTPMq5plBmPWlA/getUpdates "HTTP/1.1 200 OK"
2025-04-14 07:32:45,437 - httpx - INFO - HTTP Request: POST https://api.telegram.org/bot7690359419:AAFO0dgpL0IaAP44WCMtNOTPMq5plBmPWlA/getUpdates "HTTP/1.1 200 OK"
2025-04-14 07:32:55,474 - httpx - INFO - HTTP Request: POST https://api.telegram.org/bot7690359419:AAFO0dgpL0IaAP44WCMtNOTPMq5plBmPWlA/getUpdates "HTTP/1.1 200 OK"
2025-04-14 07:33:05,513 - httpx - INFO - HTTP Request: POST https://api.telegram.org/bot7690359419:AAFO0dgpL0IaAP44WCMtNOTPMq5plBmPWlA/getUpdates "HTTP/1.1 200 OK"
2025-04-14 07:33:15,547 - httpx - INFO - HTTP Request: POST https://api.telegram.org/bot7690359419:AAFO0dgpL0IaAP44WCMtNOTPMq5plBmPWlA/getUpdates "HTTP/1.1 200 OK"
2025-04-14 07:33:25,581 - httpx - INFO - HTTP Request: POST https://api.telegram.org/bot7690359419:AAFO0dgpL0IaAP44WCMtNOTPMq5plBmPWlA/getUpdates "HTTP/1.1 200 OK"
2025-04-14 07:33:35,614 - httpx - INFO - HTTP Request: POST https://api.telegram.org/bot7690359419:AAFO0dgpL0IaAP44WCMtNOTPMq5plBmPWlA/getUpdates "HTTP/1.1 200 OK"
2025-04-14 07:33:45,647 - httpx - INFO - HTTP Request: POST https://api.telegram.org/bot7690359419:AAFO0dgpL0IaAP44WCMtNOTPMq5plBmPWlA/getUpdates "HTTP/1.1 200 OK"
2025-04-14 07:33:55,680 - httpx - INFO - HTTP Request: POST https://api.telegram.org/bot7690359419:AAFO0dgpL0IaAP44WCMtNOTPMq5plBmPWlA/getUpdates "HTTP/1.1 200 OK"
2025-04-14 07:34:05,712 - httpx - INFO - HTTP Request: POST https://api.telegram.org/bot7690359419:AAFO0dgpL0IaAP44WCMtNOTPMq5plBmPWlA/getUpdates "HTTP/1.1 200 OK"
2025-04-14 07:34:15,763 - httpx - INFO - HTTP Request: POST https://api.telegram.org/bot7690359419:AAFO0dgpL0IaAP44WCMtNOTPMq5plBmPWlA/getUpdates "HTTP/1.1 200 OK"
2025-04-14 07:34:25,797 - httpx - INFO - HTTP Request: POST https://api.telegram.org/bot7690359419:AAFO0dgpL0IaAP44WCMtNOTPMq5plBmPWlA/getUpdates "HTTP/1.1 200 OK"
2025-04-14 07:34:35,832 - httpx - INFO - HTTP Request: POST https://api.telegram.org/bot7690359419:AAFO0dgpL0IaAP44WCMtNOTPMq5plBmPWlA/getUpdates "HTTP/1.1 200 OK"
2025-04-14 07:34:45,868 - httpx - INFO - HTTP Request: POST https://api.telegram.org/bot7690359419:AAFO0dgpL0IaAP44WCMtNOTPMq5plBmPWlA/getUpdates "HTTP/1.1 200 OK"
2025-04-14 07:34:55,902 - httpx - INFO - HTTP Request: POST https://api.telegram.org/bot7690359419:AAFO0dgpL0IaAP44WCMtNOTPMq5plBmPWlA/getUpdates "HTTP/1.1 200 OK"
2025-04-14 07:35:05,937 - httpx - INFO - HTTP Request: POST https://api.telegram.org/bot7690359419:AAFO0dgpL0IaAP44WCMtNOTPMq5plBmPWlA/getUpdates "HTTP/1.1 200 OK"
2025-04-14 07:35:15,974 - httpx - INFO - HTTP Request: POST https://api.telegram.org/bot7690359419:AAFO0dgpL0IaAP44WCMtNOTPMq5plBmPWlA/getUpdates "HTTP/1.1 200 OK"
2025-04-14 07:35:26,006 - httpx - INFO - HTTP Request: POST https://api.telegram.org/bot7690359419:AAFO0dgpL0IaAP44WCMtNOTPMq5plBmPWlA/getUpdates "HTTP/1.1 200 OK"
2025-04-14 07:35:36,040 - httpx - INFO - HTTP Request: POST https://api.telegram.org/bot7690359419:AAFO0dgpL0IaAP44WCMtNOTPMq5plBmPWlA/getUpdates "HTTP/1.1 200 OK"
2025-04-14 07:35:46,073 - httpx - INFO - HTTP Request: POST https://api.telegram.org/bot7690359419:AAFO0dgpL0IaAP44WCMtNOTPMq5plBmPWlA/getUpdates "HTTP/1.1 200 OK"
2025-04-14 07:35:56,110 - httpx - INFO - HTTP Request: POST https://api.telegram.org/bot7690359419:AAFO0dgpL0IaAP44WCMtNOTPMq5plBmPWlA/getUpdates "HTTP/1.1 200 OK"
2025-04-14 07:36:06,147 - httpx - INFO - HTTP Request: POST https://api.telegram.org/bot7690359419:AAFO0dgpL0IaAP44WCMtNOTPMq5plBmPWlA/getUpdates "HTTP/1.1 200 OK"
2025-04-14 07:36:16,183 - httpx - INFO - HTTP Request: POST https://api.telegram.org/bot7690359419:AAFO0dgpL0IaAP44WCMtNOTPMq5plBmPWlA/getUpdates "HTTP/1.1 200 OK"
2025-04-14 07:36:26,217 - httpx - INFO - HTTP Request: POST https://api.telegram.org/bot7690359419:AAFO0dgpL0IaAP44WCMtNOTPMq5plBmPWlA/getUpdates "HTTP/1.1 200 OK"
2025-04-14 07:36:36,248 - httpx - INFO - HTTP Request: POST https://api.telegram.org/bot7690359419:AAFO0dgpL0IaAP44WCMtNOTPMq5plBmPWlA/getUpdates "HTTP/1.1 200 OK"
2025-04-14 07:36:46,284 - httpx - INFO - HTTP Request: POST https://api.telegram.org/bot7690359419:AAFO0dgpL0IaAP44WCMtNOTPMq5plBmPWlA/getUpdates "HTTP/1.1 200 OK"
2025-04-14 07:36:56,319 - httpx - INFO - HTTP Request: POST https://api.telegram.org/bot7690359419:AAFO0dgpL0IaAP44WCMtNOTPMq5plBmPWlA/getUpdates "HTTP/1.1 200 OK"
2025-04-14 07:37:06,355 - httpx - INFO - HTTP Request: POST https://api.telegram.org/bot7690359419:AAFO0dgpL0IaAP44WCMtNOTPMq5plBmPWlA/getUpdates "HTTP/1.1 200 OK"
2025-04-14 07:37:16,390 - httpx - INFO - HTTP Request: POST https://api.telegram.org/bot7690359419:AAFO0dgpL0IaAP44WCMtNOTPMq5plBmPWlA/getUpdates "HTTP/1.1 200 OK"
2025-04-14 07:37:26,424 - httpx - INFO - HTTP Request: POST https://api.telegram.org/bot7690359419:AAFO0dgpL0IaAP44WCMtNOTPMq5plBmPWlA/getUpdates "HTTP/1.1 200 OK"
2025-04-14 07:37:36,466 - httpx - INFO - HTTP Request: POST https://api.telegram.org/bot7690359419:AAFO0dgpL0IaAP44WCMtNOTPMq5plBmPWlA/getUpdates "HTTP/1.1 200 OK"
2025-04-14 07:37:46,500 - httpx - INFO - HTTP Request: POST https://api.telegram.org/bot7690359419:AAFO0dgpL0IaAP44WCMtNOTPMq5plBmPWlA/getUpdates "HTTP/1.1 200 OK"
2025-04-14 07:37:56,534 - httpx - INFO - HTTP Request: POST https://api.telegram.org/bot7690359419:AAFO0dgpL0IaAP44WCMtNOTPMq5plBmPWlA/getUpdates "HTTP/1.1 200 OK"
2025-04-14 07:38:06,566 - httpx - INFO - HTTP Request: POST https://api.telegram.org/bot7690359419:AAFO0dgpL0IaAP44WCMtNOTPMq5plBmPWlA/getUpdates "HTTP/1.1 200 OK"
2025-04-14 07:38:16,598 - httpx - INFO - HTTP Request: POST https://api.telegram.org/bot7690359419:AAFO0dgpL0IaAP44WCMtNOTPMq5plBmPWlA/getUpdates "HTTP/1.1 200 OK"
2025-04-14 07:38:26,631 - httpx - INFO - HTTP Request: POST https://api.telegram.org/bot7690359419:AAFO0dgpL0IaAP44WCMtNOTPMq5plBmPWlA/getUpdates "HTTP/1.1 200 OK"
2025-04-14 07:38:36,663 - httpx - INFO - HTTP Request: POST https://api.telegram.org/bot7690359419:AAFO0dgpL0IaAP44WCMtNOTPMq5plBmPWlA/getUpdates "HTTP/1.1 200 OK"
2025-04-14 07:38:46,697 - httpx - INFO - HTTP Request: POST https://api.telegram.org/bot7690359419:AAFO0dgpL0IaAP44WCMtNOTPMq5plBmPWlA/getUpdates "HTTP/1.1 200 OK"
2025-04-14 07:38:56,730 - httpx - INFO - HTTP Request: POST https://api.telegram.org/bot7690359419:AAFO0dgpL0IaAP44WCMtNOTPMq5plBmPWlA/getUpdates "HTTP/1.1 200 OK"
2025-04-14 07:39:06,766 - httpx - INFO - HTTP Request: POST https://api.telegram.org/bot7690359419:AAFO0dgpL0IaAP44WCMtNOTPMq5plBmPWlA/getUpdates "HTTP/1.1 200 OK"
2025-04-14 07:39:16,825 - httpx - INFO - HTTP Request: POST https://api.telegram.org/bot7690359419:AAFO0dgpL0IaAP44WCMtNOTPMq5plBmPWlA/getUpdates "HTTP/1.1 200 OK"
2025-04-14 07:39:24,120 - httpx - INFO - HTTP Request: POST https://api.telegram.org/bot7690359419:AAFO0dgpL0IaAP44WCMtNOTPMq5plBmPWlA/getUpdates "HTTP/1.1 200 OK"
2025-04-14 07:39:24,121 - root - INFO - Сообщение не содержит ссылку на поддерживаемый ресурс.
2025-04-14 07:39:34,156 - httpx - INFO - HTTP Request: POST https://api.telegram.org/bot7690359419:AAFO0dgpL0IaAP44WCMtNOTPMq5plBmPWlA/getUpdates "HTTP/1.1 200 OK"
2025-04-14 07:39:44,195 - httpx - INFO - HTTP Request: POST https://api.telegram.org/bot7690359419:AAFO0dgpL0IaAP44WCMtNOTPMq5plBmPWlA/getUpdates "HTTP/1.1 200 OK"
2025-04-14 07:39:54,228 - httpx - INFO - HTTP Request: POST https://api.telegram.org/bot7690359419:AAFO0dgpL0IaAP44WCMtNOTPMq5plBmPWlA/getUpdates "HTTP/1.1 200 OK"
2025-04-14 07:40:04,273 - httpx - INFO - HTTP Request: POST https://api.telegram.org/bot7690359419:AAFO0dgpL0IaAP44WCMtNOTPMq5plBmPWlA/getUpdates "HTTP/1.1 200 OK"
2025-04-14 07:40:14,351 - httpx - INFO - HTTP Request: POST https://api.telegram.org/bot7690359419:AAFO0dgpL0IaAP44WCMtNOTPMq5plBmPWlA/getUpdates "HTTP/1.1 200 OK"
2025-04-14 07:40:24,387 - httpx - INFO - HTTP Request: POST https://api.telegram.org/bot7690359419:AAFO0dgpL0IaAP44WCMtNOTPMq5plBmPWlA/getUpdates "HTTP/1.1 200 OK"
2025-04-14 07:40:34,423 - httpx - INFO - HTTP Request: POST https://api.telegram.org/bot7690359419:AAFO0dgpL0IaAP44WCMtNOTPMq5plBmPWlA/getUpdates "HTTP/1.1 200 OK"
2025-04-14 07:40:44,455 - httpx - INFO - HTTP Request: POST https://api.telegram.org/bot7690359419:AAFO0dgpL0IaAP44WCMtNOTPMq5plBmPWlA/getUpdates "HTTP/1.1 200 OK"
2025-04-14 07:40:54,489 - httpx - INFO - HTTP Request: POST https://api.telegram.org/bot7690359419:AAFO0dgpL0IaAP44WCMtNOTPMq5plBmPWlA/getUpdates "HTTP/1.1 200 OK"
2025-04-14 07:41:04,522 - httpx - INFO - HTTP Request: POST https://api.telegram.org/bot7690359419:AAFO0dgpL0IaAP44WCMtNOTPMq5plBmPWlA/getUpdates "HTTP/1.1 200 OK"
2025-04-14 07:41:14,559 - httpx - INFO - HTTP Request: POST https://api.telegram.org/bot7690359419:AAFO0dgpL0IaAP44WCMtNOTPMq5plBmPWlA/getUpdates "HTTP/1.1 200 OK"
2025-04-14 07:41:24,594 - httpx - INFO - HTTP Request: POST https://api.telegram.org/bot7690359419:AAFO0dgpL0IaAP44WCMtNOTPMq5plBmPWlA/getUpdates "HTTP/1.1 200 OK"
2025-04-14 07:41:34,628 - httpx - INFO - HTTP Request: POST https://api.telegram.org/bot7690359419:AAFO0dgpL0IaAP44WCMtNOTPMq5plBmPWlA/getUpdates "HTTP/1.1 200 OK"
2025-04-14 07:41:44,672 - httpx - INFO - HTTP Request: POST https://api.telegram.org/bot7690359419:AAFO0dgpL0IaAP44WCMtNOTPMq5plBmPWlA/getUpdates "HTTP/1.1 200 OK"
2025-04-14 07:41:54,705 - httpx - INFO - HTTP Request: POST https://api.telegram.org/bot7690359419:AAFO0dgpL0IaAP44WCMtNOTPMq5plBmPWlA/getUpdates "HTTP/1.1 200 OK"
2025-04-14 07:42:04,738 - httpx - INFO - HTTP Request: POST https://api.telegram.org/bot7690359419:AAFO0dgpL0IaAP44WCMtNOTPMq5plBmPWlA/getUpdates "HTTP/1.1 200 OK"
2025-04-14 07:42:14,770 - httpx - INFO - HTTP Request: POST https://api.telegram.org/bot7690359419:AAFO0dgpL0IaAP44WCMtNOTPMq5plBmPWlA/getUpdates "HTTP/1.1 200 OK"
2025-04-14 07:42:24,802 - httpx - INFO - HTTP Request: POST https://api.telegram.org/bot7690359419:AAFO0dgpL0IaAP44WCMtNOTPMq5plBmPWlA/getUpdates "HTTP/1.1 200 OK"
2025-04-14 07:42:34,840 - httpx - INFO - HTTP Request: POST https://api.telegram.org/bot7690359419:AAFO0dgpL0IaAP44WCMtNOTPMq5plBmPWlA/getUpdates "HTTP/1.1 200 OK"
2025-04-14 07:42:44,874 - httpx - INFO - HTTP Request: POST https://api.telegram.org/bot7690359419:AAFO0dgpL0IaAP44WCMtNOTPMq5plBmPWlA/getUpdates "HTTP/1.1 200 OK"
2025-04-14 07:42:54,910 - httpx - INFO - HTTP Request: POST https://api.telegram.org/bot7690359419:AAFO0dgpL0IaAP44WCMtNOTPMq5plBmPWlA/getUpdates "HTTP/1.1 200 OK"
2025-04-14 07:43:04,944 - httpx - INFO - HTTP Request: POST https://api.telegram.org/bot7690359419:AAFO0dgpL0IaAP44WCMtNOTPMq5plBmPWlA/getUpdates "HTTP/1.1 200 OK"
2025-04-14 07:43:14,995 - httpx - INFO - HTTP Request: POST https://api.telegram.org/bot7690359419:AAFO0dgpL0IaAP44WCMtNOTPMq5plBmPWlA/getUpdates "HTTP/1.1 200 OK"
2025-04-14 07:43:25,026 - httpx - INFO - HTTP Request: POST https://api.telegram.org/bot7690359419:AAFO0dgpL0IaAP44WCMtNOTPMq5plBmPWlA/getUpdates "HTTP/1.1 200 OK"
2025-04-14 07:43:35,066 - httpx - INFO - HTTP Request: POST https://api.telegram.org/bot7690359419:AAFO0dgpL0IaAP44WCMtNOTPMq5plBmPWlA/getUpdates "HTTP/1.1 200 OK"
2025-04-14 07:43:45,100 - httpx - INFO - HTTP Request: POST https://api.telegram.org/bot7690359419:AAFO0dgpL0IaAP44WCMtNOTPMq5plBmPWlA/getUpdates "HTTP/1.1 200 OK"
2025-04-14 07:43:55,136 - httpx - INFO - HTTP Request: POST https://api.telegram.org/bot7690359419:AAFO0dgpL0IaAP44WCMtNOTPMq5plBmPWlA/getUpdates "HTTP/1.1 200 OK"
2025-04-14 07:44:05,169 - httpx - INFO - HTTP Request: POST https://api.telegram.org/bot7690359419:AAFO0dgpL0IaAP44WCMtNOTPMq5plBmPWlA/getUpdates "HTTP/1.1 200 OK"
2025-04-14 07:44:15,207 - httpx - INFO - HTTP Request: POST https://api.telegram.org/bot7690359419:AAFO0dgpL0IaAP44WCMtNOTPMq5plBmPWlA/getUpdates "HTTP/1.1 200 OK"
2025-04-14 07:44:25,242 - httpx - INFO - HTTP Request: POST https://api.telegram.org/bot7690359419:AAFO0dgpL0IaAP44WCMtNOTPMq5plBmPWlA/getUpdates "HTTP/1.1 200 OK"
2025-04-14 07:44:35,274 - httpx - INFO - HTTP Request: POST https://api.telegram.org/bot7690359419:AAFO0dgpL0IaAP44WCMtNOTPMq5plBmPWlA/getUpdates "HTTP/1.1 200 OK"
2025-04-14 07:44:45,305 - httpx - INFO - HTTP Request: POST https://api.telegram.org/bot7690359419:AAFO0dgpL0IaAP44WCMtNOTPMq5plBmPWlA/getUpdates "HTTP/1.1 200 OK"
2025-04-14 07:44:55,341 - httpx - INFO - HTTP Request: POST https://api.telegram.org/bot7690359419:AAFO0dgpL0IaAP44WCMtNOTPMq5plBmPWlA/getUpdates "HTTP/1.1 200 OK"
2025-04-14 07:45:05,373 - httpx - INFO - HTTP Request: POST https://api.telegram.org/bot7690359419:AAFO0dgpL0IaAP44WCMtNOTPMq5plBmPWlA/getUpdates "HTTP/1.1 200 OK"
2025-04-14 07:45:15,421 - httpx - INFO - HTTP Request: POST https://api.telegram.org/bot7690359419:AAFO0dgpL0IaAP44WCMtNOTPMq5plBmPWlA/getUpdates "HTTP/1.1 200 OK"
2025-04-14 07:45:25,452 - httpx - INFO - HTTP Request: POST https://api.telegram.org/bot7690359419:AAFO0dgpL0IaAP44WCMtNOTPMq5plBmPWlA/getUpdates "HTTP/1.1 200 OK"
2025-04-14 07:45:35,492 - httpx - INFO - HTTP Request: POST https://api.telegram.org/bot7690359419:AAFO0dgpL0IaAP44WCMtNOTPMq5plBmPWlA/getUpdates "HTTP/1.1 200 OK"
2025-04-14 07:45:45,528 - httpx - INFO - HTTP Request: POST https://api.telegram.org/bot7690359419:AAFO0dgpL0IaAP44WCMtNOTPMq5plBmPWlA/getUpdates "HTTP/1.1 200 OK"
2025-04-14 07:45:55,565 - httpx - INFO - HTTP Request: POST https://api.telegram.org/bot7690359419:AAFO0dgpL0IaAP44WCMtNOTPMq5plBmPWlA/getUpdates "HTTP/1.1 200 OK"
2025-04-14 07:46:05,603 - httpx - INFO - HTTP Request: POST https://api.telegram.org/bot7690359419:AAFO0dgpL0IaAP44WCMtNOTPMq5plBmPWlA/getUpdates "HTTP/1.1 200 OK"
2025-04-14 07:46:15,745 - httpx - INFO - HTTP Request: POST https://api.telegram.org/bot7690359419:AAFO0dgpL0IaAP44WCMtNOTPMq5plBmPWlA/getUpdates "HTTP/1.1 200 OK"
2025-04-14 07:46:25,780 - httpx - INFO - HTTP Request: POST https://api.telegram.org/bot7690359419:AAFO0dgpL0IaAP44WCMtNOTPMq5plBmPWlA/getUpdates "HTTP/1.1 200 OK"
2025-04-14 07:46:35,814 - httpx - INFO - HTTP Request: POST https://api.telegram.org/bot7690359419:AAFO0dgpL0IaAP44WCMtNOTPMq5plBmPWlA/getUpdates "HTTP/1.1 200 OK"
2025-04-14 07:46:45,846 - httpx - INFO - HTTP Request: POST https://api.telegram.org/bot7690359419:AAFO0dgpL0IaAP44WCMtNOTPMq5plBmPWlA/getUpdates "HTTP/1.1 200 OK"
2025-04-14 07:46:55,879 - httpx - INFO - HTTP Request: POST https://api.telegram.org/bot7690359419:AAFO0dgpL0IaAP44WCMtNOTPMq5plBmPWlA/getUpdates "HTTP/1.1 200 OK"
2025-04-14 07:47:05,910 - httpx - INFO - HTTP Request: POST https://api.telegram.org/bot7690359419:AAFO0dgpL0IaAP44WCMtNOTPMq5plBmPWlA/getUpdates "HTTP/1.1 200 OK"
2025-04-14 07:47:15,942 - httpx - INFO - HTTP Request: POST https://api.telegram.org/bot7690359419:AAFO0dgpL0IaAP44WCMtNOTPMq5plBmPWlA/getUpdates "HTTP/1.1 200 OK"
2025-04-14 07:47:25,974 - httpx - INFO - HTTP Request: POST https://api.telegram.org/bot7690359419:AAFO0dgpL0IaAP44WCMtNOTPMq5plBmPWlA/getUpdates "HTTP/1.1 200 OK"
2025-04-14 07:47:36,007 - httpx - INFO - HTTP Request: POST https://api.telegram.org/bot7690359419:AAFO0dgpL0IaAP44WCMtNOTPMq5plBmPWlA/getUpdates "HTTP/1.1 200 OK"
2025-04-14 07:47:46,044 - httpx - INFO - HTTP Request: POST https://api.telegram.org/bot7690359419:AAFO0dgpL0IaAP44WCMtNOTPMq5plBmPWlA/getUpdates "HTTP/1.1 200 OK"
2025-04-14 07:47:56,075 - httpx - INFO - HTTP Request: POST https://api.telegram.org/bot7690359419:AAFO0dgpL0IaAP44WCMtNOTPMq5plBmPWlA/getUpdates "HTTP/1.1 200 OK"
2025-04-14 07:48:06,112 - httpx - INFO - HTTP Request: POST https://api.telegram.org/bot7690359419:AAFO0dgpL0IaAP44WCMtNOTPMq5plBmPWlA/getUpdates "HTTP/1.1 200 OK"
2025-04-14 07:48:16,144 - httpx - INFO - HTTP Request: POST https://api.telegram.org/bot7690359419:AAFO0dgpL0IaAP44WCMtNOTPMq5plBmPWlA/getUpdates "HTTP/1.1 200 OK"
2025-04-14 07:48:26,181 - httpx - INFO - HTTP Request: POST https://api.telegram.org/bot7690359419:AAFO0dgpL0IaAP44WCMtNOTPMq5plBmPWlA/getUpdates "HTTP/1.1 200 OK"
2025-04-14 07:48:36,215 - httpx - INFO - HTTP Request: POST https://api.telegram.org/bot7690359419:AAFO0dgpL0IaAP44WCMtNOTPMq5plBmPWlA/getUpdates "HTTP/1.1 200 OK"
2025-04-14 07:48:46,257 - httpx - INFO - HTTP Request: POST https://api.telegram.org/bot7690359419:AAFO0dgpL0IaAP44WCMtNOTPMq5plBmPWlA/getUpdates "HTTP/1.1 200 OK"
2025-04-14 07:48:56,289 - httpx - INFO - HTTP Request: POST https://api.telegram.org/bot7690359419:AAFO0dgpL0IaAP44WCMtNOTPMq5plBmPWlA/getUpdates "HTTP/1.1 200 OK"
2025-04-14 07:49:06,322 - httpx - INFO - HTTP Request: POST https://api.telegram.org/bot7690359419:AAFO0dgpL0IaAP44WCMtNOTPMq5plBmPWlA/getUpdates "HTTP/1.1 200 OK"
2025-04-14 07:49:16,355 - httpx - INFO - HTTP Request: POST https://api.telegram.org/bot7690359419:AAFO0dgpL0IaAP44WCMtNOTPMq5plBmPWlA/getUpdates "HTTP/1.1 200 OK"
2025-04-14 07:49:26,386 - httpx - INFO - HTTP Request: POST https://api.telegram.org/bot7690359419:AAFO0dgpL0IaAP44WCMtNOTPMq5plBmPWlA/getUpdates "HTTP/1.1 200 OK"
2025-04-14 07:49:36,418 - httpx - INFO - HTTP Request: POST https://api.telegram.org/bot7690359419:AAFO0dgpL0IaAP44WCMtNOTPMq5plBmPWlA/getUpdates "HTTP/1.1 200 OK"
2025-04-14 07:49:46,452 - httpx - INFO - HTTP Request: POST https://api.telegram.org/bot7690359419:AAFO0dgpL0IaAP44WCMtNOTPMq5plBmPWlA/getUpdates "HTTP/1.1 200 OK"
2025-04-14 07:49:47,281 - httpx - INFO - HTTP Request: POST https://api.telegram.org/bot7690359419:AAFO0dgpL0IaAP44WCMtNOTPMq5plBmPWlA/getUpdates "HTTP/1.1 200 OK"
2025-04-14 07:49:47,419 - httpx - INFO - HTTP Request: POST https://api.telegram.org/bot7690359419:AAFO0dgpL0IaAP44WCMtNOTPMq5plBmPWlA/sendMessage "HTTP/1.1 200 OK"
2025-04-14 07:49:47,420 - root - INFO - Начало загрузки TikTok видео по ссылке: https://vm.tiktok.com/ZMBbyShWh/
2025-04-14 07:49:52,342 - httpx - INFO - HTTP Request: POST https://api.telegram.org/bot7690359419:AAFO0dgpL0IaAP44WCMtNOTPMq5plBmPWlA/sendVideo "HTTP/1.1 200 OK"
2025-04-14 07:49:52,343 - root - INFO - Видео TikTok успешно отправлено в чат: 524626692_tiktok.mp4
2025-04-14 07:49:53,818 - httpx - INFO - HTTP Request: POST https://api.telegram.org/bot7690359419:AAFO0dgpL0IaAP44WCMtNOTPMq5plBmPWlA/sendAudio "HTTP/1.1 200 OK"
2025-04-14 07:49:53,819 - root - INFO - Аудио успешно отправлено в чат: 524626692_audio.mp3
2025-04-14 07:49:57,318 - httpx - INFO - HTTP Request: POST https://api.telegram.org/bot7690359419:AAFO0dgpL0IaAP44WCMtNOTPMq5plBmPWlA/getUpdates "HTTP/1.1 200 OK"
2025-04-14 07:50:07,350 - httpx - INFO - HTTP Request: POST https://api.telegram.org/bot7690359419:AAFO0dgpL0IaAP44WCMtNOTPMq5plBmPWlA/getUpdates "HTTP/1.1 200 OK"
2025-04-14 07:50:17,383 - httpx - INFO - HTTP Request: POST https://api.telegram.org/bot7690359419:AAFO0dgpL0IaAP44WCMtNOTPMq5plBmPWlA/getUpdates "HTTP/1.1 200 OK"
2025-04-14 07:50:27,416 - httpx - INFO - HTTP Request: POST https://api.telegram.org/bot7690359419:AAFO0dgpL0IaAP44WCMtNOTPMq5plBmPWlA/getUpdates "HTTP/1.1 200 OK"
2025-04-14 07:50:37,449 - httpx - INFO - HTTP Request: POST https://api.telegram.org/bot7690359419:AAFO0dgpL0IaAP44WCMtNOTPMq5plBmPWlA/getUpdates "HTTP/1.1 200 OK"
2025-04-14 07:50:47,483 - httpx - INFO - HTTP Request: POST https://api.telegram.org/bot7690359419:AAFO0dgpL0IaAP44WCMtNOTPMq5plBmPWlA/getUpdates "HTTP/1.1 200 OK"
2025-04-14 07:50:57,517 - httpx - INFO - HTTP Request: POST https://api.telegram.org/bot7690359419:AAFO0dgpL0IaAP44WCMtNOTPMq5plBmPWlA/getUpdates "HTTP/1.1 200 OK"
2025-04-14 07:51:07,550 - httpx - INFO - HTTP Request: POST https://api.telegram.org/bot7690359419:AAFO0dgpL0IaAP44WCMtNOTPMq5plBmPWlA/getUpdates "HTTP/1.1 200 OK"
2025-04-14 07:51:17,587 - httpx - INFO - HTTP Request: POST https://api.telegram.org/bot7690359419:AAFO0dgpL0IaAP44WCMtNOTPMq5plBmPWlA/getUpdates "HTTP/1.1 200 OK"
2025-04-14 07:51:27,619 - httpx - INFO - HTTP Request: POST https://api.telegram.org/bot7690359419:AAFO0dgpL0IaAP44WCMtNOTPMq5plBmPWlA/getUpdates "HTTP/1.1 200 OK"
2025-04-14 07:51:37,654 - httpx - INFO - HTTP Request: POST https://api.telegram.org/bot7690359419:AAFO0dgpL0IaAP44WCMtNOTPMq5plBmPWlA/getUpdates "HTTP/1.1 200 OK"
2025-04-14 07:51:47,686 - httpx - INFO - HTTP Request: POST https://api.telegram.org/bot7690359419:AAFO0dgpL0IaAP44WCMtNOTPMq5plBmPWlA/getUpdates "HTTP/1.1 200 OK"
2025-04-14 07:51:57,718 - httpx - INFO - HTTP Request: POST https://api.telegram.org/bot7690359419:AAFO0dgpL0IaAP44WCMtNOTPMq5plBmPWlA/getUpdates "HTTP/1.1 200 OK"
2025-04-14 07:52:07,754 - httpx - INFO - HTTP Request: POST https://api.telegram.org/bot7690359419:AAFO0dgpL0IaAP44WCMtNOTPMq5plBmPWlA/getUpdates "HTTP/1.1 200 OK"
2025-04-14 07:52:17,790 - httpx - INFO - HTTP Request: POST https://api.telegram.org/bot7690359419:AAFO0dgpL0IaAP44WCMtNOTPMq5plBmPWlA/getUpdates "HTTP/1.1 200 OK"
2025-04-14 07:52:27,830 - httpx - INFO - HTTP Request: POST https://api.telegram.org/bot7690359419:AAFO0dgpL0IaAP44WCMtNOTPMq5plBmPWlA/getUpdates "HTTP/1.1 200 OK"
2025-04-14 07:52:37,863 - httpx - INFO - HTTP Request: POST https://api.telegram.org/bot7690359419:AAFO0dgpL0IaAP44WCMtNOTPMq5plBmPWlA/getUpdates "HTTP/1.1 200 OK"
2025-04-14 07:52:47,896 - httpx - INFO - HTTP Request: POST https://api.telegram.org/bot7690359419:AAFO0dgpL0IaAP44WCMtNOTPMq5plBmPWlA/getUpdates "HTTP/1.1 200 OK"
2025-04-14 07:52:57,931 - httpx - INFO - HTTP Request: POST https://api.telegram.org/bot7690359419:AAFO0dgpL0IaAP44WCMtNOTPMq5plBmPWlA/getUpdates "HTTP/1.1 200 OK"
2025-04-14 07:53:07,963 - httpx - INFO - HTTP Request: POST https://api.telegram.org/bot7690359419:AAFO0dgpL0IaAP44WCMtNOTPMq5plBmPWlA/getUpdates "HTTP/1.1 200 OK"
2025-04-14 07:53:18,001 - httpx - INFO - HTTP Request: POST https://api.telegram.org/bot7690359419:AAFO0dgpL0IaAP44WCMtNOTPMq5plBmPWlA/getUpdates "HTTP/1.1 200 OK"
2025-04-14 07:53:28,036 - httpx - INFO - HTTP Request: POST https://api.telegram.org/bot7690359419:AAFO0dgpL0IaAP44WCMtNOTPMq5plBmPWlA/getUpdates "HTTP/1.1 200 OK"
2025-04-14 07:53:38,069 - httpx - INFO - HTTP Request: POST https://api.telegram.org/bot7690359419:AAFO0dgpL0IaAP44WCMtNOTPMq5plBmPWlA/getUpdates "HTTP/1.1 200 OK"
2025-04-14 07:53:48,101 - httpx - INFO - HTTP Request: POST https://api.telegram.org/bot7690359419:AAFO0dgpL0IaAP44WCMtNOTPMq5plBmPWlA/getUpdates "HTTP/1.1 200 OK"
2025-04-14 07:53:58,136 - httpx - INFO - HTTP Request: POST https://api.telegram.org/bot7690359419:AAFO0dgpL0IaAP44WCMtNOTPMq5plBmPWlA/getUpdates "HTTP/1.1 200 OK"
2025-04-14 07:54:08,171 - httpx - INFO - HTTP Request: POST https://api.telegram.org/bot7690359419:AAFO0dgpL0IaAP44WCMtNOTPMq5plBmPWlA/getUpdates "HTTP/1.1 200 OK"
2025-04-14 07:54:18,206 - httpx - INFO - HTTP Request: POST https://api.telegram.org/bot7690359419:AAFO0dgpL0IaAP44WCMtNOTPMq5plBmPWlA/getUpdates "HTTP/1.1 200 OK"
2025-04-14 07:54:28,240 - httpx - INFO - HTTP Request: POST https://api.telegram.org/bot7690359419:AAFO0dgpL0IaAP44WCMtNOTPMq5plBmPWlA/getUpdates "HTTP/1.1 200 OK"
2025-04-14 07:54:38,274 - httpx - INFO - HTTP Request: POST https://api.telegram.org/bot7690359419:AAFO0dgpL0IaAP44WCMtNOTPMq5plBmPWlA/getUpdates "HTTP/1.1 200 OK"
2025-04-14 07:54:48,308 - httpx - INFO - HTTP Request: POST https://api.telegram.org/bot7690359419:AAFO0dgpL0IaAP44WCMtNOTPMq5plBmPWlA/getUpdates "HTTP/1.1 200 OK"
2025-04-14 07:54:58,342 - httpx - INFO - HTTP Request: POST https://api.telegram.org/bot7690359419:AAFO0dgpL0IaAP44WCMtNOTPMq5plBmPWlA/getUpdates "HTTP/1.1 200 OK"
2025-04-14 07:55:08,376 - httpx - INFO - HTTP Request: POST https://api.telegram.org/bot7690359419:AAFO0dgpL0IaAP44WCMtNOTPMq5plBmPWlA/getUpdates "HTTP/1.1 200 OK"
2025-04-14 07:55:18,411 - httpx - INFO - HTTP Request: POST https://api.telegram.org/bot7690359419:AAFO0dgpL0IaAP44WCMtNOTPMq5plBmPWlA/getUpdates "HTTP/1.1 200 OK"
2025-04-14 07:55:28,443 - httpx - INFO - HTTP Request: POST https://api.telegram.org/bot7690359419:AAFO0dgpL0IaAP44WCMtNOTPMq5plBmPWlA/getUpdates "HTTP/1.1 200 OK"
2025-04-14 07:55:38,485 - httpx - INFO - HTTP Request: POST https://api.telegram.org/bot7690359419:AAFO0dgpL0IaAP44WCMtNOTPMq5plBmPWlA/getUpdates "HTTP/1.1 200 OK"
2025-04-14 07:55:48,518 - httpx - INFO - HTTP Request: POST https://api.telegram.org/bot7690359419:AAFO0dgpL0IaAP44WCMtNOTPMq5plBmPWlA/getUpdates "HTTP/1.1 200 OK"
2025-04-14 07:55:58,553 - httpx - INFO - HTTP Request: POST https://api.telegram.org/bot7690359419:AAFO0dgpL0IaAP44WCMtNOTPMq5plBmPWlA/getUpdates "HTTP/1.1 200 OK"
2025-04-14 07:55:59,600 - httpx - INFO - HTTP Request: POST https://api.telegram.org/bot7690359419:AAFO0dgpL0IaAP44WCMtNOTPMq5plBmPWlA/getUpdates "HTTP/1.1 200 OK"
2025-04-14 07:56:09,632 - httpx - INFO - HTTP Request: POST https://api.telegram.org/bot7690359419:AAFO0dgpL0IaAP44WCMtNOTPMq5plBmPWlA/getUpdates "HTTP/1.1 200 OK"
2025-04-14 07:56:19,665 - httpx - INFO - HTTP Request: POST https://api.telegram.org/bot7690359419:AAFO0dgpL0IaAP44WCMtNOTPMq5plBmPWlA/getUpdates "HTTP/1.1 200 OK"
2025-04-14 07:56:29,700 - httpx - INFO - HTTP Request: POST https://api.telegram.org/bot7690359419:AAFO0dgpL0IaAP44WCMtNOTPMq5plBmPWlA/getUpdates "HTTP/1.1 200 OK"
2025-04-14 07:56:39,735 - httpx - INFO - HTTP Request: POST https://api.telegram.org/bot7690359419:AAFO0dgpL0IaAP44WCMtNOTPMq5plBmPWlA/getUpdates "HTTP/1.1 200 OK"
2025-04-14 07:56:49,769 - httpx - INFO - HTTP Request: POST https://api.telegram.org/bot7690359419:AAFO0dgpL0IaAP44WCMtNOTPMq5plBmPWlA/getUpdates "HTTP/1.1 200 OK"
2025-04-14 07:56:54,233 - httpx - INFO - HTTP Request: POST https://api.telegram.org/bot7690359419:AAFO0dgpL0IaAP44WCMtNOTPMq5plBmPWlA/getUpdates "HTTP/1.1 200 OK"
2025-04-14 07:56:54,408 - httpx - INFO - HTTP Request: POST https://api.telegram.org/bot7690359419:AAFO0dgpL0IaAP44WCMtNOTPMq5plBmPWlA/sendMessage "HTTP/1.1 200 OK"
2025-04-14 07:56:54,409 - root - INFO - Начало загрузки видео по ссылке: https://www.youtube.com/watch?v=ywfi6lPhgts
2025-04-14 07:57:03,821 - httpx - INFO - HTTP Request: POST https://api.telegram.org/bot7690359419:AAFO0dgpL0IaAP44WCMtNOTPMq5plBmPWlA/sendVideo "HTTP/1.1 200 OK"
2025-04-14 07:57:03,822 - root - INFO - Видео успешно отправлено в чат: 1001155089880_video.mp4
2025-04-14 07:57:07,050 - httpx - INFO - HTTP Request: POST https://api.telegram.org/bot7690359419:AAFO0dgpL0IaAP44WCMtNOTPMq5plBmPWlA/getUpdates "HTTP/1.1 200 OK"
2025-04-14 07:57:07,950 - httpx - INFO - HTTP Request: POST https://api.telegram.org/bot7690359419:AAFO0dgpL0IaAP44WCMtNOTPMq5plBmPWlA/sendAudio "HTTP/1.1 200 OK"
2025-04-14 07:57:07,951 - root - INFO - Аудио успешно отправлено в чат: 1001155089880_audio.mp3
2025-04-14 07:57:17,119 - httpx - INFO - HTTP Request: POST https://api.telegram.org/bot7690359419:AAFO0dgpL0IaAP44WCMtNOTPMq5plBmPWlA/getUpdates "HTTP/1.1 200 OK"
2025-04-14 07:57:27,158 - httpx - INFO - HTTP Request: POST https://api.telegram.org/bot7690359419:AAFO0dgpL0IaAP44WCMtNOTPMq5plBmPWlA/getUpdates "HTTP/1.1 200 OK"
2025-04-14 07:57:28,938 - httpx - INFO - HTTP Request: POST https://api.telegram.org/bot7690359419:AAFO0dgpL0IaAP44WCMtNOTPMq5plBmPWlA/getUpdates "HTTP/1.1 200 OK"
2025-04-14 07:57:29,117 - httpx - INFO - HTTP Request: POST https://api.telegram.org/bot7690359419:AAFO0dgpL0IaAP44WCMtNOTPMq5plBmPWlA/sendMessage "HTTP/1.1 200 OK"
2025-04-14 07:57:29,118 - root - INFO - Начало загрузки видео по ссылке: https://www.youtube.com/shorts/pU-mmQxo1gI
2025-04-14 07:57:35,753 - httpx - INFO - HTTP Request: POST https://api.telegram.org/bot7690359419:AAFO0dgpL0IaAP44WCMtNOTPMq5plBmPWlA/sendVideo "HTTP/1.1 200 OK"
2025-04-14 07:57:35,754 - root - INFO - Видео успешно отправлено в чат: 1001155089880_video.mp4
2025-04-14 07:57:37,407 - httpx - INFO - HTTP Request: POST https://api.telegram.org/bot7690359419:AAFO0dgpL0IaAP44WCMtNOTPMq5plBmPWlA/sendAudio "HTTP/1.1 200 OK"
2025-04-14 07:57:37,408 - root - INFO - Аудио успешно отправлено в чат: 1001155089880_audio.mp3
2025-04-14 07:57:38,974 - httpx - INFO - HTTP Request: POST https://api.telegram.org/bot7690359419:AAFO0dgpL0IaAP44WCMtNOTPMq5plBmPWlA/getUpdates "HTTP/1.1 200 OK"
2025-04-14 07:57:48,520 - httpx - INFO - HTTP Request: POST https://api.telegram.org/bot7690359419:AAFO0dgpL0IaAP44WCMtNOTPMq5plBmPWlA/getUpdates "HTTP/1.1 200 OK"
2025-04-14 07:57:48,683 - httpx - INFO - HTTP Request: POST https://api.telegram.org/bot7690359419:AAFO0dgpL0IaAP44WCMtNOTPMq5plBmPWlA/sendMessage "HTTP/1.1 200 OK"
2025-04-14 07:57:48,684 - root - INFO - Начало загрузки TikTok видео по ссылке: https://vm.tiktok.com/ZMBby5f34/
2025-04-14 07:57:53,079 - httpx - INFO - HTTP Request: POST https://api.telegram.org/bot7690359419:AAFO0dgpL0IaAP44WCMtNOTPMq5plBmPWlA/sendVideo "HTTP/1.1 200 OK"
2025-04-14 07:57:53,080 - root - INFO - Видео TikTok успешно отправлено в чат: 1001155089880_tiktok.mp4
2025-04-14 07:57:54,727 - httpx - INFO - HTTP Request: POST https://api.telegram.org/bot7690359419:AAFO0dgpL0IaAP44WCMtNOTPMq5plBmPWlA/sendAudio "HTTP/1.1 200 OK"
2025-04-14 07:57:54,728 - root - INFO - Аудио успешно отправлено в чат: 1001155089880_audio.mp3
2025-04-14 07:57:58,579 - httpx - INFO - HTTP Request: POST https://api.telegram.org/bot7690359419:AAFO0dgpL0IaAP44WCMtNOTPMq5plBmPWlA/getUpdates "HTTP/1.1 200 OK"
2025-04-14 07:58:08,613 - httpx - INFO - HTTP Request: POST https://api.telegram.org/bot7690359419:AAFO0dgpL0IaAP44WCMtNOTPMq5plBmPWlA/getUpdates "HTTP/1.1 200 OK"
2025-04-14 07:58:18,647 - httpx - INFO - HTTP Request: POST https://api.telegram.org/bot7690359419:AAFO0dgpL0IaAP44WCMtNOTPMq5plBmPWlA/getUpdates "HTTP/1.1 200 OK"
2025-04-14 07:58:27,522 - httpx - INFO - HTTP Request: POST https://api.telegram.org/bot7690359419:AAFO0dgpL0IaAP44WCMtNOTPMq5plBmPWlA/getUpdates "HTTP/1.1 200 OK"
2025-04-14 07:58:27,523 - root - INFO - Сообщение не содержит ссылку на поддерживаемый ресурс.
2025-04-14 07:58:37,574 - httpx - INFO - HTTP Request: POST https://api.telegram.org/bot7690359419:AAFO0dgpL0IaAP44WCMtNOTPMq5plBmPWlA/getUpdates "HTTP/1.1 200 OK"
2025-04-14 07:58:40,810 - httpx - INFO - HTTP Request: POST https://api.telegram.org/bot7690359419:AAFO0dgpL0IaAP44WCMtNOTPMq5plBmPWlA/getUpdates "HTTP/1.1 200 OK"
2025-04-14 07:58:40,812 - root - INFO - Сообщение не содержит ссылку на поддерживаемый ресурс.
2025-04-14 07:58:50,844 - httpx - INFO - HTTP Request: POST https://api.telegram.org/bot7690359419:AAFO0dgpL0IaAP44WCMtNOTPMq5plBmPWlA/getUpdates "HTTP/1.1 200 OK"
2025-04-14 07:59:00,879 - httpx - INFO - HTTP Request: POST https://api.telegram.org/bot7690359419:AAFO0dgpL0IaAP44WCMtNOTPMq5plBmPWlA/getUpdates "HTTP/1.1 200 OK"
2025-04-14 07:59:07,613 - httpx - INFO - HTTP Request: POST https://api.telegram.org/bot7690359419:AAFO0dgpL0IaAP44WCMtNOTPMq5plBmPWlA/getUpdates "HTTP/1.1 200 OK"
2025-04-14 07:59:17,650 - httpx - INFO - HTTP Request: POST https://api.telegram.org/bot7690359419:AAFO0dgpL0IaAP44WCMtNOTPMq5plBmPWlA/getUpdates "HTTP/1.1 200 OK"
2025-04-14 07:59:27,682 - httpx - INFO - HTTP Request: POST https://api.telegram.org/bot7690359419:AAFO0dgpL0IaAP44WCMtNOTPMq5plBmPWlA/getUpdates "HTTP/1.1 200 OK"
2025-04-14 07:59:37,714 - httpx - INFO - HTTP Request: POST https://api.telegram.org/bot7690359419:AAFO0dgpL0IaAP44WCMtNOTPMq5plBmPWlA/getUpdates "HTTP/1.1 200 OK"
2025-04-14 07:59:47,754 - httpx - INFO - HTTP Request: POST https://api.telegram.org/bot7690359419:AAFO0dgpL0IaAP44WCMtNOTPMq5plBmPWlA/getUpdates "HTTP/1.1 200 OK"
2025-04-14 07:59:48,381 - httpx - INFO - HTTP Request: POST https://api.telegram.org/bot7690359419:AAFO0dgpL0IaAP44WCMtNOTPMq5plBmPWlA/getUpdates "HTTP/1.1 200 OK"
2025-04-14 07:59:48,382 - root - INFO - Сообщение не содержит ссылку на поддерживаемый ресурс.
2025-04-14 07:59:48,422 - httpx - INFO - HTTP Request: POST https://api.telegram.org/bot7690359419:AAFO0dgpL0IaAP44WCMtNOTPMq5plBmPWlA/getUpdates "HTTP/1.1 200 OK"
2025-04-14 07:59:58,456 - httpx - INFO - HTTP Request: POST https://api.telegram.org/bot7690359419:AAFO0dgpL0IaAP44WCMtNOTPMq5plBmPWlA/getUpdates "HTTP/1.1 200 OK"
2025-04-14 08:00:06,696 - httpx - INFO - HTTP Request: POST https://api.telegram.org/bot7690359419:AAFO0dgpL0IaAP44WCMtNOTPMq5plBmPWlA/getUpdates "HTTP/1.1 200 OK"
2025-04-14 08:00:16,729 - httpx - INFO - HTTP Request: POST https://api.telegram.org/bot7690359419:AAFO0dgpL0IaAP44WCMtNOTPMq5plBmPWlA/getUpdates "HTTP/1.1 200 OK"
2025-04-14 08:00:26,763 - httpx - INFO - HTTP Request: POST https://api.telegram.org/bot7690359419:AAFO0dgpL0IaAP44WCMtNOTPMq5plBmPWlA/getUpdates "HTTP/1.1 200 OK"
2025-04-14 08:00:35,153 - httpx - INFO - HTTP Request: POST https://api.telegram.org/bot7690359419:AAFO0dgpL0IaAP44WCMtNOTPMq5plBmPWlA/getUpdates "HTTP/1.1 200 OK"
2025-04-14 08:00:35,155 - root - INFO - Сообщение не содержит ссылку на поддерживаемый ресурс.
2025-04-14 08:00:45,189 - httpx - INFO - HTTP Request: POST https://api.telegram.org/bot7690359419:AAFO0dgpL0IaAP44WCMtNOTPMq5plBmPWlA/getUpdates "HTTP/1.1 200 OK"
2025-04-14 08:00:55,225 - httpx - INFO - HTTP Request: POST https://api.telegram.org/bot7690359419:AAFO0dgpL0IaAP44WCMtNOTPMq5plBmPWlA/getUpdates "HTTP/1.1 200 OK"
2025-04-14 08:01:05,257 - httpx - INFO - HTTP Request: POST https://api.telegram.org/bot7690359419:AAFO0dgpL0IaAP44WCMtNOTPMq5plBmPWlA/getUpdates "HTTP/1.1 200 OK"
2025-04-14 08:01:15,291 - httpx - INFO - HTTP Request: POST https://api.telegram.org/bot7690359419:AAFO0dgpL0IaAP44WCMtNOTPMq5plBmPWlA/getUpdates "HTTP/1.1 200 OK"
2025-04-14 08:01:24,236 - httpx - INFO - HTTP Request: POST https://api.telegram.org/bot7690359419:AAFO0dgpL0IaAP44WCMtNOTPMq5plBmPWlA/getUpdates "HTTP/1.1 200 OK"
2025-04-14 08:01:24,398 - httpx - INFO - HTTP Request: POST https://api.telegram.org/bot7690359419:AAFO0dgpL0IaAP44WCMtNOTPMq5plBmPWlA/sendMessage "HTTP/1.1 200 OK"
2025-04-14 08:01:24,399 - root - INFO - Начало загрузки видео по ссылке: https://youtu.be/BsrqKE1iqqo
2025-04-14 08:01:33,057 - httpx - INFO - HTTP Request: POST https://api.telegram.org/bot7690359419:AAFO0dgpL0IaAP44WCMtNOTPMq5plBmPWlA/sendVideo "HTTP/1.1 200 OK"
2025-04-14 08:01:33,057 - root - INFO - Видео успешно отправлено в чат: 276197125_video.mp4
2025-04-14 08:01:36,918 - httpx - INFO - HTTP Request: POST https://api.telegram.org/bot7690359419:AAFO0dgpL0IaAP44WCMtNOTPMq5plBmPWlA/getUpdates "HTTP/1.1 200 OK"
2025-04-14 08:01:37,850 - httpx - INFO - HTTP Request: POST https://api.telegram.org/bot7690359419:AAFO0dgpL0IaAP44WCMtNOTPMq5plBmPWlA/sendAudio "HTTP/1.1 200 OK"
2025-04-14 08:01:37,851 - root - INFO - Аудио успешно отправлено в чат: 276197125_audio.mp3
2025-04-14 08:01:47,002 - httpx - INFO - HTTP Request: POST https://api.telegram.org/bot7690359419:AAFO0dgpL0IaAP44WCMtNOTPMq5plBmPWlA/getUpdates "HTTP/1.1 200 OK"
2025-04-14 08:01:57,108 - httpx - INFO - HTTP Request: POST https://api.telegram.org/bot7690359419:AAFO0dgpL0IaAP44WCMtNOTPMq5plBmPWlA/getUpdates "HTTP/1.1 200 OK"
2025-04-14 08:02:07,145 - httpx - INFO - HTTP Request: POST https://api.telegram.org/bot7690359419:AAFO0dgpL0IaAP44WCMtNOTPMq5plBmPWlA/getUpdates "HTTP/1.1 200 OK"
2025-04-14 08:02:17,187 - httpx - INFO - HTTP Request: POST https://api.telegram.org/bot7690359419:AAFO0dgpL0IaAP44WCMtNOTPMq5plBmPWlA/getUpdates "HTTP/1.1 200 OK"
2025-04-14 08:02:27,228 - httpx - INFO - HTTP Request: POST https://api.telegram.org/bot7690359419:AAFO0dgpL0IaAP44WCMtNOTPMq5plBmPWlA/getUpdates "HTTP/1.1 200 OK"
2025-04-14 08:02:37,264 - httpx - INFO - HTTP Request: POST https://api.telegram.org/bot7690359419:AAFO0dgpL0IaAP44WCMtNOTPMq5plBmPWlA/getUpdates "HTTP/1.1 200 OK"
2025-04-14 08:02:47,297 - httpx - INFO - HTTP Request: POST https://api.telegram.org/bot7690359419:AAFO0dgpL0IaAP44WCMtNOTPMq5plBmPWlA/getUpdates "HTTP/1.1 200 OK"
2025-04-14 08:02:57,332 - httpx - INFO - HTTP Request: POST https://api.telegram.org/bot7690359419:AAFO0dgpL0IaAP44WCMtNOTPMq5plBmPWlA/getUpdates "HTTP/1.1 200 OK"
2025-04-14 08:03:07,365 - httpx - INFO - HTTP Request: POST https://api.telegram.org/bot7690359419:AAFO0dgpL0IaAP44WCMtNOTPMq5plBmPWlA/getUpdates "HTTP/1.1 200 OK"
2025-04-14 08:03:17,400 - httpx - INFO - HTTP Request: POST https://api.telegram.org/bot7690359419:AAFO0dgpL0IaAP44WCMtNOTPMq5plBmPWlA/getUpdates "HTTP/1.1 200 OK"
2025-04-14 08:03:27,432 - httpx - INFO - HTTP Request: POST https://api.telegram.org/bot7690359419:AAFO0dgpL0IaAP44WCMtNOTPMq5plBmPWlA/getUpdates "HTTP/1.1 200 OK"
2025-04-14 08:03:37,467 - httpx - INFO - HTTP Request: POST https://api.telegram.org/bot7690359419:AAFO0dgpL0IaAP44WCMtNOTPMq5plBmPWlA/getUpdates "HTTP/1.1 200 OK"
2025-04-14 08:03:47,501 - httpx - INFO - HTTP Request: POST https://api.telegram.org/bot7690359419:AAFO0dgpL0IaAP44WCMtNOTPMq5plBmPWlA/getUpdates "HTTP/1.1 200 OK"
2025-04-14 08:03:57,536 - httpx - INFO - HTTP Request: POST https://api.telegram.org/bot7690359419:AAFO0dgpL0IaAP44WCMtNOTPMq5plBmPWlA/getUpdates "HTTP/1.1 200 OK"
2025-04-14 08:04:07,569 - httpx - INFO - HTTP Request: POST https://api.telegram.org/bot7690359419:AAFO0dgpL0IaAP44WCMtNOTPMq5plBmPWlA/getUpdates "HTTP/1.1 200 OK"
2025-04-14 08:04:09,317 - httpx - INFO - HTTP Request: POST https://api.telegram.org/bot7690359419:AAFO0dgpL0IaAP44WCMtNOTPMq5plBmPWlA/getUpdates "HTTP/1.1 200 OK"
2025-04-14 08:04:09,318 - root - INFO - Сообщение не содержит ссылку на поддерживаемый ресурс.
2025-04-14 08:04:19,355 - httpx - INFO - HTTP Request: POST https://api.telegram.org/bot7690359419:AAFO0dgpL0IaAP44WCMtNOTPMq5plBmPWlA/getUpdates "HTTP/1.1 200 OK"
2025-04-14 08:04:29,388 - httpx - INFO - HTTP Request: POST https://api.telegram.org/bot7690359419:AAFO0dgpL0IaAP44WCMtNOTPMq5plBmPWlA/getUpdates "HTTP/1.1 200 OK"
2025-04-14 08:04:39,422 - httpx - INFO - HTTP Request: POST https://api.telegram.org/bot7690359419:AAFO0dgpL0IaAP44WCMtNOTPMq5plBmPWlA/getUpdates "HTTP/1.1 200 OK"
2025-04-14 08:04:49,454 - httpx - INFO - HTTP Request: POST https://api.telegram.org/bot7690359419:AAFO0dgpL0IaAP44WCMtNOTPMq5plBmPWlA/getUpdates "HTTP/1.1 200 OK"
2025-04-14 08:04:58,484 - httpx - INFO - HTTP Request: POST https://api.telegram.org/bot7690359419:AAFO0dgpL0IaAP44WCMtNOTPMq5plBmPWlA/getUpdates "HTTP/1.1 200 OK"
2025-04-14 08:04:58,649 - httpx - INFO - HTTP Request: POST https://api.telegram.org/bot7690359419:AAFO0dgpL0IaAP44WCMtNOTPMq5plBmPWlA/sendMessage "HTTP/1.1 200 OK"
2025-04-14 08:04:58,650 - root - INFO - Начало загрузки видео по ссылке: https://youtu.be/emgefum1j1s
2025-04-14 08:05:06,616 - httpx - INFO - HTTP Request: POST https://api.telegram.org/bot7690359419:AAFO0dgpL0IaAP44WCMtNOTPMq5plBmPWlA/sendVideo "HTTP/1.1 200 OK"
2025-04-14 08:05:06,617 - root - INFO - Видео успешно отправлено в чат: 276197125_video.mp4
2025-04-14 08:05:10,522 - httpx - INFO - HTTP Request: POST https://api.telegram.org/bot7690359419:AAFO0dgpL0IaAP44WCMtNOTPMq5plBmPWlA/getUpdates "HTTP/1.1 200 OK"
2025-04-14 08:05:11,358 - httpx - INFO - HTTP Request: POST https://api.telegram.org/bot7690359419:AAFO0dgpL0IaAP44WCMtNOTPMq5plBmPWlA/sendAudio "HTTP/1.1 200 OK"
2025-04-14 08:05:11,359 - root - INFO - Аудио успешно отправлено в чат: 276197125_audio.mp3
2025-04-14 08:05:20,605 - httpx - INFO - HTTP Request: POST https://api.telegram.org/bot7690359419:AAFO0dgpL0IaAP44WCMtNOTPMq5plBmPWlA/getUpdates "HTTP/1.1 200 OK"
2025-04-14 08:05:24,189 - httpx - INFO - HTTP Request: POST https://api.telegram.org/bot7690359419:AAFO0dgpL0IaAP44WCMtNOTPMq5plBmPWlA/getUpdates "HTTP/1.1 200 OK"
2025-04-14 08:05:24,190 - root - INFO - Сообщение не содержит ссылку на поддерживаемый ресурс.
2025-04-14 08:05:30,236 - httpx - INFO - HTTP Request: POST https://api.telegram.org/bot7690359419:AAFO0dgpL0IaAP44WCMtNOTPMq5plBmPWlA/getUpdates "HTTP/1.1 200 OK"
2025-04-14 08:05:30,237 - root - INFO - Сообщение не содержит ссылку на поддерживаемый ресурс.
2025-04-14 08:05:39,869 - httpx - INFO - HTTP Request: POST https://api.telegram.org/bot7690359419:AAFO0dgpL0IaAP44WCMtNOTPMq5plBmPWlA/getUpdates "HTTP/1.1 200 OK"
2025-04-14 08:05:39,870 - root - INFO - Сообщение не содержит ссылку на поддерживаемый ресурс.
2025-04-14 08:05:49,909 - httpx - INFO - HTTP Request: POST https://api.telegram.org/bot7690359419:AAFO0dgpL0IaAP44WCMtNOTPMq5plBmPWlA/getUpdates "HTTP/1.1 200 OK"
2025-04-14 08:05:59,942 - httpx - INFO - HTTP Request: POST https://api.telegram.org/bot7690359419:AAFO0dgpL0IaAP44WCMtNOTPMq5plBmPWlA/getUpdates "HTTP/1.1 200 OK"
2025-04-14 08:06:09,980 - httpx - INFO - HTTP Request: POST https://api.telegram.org/bot7690359419:AAFO0dgpL0IaAP44WCMtNOTPMq5plBmPWlA/getUpdates "HTTP/1.1 200 OK"
2025-04-14 08:06:20,019 - httpx - INFO - HTTP Request: POST https://api.telegram.org/bot7690359419:AAFO0dgpL0IaAP44WCMtNOTPMq5plBmPWlA/getUpdates "HTTP/1.1 200 OK"
2025-04-14 08:06:20,581 - httpx - INFO - HTTP Request: POST https://api.telegram.org/bot7690359419:AAFO0dgpL0IaAP44WCMtNOTPMq5plBmPWlA/getUpdates "HTTP/1.1 200 OK"
2025-04-14 08:06:20,724 - httpx - INFO - HTTP Request: POST https://api.telegram.org/bot7690359419:AAFO0dgpL0IaAP44WCMtNOTPMq5plBmPWlA/sendMessage "HTTP/1.1 200 OK"
2025-04-14 08:06:20,724 - root - INFO - Начало загрузки видео по ссылке: https://www.youtube.com/watch?v=XC4PV3Wi0O4
2025-04-14 08:06:30,131 - httpx - INFO - HTTP Request: POST https://api.telegram.org/bot7690359419:AAFO0dgpL0IaAP44WCMtNOTPMq5plBmPWlA/sendVideo "HTTP/1.1 200 OK"
2025-04-14 08:06:30,133 - root - INFO - Видео успешно отправлено в чат: 524626692_video.mp4
2025-04-14 08:06:34,045 - httpx - INFO - HTTP Request: POST https://api.telegram.org/bot7690359419:AAFO0dgpL0IaAP44WCMtNOTPMq5plBmPWlA/getUpdates "HTTP/1.1 200 OK"
2025-04-14 08:06:34,877 - httpx - INFO - HTTP Request: POST https://api.telegram.org/bot7690359419:AAFO0dgpL0IaAP44WCMtNOTPMq5plBmPWlA/sendAudio "HTTP/1.1 200 OK"
2025-04-14 08:06:34,878 - root - INFO - Аудио успешно отправлено в чат: 524626692_audio.mp3
2025-04-14 08:06:36,056 - httpx - INFO - HTTP Request: POST https://api.telegram.org/bot7690359419:AAFO0dgpL0IaAP44WCMtNOTPMq5plBmPWlA/getUpdates "HTTP/1.1 200 OK"
2025-04-14 08:06:36,057 - root - INFO - Сообщение не содержит ссылку на поддерживаемый ресурс.
2025-04-14 08:06:39,561 - httpx - INFO - HTTP Request: POST https://api.telegram.org/bot7690359419:AAFO0dgpL0IaAP44WCMtNOTPMq5plBmPWlA/getUpdates "HTTP/1.1 200 OK"
2025-04-14 08:06:39,562 - root - INFO - Сообщение не содержит ссылку на поддерживаемый ресурс.
2025-04-14 08:06:47,503 - httpx - INFO - HTTP Request: POST https://api.telegram.org/bot7690359419:AAFO0dgpL0IaAP44WCMtNOTPMq5plBmPWlA/getUpdates "HTTP/1.1 200 OK"
2025-04-14 08:06:47,504 - root - INFO - Сообщение не содержит ссылку на поддерживаемый ресурс.
2025-04-14 08:06:57,538 - httpx - INFO - HTTP Request: POST https://api.telegram.org/bot7690359419:AAFO0dgpL0IaAP44WCMtNOTPMq5plBmPWlA/getUpdates "HTTP/1.1 200 OK"
2025-04-14 08:07:07,571 - httpx - INFO - HTTP Request: POST https://api.telegram.org/bot7690359419:AAFO0dgpL0IaAP44WCMtNOTPMq5plBmPWlA/getUpdates "HTTP/1.1 200 OK"
2025-04-14 08:07:17,605 - httpx - INFO - HTTP Request: POST https://api.telegram.org/bot7690359419:AAFO0dgpL0IaAP44WCMtNOTPMq5plBmPWlA/getUpdates "HTTP/1.1 200 OK"
2025-04-14 08:07:27,655 - httpx - INFO - HTTP Request: POST https://api.telegram.org/bot7690359419:AAFO0dgpL0IaAP44WCMtNOTPMq5plBmPWlA/getUpdates "HTTP/1.1 200 OK"
2025-04-14 08:07:37,689 - httpx - INFO - HTTP Request: POST https://api.telegram.org/bot7690359419:AAFO0dgpL0IaAP44WCMtNOTPMq5plBmPWlA/getUpdates "HTTP/1.1 200 OK"
2025-04-14 08:07:46,828 - httpx - INFO - HTTP Request: POST https://api.telegram.org/bot7690359419:AAFO0dgpL0IaAP44WCMtNOTPMq5plBmPWlA/getUpdates "HTTP/1.1 200 OK"
2025-04-14 08:07:46,830 - root - INFO - Сообщение не содержит ссылку на поддерживаемый ресурс.
2025-04-14 08:07:54,314 - httpx - INFO - HTTP Request: POST https://api.telegram.org/bot7690359419:AAFO0dgpL0IaAP44WCMtNOTPMq5plBmPWlA/getUpdates "HTTP/1.1 200 OK"
2025-04-14 08:07:54,315 - root - INFO - Сообщение не содержит ссылку на поддерживаемый ресурс.
2025-04-14 08:08:04,349 - httpx - INFO - HTTP Request: POST https://api.telegram.org/bot7690359419:AAFO0dgpL0IaAP44WCMtNOTPMq5plBmPWlA/getUpdates "HTTP/1.1 200 OK"
2025-04-14 08:08:14,381 - httpx - INFO - HTTP Request: POST https://api.telegram.org/bot7690359419:AAFO0dgpL0IaAP44WCMtNOTPMq5plBmPWlA/getUpdates "HTTP/1.1 200 OK"
2025-04-14 08:08:24,416 - httpx - INFO - HTTP Request: POST https://api.telegram.org/bot7690359419:AAFO0dgpL0IaAP44WCMtNOTPMq5plBmPWlA/getUpdates "HTTP/1.1 200 OK"
2025-04-14 08:08:34,452 - httpx - INFO - HTTP Request: POST https://api.telegram.org/bot7690359419:AAFO0dgpL0IaAP44WCMtNOTPMq5plBmPWlA/getUpdates "HTTP/1.1 200 OK"
2025-04-14 08:08:38,549 - httpx - INFO - HTTP Request: POST https://api.telegram.org/bot7690359419:AAFO0dgpL0IaAP44WCMtNOTPMq5plBmPWlA/getUpdates "HTTP/1.1 200 OK"
2025-04-14 08:08:38,865 - httpx - INFO - HTTP Request: POST https://api.telegram.org/bot7690359419:AAFO0dgpL0IaAP44WCMtNOTPMq5plBmPWlA/getUpdates "HTTP/1.1 200 OK"
2025-04-14 08:08:48,900 - httpx - INFO - HTTP Request: POST https://api.telegram.org/bot7690359419:AAFO0dgpL0IaAP44WCMtNOTPMq5plBmPWlA/getUpdates "HTTP/1.1 200 OK"
2025-04-14 08:08:58,933 - httpx - INFO - HTTP Request: POST https://api.telegram.org/bot7690359419:AAFO0dgpL0IaAP44WCMtNOTPMq5plBmPWlA/getUpdates "HTTP/1.1 200 OK"
2025-04-14 08:09:08,967 - httpx - INFO - HTTP Request: POST https://api.telegram.org/bot7690359419:AAFO0dgpL0IaAP44WCMtNOTPMq5plBmPWlA/getUpdates "HTTP/1.1 200 OK"
2025-04-14 08:09:19,005 - httpx - INFO - HTTP Request: POST https://api.telegram.org/bot7690359419:AAFO0dgpL0IaAP44WCMtNOTPMq5plBmPWlA/getUpdates "HTTP/1.1 200 OK"
2025-04-14 08:09:29,037 - httpx - INFO - HTTP Request: POST https://api.telegram.org/bot7690359419:AAFO0dgpL0IaAP44WCMtNOTPMq5plBmPWlA/getUpdates "HTTP/1.1 200 OK"
2025-04-14 08:09:39,073 - httpx - INFO - HTTP Request: POST https://api.telegram.org/bot7690359419:AAFO0dgpL0IaAP44WCMtNOTPMq5plBmPWlA/getUpdates "HTTP/1.1 200 OK"
2025-04-14 08:09:49,107 - httpx - INFO - HTTP Request: POST https://api.telegram.org/bot7690359419:AAFO0dgpL0IaAP44WCMtNOTPMq5plBmPWlA/getUpdates "HTTP/1.1 200 OK"
2025-04-14 08:09:59,140 - httpx - INFO - HTTP Request: POST https://api.telegram.org/bot7690359419:AAFO0dgpL0IaAP44WCMtNOTPMq5plBmPWlA/getUpdates "HTTP/1.1 200 OK"
2025-04-14 08:10:09,172 - httpx - INFO - HTTP Request: POST https://api.telegram.org/bot7690359419:AAFO0dgpL0IaAP44WCMtNOTPMq5plBmPWlA/getUpdates "HTTP/1.1 200 OK"
2025-04-14 08:10:19,206 - httpx - INFO - HTTP Request: POST https://api.telegram.org/bot7690359419:AAFO0dgpL0IaAP44WCMtNOTPMq5plBmPWlA/getUpdates "HTTP/1.1 200 OK"
2025-04-14 08:10:29,241 - httpx - INFO - HTTP Request: POST https://api.telegram.org/bot7690359419:AAFO0dgpL0IaAP44WCMtNOTPMq5plBmPWlA/getUpdates "HTTP/1.1 200 OK"
2025-04-14 08:10:33,691 - httpx - INFO - HTTP Request: POST https://api.telegram.org/bot7690359419:AAFO0dgpL0IaAP44WCMtNOTPMq5plBmPWlA/getUpdates "HTTP/1.1 200 OK"
2025-04-14 08:10:41,330 - httpx - INFO - HTTP Request: POST https://api.telegram.org/bot7690359419:AAFO0dgpL0IaAP44WCMtNOTPMq5plBmPWlA/getUpdates "HTTP/1.1 200 OK"
2025-04-14 08:10:51,364 - httpx - INFO - HTTP Request: POST https://api.telegram.org/bot7690359419:AAFO0dgpL0IaAP44WCMtNOTPMq5plBmPWlA/getUpdates "HTTP/1.1 200 OK"
2025-04-14 08:10:59,966 - httpx - INFO - HTTP Request: POST https://api.telegram.org/bot7690359419:AAFO0dgpL0IaAP44WCMtNOTPMq5plBmPWlA/getUpdates "HTTP/1.1 200 OK"
2025-04-14 08:11:00,255 - httpx - INFO - HTTP Request: POST https://api.telegram.org/bot7690359419:AAFO0dgpL0IaAP44WCMtNOTPMq5plBmPWlA/sendMessage "HTTP/1.1 200 OK"
2025-04-14 08:11:00,256 - root - INFO - Начало загрузки видео по ссылке: https://www.youtube.com/watch?v=XC4PV3Wi0O4
2025-04-14 08:11:06,025 - httpx - INFO - HTTP Request: POST https://api.telegram.org/bot7690359419:AAFO0dgpL0IaAP44WCMtNOTPMq5plBmPWlA/getUpdates "HTTP/1.1 200 OK"
2025-04-14 08:11:09,382 - httpx - INFO - HTTP Request: POST https://api.telegram.org/bot7690359419:AAFO0dgpL0IaAP44WCMtNOTPMq5plBmPWlA/sendVideo "HTTP/1.1 200 OK"
2025-04-14 08:11:09,383 - root - INFO - Видео успешно отправлено в чат: 1001468250390_video.mp4
2025-04-14 08:11:14,369 - httpx - INFO - HTTP Request: POST https://api.telegram.org/bot7690359419:AAFO0dgpL0IaAP44WCMtNOTPMq5plBmPWlA/sendAudio "HTTP/1.1 200 OK"
2025-04-14 08:11:14,370 - root - INFO - Аудио успешно отправлено в чат: 1001468250390_audio.mp3
2025-04-14 08:11:14,373 - root - INFO - Сообщение не содержит ссылку на поддерживаемый ресурс.
2025-04-14 08:11:16,063 - httpx - INFO - HTTP Request: POST https://api.telegram.org/bot7690359419:AAFO0dgpL0IaAP44WCMtNOTPMq5plBmPWlA/getUpdates "HTTP/1.1 200 OK"
2025-04-14 08:11:23,310 - httpx - INFO - HTTP Request: POST https://api.telegram.org/bot7690359419:AAFO0dgpL0IaAP44WCMtNOTPMq5plBmPWlA/getUpdates "HTTP/1.1 200 OK"
2025-04-14 08:11:23,312 - telegram.ext.Application - ERROR - No error handlers are registered, logging exception.
Traceback (most recent call last):
  File "E:\Python\Python 3.12.6\Lib\site-packages\telegram\ext\_application.py", line 1298, in process_update
    await coroutine
  File "E:\Python\Python 3.12.6\Lib\site-packages\telegram\ext\_handlers\basehandler.py", line 158, in handle_update
    return await self.callback(update, context)
           ^^^^^^^^^^^^^^^^^^^^^^^^^^^^^^^^^^^^
  File "E:\ContentThieves\ContentThieves.py", line 93, in handle_message
    message_text = update.message.text
                   ^^^^^^^^^^^^^^^^^^^
AttributeError: 'NoneType' object has no attribute 'text'
2025-04-14 08:11:26,482 - httpx - INFO - HTTP Request: POST https://api.telegram.org/bot7690359419:AAFO0dgpL0IaAP44WCMtNOTPMq5plBmPWlA/getUpdates "HTTP/1.1 200 OK"
2025-04-14 08:11:26,484 - root - INFO - Сообщение не содержит ссылку на поддерживаемый ресурс.
2025-04-14 08:11:36,516 - httpx - INFO - HTTP Request: POST https://api.telegram.org/bot7690359419:AAFO0dgpL0IaAP44WCMtNOTPMq5plBmPWlA/getUpdates "HTTP/1.1 200 OK"
2025-04-14 08:11:46,554 - httpx - INFO - HTTP Request: POST https://api.telegram.org/bot7690359419:AAFO0dgpL0IaAP44WCMtNOTPMq5plBmPWlA/getUpdates "HTTP/1.1 200 OK"
2025-04-14 08:11:51,453 - httpx - INFO - HTTP Request: POST https://api.telegram.org/bot7690359419:AAFO0dgpL0IaAP44WCMtNOTPMq5plBmPWlA/getUpdates "HTTP/1.1 200 OK"
2025-04-14 08:11:51,646 - httpx - INFO - HTTP Request: POST https://api.telegram.org/bot7690359419:AAFO0dgpL0IaAP44WCMtNOTPMq5plBmPWlA/sendMessage "HTTP/1.1 200 OK"
2025-04-14 08:11:51,647 - root - INFO - Начало загрузки видео по ссылке: https://www.youtube.com/watch?v=8WvXRmKsciY
2025-04-14 08:12:00,104 - httpx - INFO - HTTP Request: POST https://api.telegram.org/bot7690359419:AAFO0dgpL0IaAP44WCMtNOTPMq5plBmPWlA/sendVideo "HTTP/1.1 200 OK"
2025-04-14 08:12:00,105 - root - INFO - Видео успешно отправлено в чат: 1001468250390_video.mp4
2025-04-14 08:12:02,439 - httpx - INFO - HTTP Request: POST https://api.telegram.org/bot7690359419:AAFO0dgpL0IaAP44WCMtNOTPMq5plBmPWlA/getUpdates "HTTP/1.1 200 OK"
2025-04-14 08:12:03,339 - httpx - INFO - HTTP Request: POST https://api.telegram.org/bot7690359419:AAFO0dgpL0IaAP44WCMtNOTPMq5plBmPWlA/sendAudio "HTTP/1.1 200 OK"
2025-04-14 08:12:03,340 - root - INFO - Аудио успешно отправлено в чат: 1001468250390_audio.mp3
2025-04-14 08:12:11,295 - httpx - INFO - HTTP Request: POST https://api.telegram.org/bot7690359419:AAFO0dgpL0IaAP44WCMtNOTPMq5plBmPWlA/getUpdates "HTTP/1.1 200 OK"
2025-04-14 08:12:11,466 - httpx - INFO - HTTP Request: POST https://api.telegram.org/bot7690359419:AAFO0dgpL0IaAP44WCMtNOTPMq5plBmPWlA/sendMessage "HTTP/1.1 200 OK"
2025-04-14 08:12:11,467 - root - INFO - Начало загрузки TikTok видео по ссылке: https://vm.tiktok.com/ZMBbypB8g/
2025-04-14 08:12:16,463 - httpx - INFO - HTTP Request: POST https://api.telegram.org/bot7690359419:AAFO0dgpL0IaAP44WCMtNOTPMq5plBmPWlA/sendVideo "HTTP/1.1 200 OK"
2025-04-14 08:12:16,464 - root - INFO - Видео TikTok успешно отправлено в чат: 1001468250390_tiktok.mp4
2025-04-14 08:12:18,509 - httpx - INFO - HTTP Request: POST https://api.telegram.org/bot7690359419:AAFO0dgpL0IaAP44WCMtNOTPMq5plBmPWlA/sendAudio "HTTP/1.1 200 OK"
2025-04-14 08:12:18,510 - root - INFO - Аудио успешно отправлено в чат: 1001468250390_audio.mp3
2025-04-14 08:12:21,336 - httpx - INFO - HTTP Request: POST https://api.telegram.org/bot7690359419:AAFO0dgpL0IaAP44WCMtNOTPMq5plBmPWlA/getUpdates "HTTP/1.1 200 OK"
2025-04-14 08:12:31,369 - httpx - INFO - HTTP Request: POST https://api.telegram.org/bot7690359419:AAFO0dgpL0IaAP44WCMtNOTPMq5plBmPWlA/getUpdates "HTTP/1.1 200 OK"
2025-04-14 08:12:41,402 - httpx - INFO - HTTP Request: POST https://api.telegram.org/bot7690359419:AAFO0dgpL0IaAP44WCMtNOTPMq5plBmPWlA/getUpdates "HTTP/1.1 200 OK"
2025-04-14 08:12:51,440 - httpx - INFO - HTTP Request: POST https://api.telegram.org/bot7690359419:AAFO0dgpL0IaAP44WCMtNOTPMq5plBmPWlA/getUpdates "HTTP/1.1 200 OK"
2025-04-14 08:13:01,473 - httpx - INFO - HTTP Request: POST https://api.telegram.org/bot7690359419:AAFO0dgpL0IaAP44WCMtNOTPMq5plBmPWlA/getUpdates "HTTP/1.1 200 OK"
2025-04-14 08:13:11,508 - httpx - INFO - HTTP Request: POST https://api.telegram.org/bot7690359419:AAFO0dgpL0IaAP44WCMtNOTPMq5plBmPWlA/getUpdates "HTTP/1.1 200 OK"
2025-04-14 08:13:21,540 - httpx - INFO - HTTP Request: POST https://api.telegram.org/bot7690359419:AAFO0dgpL0IaAP44WCMtNOTPMq5plBmPWlA/getUpdates "HTTP/1.1 200 OK"
2025-04-14 08:13:30,336 - httpx - INFO - HTTP Request: POST https://api.telegram.org/bot7690359419:AAFO0dgpL0IaAP44WCMtNOTPMq5plBmPWlA/getUpdates "HTTP/1.1 200 OK"
2025-04-14 08:13:30,337 - root - INFO - Сообщение не содержит ссылку на поддерживаемый ресурс.
2025-04-14 08:13:40,371 - httpx - INFO - HTTP Request: POST https://api.telegram.org/bot7690359419:AAFO0dgpL0IaAP44WCMtNOTPMq5plBmPWlA/getUpdates "HTTP/1.1 200 OK"
2025-04-14 08:13:50,404 - httpx - INFO - HTTP Request: POST https://api.telegram.org/bot7690359419:AAFO0dgpL0IaAP44WCMtNOTPMq5plBmPWlA/getUpdates "HTTP/1.1 200 OK"
2025-04-14 08:14:00,441 - httpx - INFO - HTTP Request: POST https://api.telegram.org/bot7690359419:AAFO0dgpL0IaAP44WCMtNOTPMq5plBmPWlA/getUpdates "HTTP/1.1 200 OK"
2025-04-14 08:14:10,474 - httpx - INFO - HTTP Request: POST https://api.telegram.org/bot7690359419:AAFO0dgpL0IaAP44WCMtNOTPMq5plBmPWlA/getUpdates "HTTP/1.1 200 OK"
2025-04-14 08:14:18,758 - httpx - INFO - HTTP Request: POST https://api.telegram.org/bot7690359419:AAFO0dgpL0IaAP44WCMtNOTPMq5plBmPWlA/getUpdates "HTTP/1.1 200 OK"
2025-04-14 08:14:28,824 - httpx - INFO - HTTP Request: POST https://api.telegram.org/bot7690359419:AAFO0dgpL0IaAP44WCMtNOTPMq5plBmPWlA/getUpdates "HTTP/1.1 200 OK"
2025-04-14 08:14:38,863 - httpx - INFO - HTTP Request: POST https://api.telegram.org/bot7690359419:AAFO0dgpL0IaAP44WCMtNOTPMq5plBmPWlA/getUpdates "HTTP/1.1 200 OK"
2025-04-14 08:14:48,896 - httpx - INFO - HTTP Request: POST https://api.telegram.org/bot7690359419:AAFO0dgpL0IaAP44WCMtNOTPMq5plBmPWlA/getUpdates "HTTP/1.1 200 OK"
2025-04-14 08:14:58,930 - httpx - INFO - HTTP Request: POST https://api.telegram.org/bot7690359419:AAFO0dgpL0IaAP44WCMtNOTPMq5plBmPWlA/getUpdates "HTTP/1.1 200 OK"
2025-04-14 08:15:08,961 - httpx - INFO - HTTP Request: POST https://api.telegram.org/bot7690359419:AAFO0dgpL0IaAP44WCMtNOTPMq5plBmPWlA/getUpdates "HTTP/1.1 200 OK"
2025-04-14 08:15:18,996 - httpx - INFO - HTTP Request: POST https://api.telegram.org/bot7690359419:AAFO0dgpL0IaAP44WCMtNOTPMq5plBmPWlA/getUpdates "HTTP/1.1 200 OK"
2025-04-14 08:15:29,031 - httpx - INFO - HTTP Request: POST https://api.telegram.org/bot7690359419:AAFO0dgpL0IaAP44WCMtNOTPMq5plBmPWlA/getUpdates "HTTP/1.1 200 OK"
2025-04-14 08:15:39,062 - httpx - INFO - HTTP Request: POST https://api.telegram.org/bot7690359419:AAFO0dgpL0IaAP44WCMtNOTPMq5plBmPWlA/getUpdates "HTTP/1.1 200 OK"
2025-04-14 08:15:40,528 - httpx - INFO - HTTP Request: POST https://api.telegram.org/bot7690359419:AAFO0dgpL0IaAP44WCMtNOTPMq5plBmPWlA/getUpdates "HTTP/1.1 200 OK"
2025-04-14 08:15:40,529 - root - INFO - Сообщение не содержит ссылку на поддерживаемый ресурс.
2025-04-14 08:15:50,563 - httpx - INFO - HTTP Request: POST https://api.telegram.org/bot7690359419:AAFO0dgpL0IaAP44WCMtNOTPMq5plBmPWlA/getUpdates "HTTP/1.1 200 OK"
2025-04-14 08:16:00,596 - httpx - INFO - HTTP Request: POST https://api.telegram.org/bot7690359419:AAFO0dgpL0IaAP44WCMtNOTPMq5plBmPWlA/getUpdates "HTTP/1.1 200 OK"
2025-04-14 08:16:10,632 - httpx - INFO - HTTP Request: POST https://api.telegram.org/bot7690359419:AAFO0dgpL0IaAP44WCMtNOTPMq5plBmPWlA/getUpdates "HTTP/1.1 200 OK"
2025-04-14 08:16:20,665 - httpx - INFO - HTTP Request: POST https://api.telegram.org/bot7690359419:AAFO0dgpL0IaAP44WCMtNOTPMq5plBmPWlA/getUpdates "HTTP/1.1 200 OK"
2025-04-14 08:16:23,799 - httpx - INFO - HTTP Request: POST https://api.telegram.org/bot7690359419:AAFO0dgpL0IaAP44WCMtNOTPMq5plBmPWlA/getUpdates "HTTP/1.1 200 OK"
2025-04-14 08:16:23,800 - root - INFO - Сообщение не содержит ссылку на поддерживаемый ресурс.
2025-04-14 08:16:33,832 - httpx - INFO - HTTP Request: POST https://api.telegram.org/bot7690359419:AAFO0dgpL0IaAP44WCMtNOTPMq5plBmPWlA/getUpdates "HTTP/1.1 200 OK"
2025-04-14 08:16:34,661 - httpx - INFO - HTTP Request: POST https://api.telegram.org/bot7690359419:AAFO0dgpL0IaAP44WCMtNOTPMq5plBmPWlA/getUpdates "HTTP/1.1 200 OK"
2025-04-14 08:16:34,663 - root - INFO - Сообщение не содержит ссылку на поддерживаемый ресурс.
2025-04-14 08:16:43,604 - httpx - INFO - HTTP Request: POST https://api.telegram.org/bot7690359419:AAFO0dgpL0IaAP44WCMtNOTPMq5plBmPWlA/getUpdates "HTTP/1.1 200 OK"
2025-04-14 08:16:43,605 - root - INFO - Сообщение не содержит ссылку на поддерживаемый ресурс.
2025-04-14 08:16:53,638 - httpx - INFO - HTTP Request: POST https://api.telegram.org/bot7690359419:AAFO0dgpL0IaAP44WCMtNOTPMq5plBmPWlA/getUpdates "HTTP/1.1 200 OK"
2025-04-14 08:17:03,672 - httpx - INFO - HTTP Request: POST https://api.telegram.org/bot7690359419:AAFO0dgpL0IaAP44WCMtNOTPMq5plBmPWlA/getUpdates "HTTP/1.1 200 OK"
2025-04-14 08:17:13,704 - httpx - INFO - HTTP Request: POST https://api.telegram.org/bot7690359419:AAFO0dgpL0IaAP44WCMtNOTPMq5plBmPWlA/getUpdates "HTTP/1.1 200 OK"
2025-04-14 08:17:23,737 - httpx - INFO - HTTP Request: POST https://api.telegram.org/bot7690359419:AAFO0dgpL0IaAP44WCMtNOTPMq5plBmPWlA/getUpdates "HTTP/1.1 200 OK"
2025-04-14 08:17:23,833 - httpx - INFO - HTTP Request: POST https://api.telegram.org/bot7690359419:AAFO0dgpL0IaAP44WCMtNOTPMq5plBmPWlA/getUpdates "HTTP/1.1 200 OK"
2025-04-14 08:17:23,834 - root - INFO - Сообщение не содержит ссылку на поддерживаемый ресурс.
2025-04-14 08:17:33,868 - httpx - INFO - HTTP Request: POST https://api.telegram.org/bot7690359419:AAFO0dgpL0IaAP44WCMtNOTPMq5plBmPWlA/getUpdates "HTTP/1.1 200 OK"
2025-04-14 08:17:43,761 - httpx - INFO - HTTP Request: POST https://api.telegram.org/bot7690359419:AAFO0dgpL0IaAP44WCMtNOTPMq5plBmPWlA/getUpdates "HTTP/1.1 200 OK"
2025-04-14 08:17:43,763 - root - INFO - Сообщение не содержит ссылку на поддерживаемый ресурс.
2025-04-14 08:17:49,482 - httpx - INFO - HTTP Request: POST https://api.telegram.org/bot7690359419:AAFO0dgpL0IaAP44WCMtNOTPMq5plBmPWlA/getUpdates "HTTP/1.1 200 OK"
2025-04-14 08:17:49,483 - root - INFO - Сообщение не содержит ссылку на поддерживаемый ресурс.
2025-04-14 08:17:59,515 - httpx - INFO - HTTP Request: POST https://api.telegram.org/bot7690359419:AAFO0dgpL0IaAP44WCMtNOTPMq5plBmPWlA/getUpdates "HTTP/1.1 200 OK"
2025-04-14 08:18:09,547 - httpx - INFO - HTTP Request: POST https://api.telegram.org/bot7690359419:AAFO0dgpL0IaAP44WCMtNOTPMq5plBmPWlA/getUpdates "HTTP/1.1 200 OK"
2025-04-14 08:18:19,577 - httpx - INFO - HTTP Request: POST https://api.telegram.org/bot7690359419:AAFO0dgpL0IaAP44WCMtNOTPMq5plBmPWlA/getUpdates "HTTP/1.1 200 OK"
2025-04-14 08:18:29,611 - httpx - INFO - HTTP Request: POST https://api.telegram.org/bot7690359419:AAFO0dgpL0IaAP44WCMtNOTPMq5plBmPWlA/getUpdates "HTTP/1.1 200 OK"
2025-04-14 08:18:39,642 - httpx - INFO - HTTP Request: POST https://api.telegram.org/bot7690359419:AAFO0dgpL0IaAP44WCMtNOTPMq5plBmPWlA/getUpdates "HTTP/1.1 200 OK"
2025-04-14 08:18:49,675 - httpx - INFO - HTTP Request: POST https://api.telegram.org/bot7690359419:AAFO0dgpL0IaAP44WCMtNOTPMq5plBmPWlA/getUpdates "HTTP/1.1 200 OK"
2025-04-14 08:18:56,963 - httpx - INFO - HTTP Request: POST https://api.telegram.org/bot7690359419:AAFO0dgpL0IaAP44WCMtNOTPMq5plBmPWlA/getUpdates "HTTP/1.1 200 OK"
2025-04-14 08:18:56,964 - root - INFO - Сообщение не содержит ссылку на поддерживаемый ресурс.
2025-04-14 08:19:00,478 - httpx - INFO - HTTP Request: POST https://api.telegram.org/bot7690359419:AAFO0dgpL0IaAP44WCMtNOTPMq5plBmPWlA/getUpdates "HTTP/1.1 200 OK"
2025-04-14 08:19:00,479 - root - INFO - Сообщение не содержит ссылку на поддерживаемый ресурс.
2025-04-14 08:19:02,499 - httpx - INFO - HTTP Request: POST https://api.telegram.org/bot7690359419:AAFO0dgpL0IaAP44WCMtNOTPMq5plBmPWlA/getUpdates "HTTP/1.1 200 OK"
2025-04-14 08:19:12,533 - httpx - INFO - HTTP Request: POST https://api.telegram.org/bot7690359419:AAFO0dgpL0IaAP44WCMtNOTPMq5plBmPWlA/getUpdates "HTTP/1.1 200 OK"
2025-04-14 08:19:22,567 - httpx - INFO - HTTP Request: POST https://api.telegram.org/bot7690359419:AAFO0dgpL0IaAP44WCMtNOTPMq5plBmPWlA/getUpdates "HTTP/1.1 200 OK"
2025-04-14 08:19:32,600 - httpx - INFO - HTTP Request: POST https://api.telegram.org/bot7690359419:AAFO0dgpL0IaAP44WCMtNOTPMq5plBmPWlA/getUpdates "HTTP/1.1 200 OK"
2025-04-14 08:19:42,633 - httpx - INFO - HTTP Request: POST https://api.telegram.org/bot7690359419:AAFO0dgpL0IaAP44WCMtNOTPMq5plBmPWlA/getUpdates "HTTP/1.1 200 OK"
2025-04-14 08:19:52,663 - httpx - INFO - HTTP Request: POST https://api.telegram.org/bot7690359419:AAFO0dgpL0IaAP44WCMtNOTPMq5plBmPWlA/getUpdates "HTTP/1.1 200 OK"
2025-04-14 08:20:02,696 - httpx - INFO - HTTP Request: POST https://api.telegram.org/bot7690359419:AAFO0dgpL0IaAP44WCMtNOTPMq5plBmPWlA/getUpdates "HTTP/1.1 200 OK"
2025-04-14 08:20:12,733 - httpx - INFO - HTTP Request: POST https://api.telegram.org/bot7690359419:AAFO0dgpL0IaAP44WCMtNOTPMq5plBmPWlA/getUpdates "HTTP/1.1 200 OK"
2025-04-14 08:20:22,766 - httpx - INFO - HTTP Request: POST https://api.telegram.org/bot7690359419:AAFO0dgpL0IaAP44WCMtNOTPMq5plBmPWlA/getUpdates "HTTP/1.1 200 OK"
2025-04-14 08:20:32,797 - httpx - INFO - HTTP Request: POST https://api.telegram.org/bot7690359419:AAFO0dgpL0IaAP44WCMtNOTPMq5plBmPWlA/getUpdates "HTTP/1.1 200 OK"
2025-04-14 08:20:42,834 - httpx - INFO - HTTP Request: POST https://api.telegram.org/bot7690359419:AAFO0dgpL0IaAP44WCMtNOTPMq5plBmPWlA/getUpdates "HTTP/1.1 200 OK"
2025-04-14 08:20:52,865 - httpx - INFO - HTTP Request: POST https://api.telegram.org/bot7690359419:AAFO0dgpL0IaAP44WCMtNOTPMq5plBmPWlA/getUpdates "HTTP/1.1 200 OK"
2025-04-14 08:21:02,897 - httpx - INFO - HTTP Request: POST https://api.telegram.org/bot7690359419:AAFO0dgpL0IaAP44WCMtNOTPMq5plBmPWlA/getUpdates "HTTP/1.1 200 OK"
2025-04-14 08:21:12,929 - httpx - INFO - HTTP Request: POST https://api.telegram.org/bot7690359419:AAFO0dgpL0IaAP44WCMtNOTPMq5plBmPWlA/getUpdates "HTTP/1.1 200 OK"
2025-04-14 08:21:22,962 - httpx - INFO - HTTP Request: POST https://api.telegram.org/bot7690359419:AAFO0dgpL0IaAP44WCMtNOTPMq5plBmPWlA/getUpdates "HTTP/1.1 200 OK"
2025-04-14 08:21:32,994 - httpx - INFO - HTTP Request: POST https://api.telegram.org/bot7690359419:AAFO0dgpL0IaAP44WCMtNOTPMq5plBmPWlA/getUpdates "HTTP/1.1 200 OK"
2025-04-14 08:21:43,026 - httpx - INFO - HTTP Request: POST https://api.telegram.org/bot7690359419:AAFO0dgpL0IaAP44WCMtNOTPMq5plBmPWlA/getUpdates "HTTP/1.1 200 OK"
2025-04-14 08:21:50,184 - httpx - INFO - HTTP Request: POST https://api.telegram.org/bot7690359419:AAFO0dgpL0IaAP44WCMtNOTPMq5plBmPWlA/getUpdates "HTTP/1.1 200 OK"
2025-04-14 08:21:50,186 - root - INFO - Сообщение не содержит ссылку на поддерживаемый ресурс.
2025-04-14 08:22:00,219 - httpx - INFO - HTTP Request: POST https://api.telegram.org/bot7690359419:AAFO0dgpL0IaAP44WCMtNOTPMq5plBmPWlA/getUpdates "HTTP/1.1 200 OK"
2025-04-14 08:22:10,251 - httpx - INFO - HTTP Request: POST https://api.telegram.org/bot7690359419:AAFO0dgpL0IaAP44WCMtNOTPMq5plBmPWlA/getUpdates "HTTP/1.1 200 OK"
2025-04-14 08:22:20,283 - httpx - INFO - HTTP Request: POST https://api.telegram.org/bot7690359419:AAFO0dgpL0IaAP44WCMtNOTPMq5plBmPWlA/getUpdates "HTTP/1.1 200 OK"
2025-04-14 08:22:30,316 - httpx - INFO - HTTP Request: POST https://api.telegram.org/bot7690359419:AAFO0dgpL0IaAP44WCMtNOTPMq5plBmPWlA/getUpdates "HTTP/1.1 200 OK"
2025-04-14 08:22:40,348 - httpx - INFO - HTTP Request: POST https://api.telegram.org/bot7690359419:AAFO0dgpL0IaAP44WCMtNOTPMq5plBmPWlA/getUpdates "HTTP/1.1 200 OK"
2025-04-14 08:22:50,381 - httpx - INFO - HTTP Request: POST https://api.telegram.org/bot7690359419:AAFO0dgpL0IaAP44WCMtNOTPMq5plBmPWlA/getUpdates "HTTP/1.1 200 OK"
2025-04-14 08:23:00,413 - httpx - INFO - HTTP Request: POST https://api.telegram.org/bot7690359419:AAFO0dgpL0IaAP44WCMtNOTPMq5plBmPWlA/getUpdates "HTTP/1.1 200 OK"
2025-04-14 08:23:10,446 - httpx - INFO - HTTP Request: POST https://api.telegram.org/bot7690359419:AAFO0dgpL0IaAP44WCMtNOTPMq5plBmPWlA/getUpdates "HTTP/1.1 200 OK"
2025-04-14 08:23:20,478 - httpx - INFO - HTTP Request: POST https://api.telegram.org/bot7690359419:AAFO0dgpL0IaAP44WCMtNOTPMq5plBmPWlA/getUpdates "HTTP/1.1 200 OK"
2025-04-14 08:23:30,510 - httpx - INFO - HTTP Request: POST https://api.telegram.org/bot7690359419:AAFO0dgpL0IaAP44WCMtNOTPMq5plBmPWlA/getUpdates "HTTP/1.1 200 OK"
2025-04-14 08:23:40,543 - httpx - INFO - HTTP Request: POST https://api.telegram.org/bot7690359419:AAFO0dgpL0IaAP44WCMtNOTPMq5plBmPWlA/getUpdates "HTTP/1.1 200 OK"
2025-04-14 08:23:50,575 - httpx - INFO - HTTP Request: POST https://api.telegram.org/bot7690359419:AAFO0dgpL0IaAP44WCMtNOTPMq5plBmPWlA/getUpdates "HTTP/1.1 200 OK"
2025-04-14 08:24:00,606 - httpx - INFO - HTTP Request: POST https://api.telegram.org/bot7690359419:AAFO0dgpL0IaAP44WCMtNOTPMq5plBmPWlA/getUpdates "HTTP/1.1 200 OK"
2025-04-14 08:24:10,641 - httpx - INFO - HTTP Request: POST https://api.telegram.org/bot7690359419:AAFO0dgpL0IaAP44WCMtNOTPMq5plBmPWlA/getUpdates "HTTP/1.1 200 OK"
2025-04-14 08:24:20,672 - httpx - INFO - HTTP Request: POST https://api.telegram.org/bot7690359419:AAFO0dgpL0IaAP44WCMtNOTPMq5plBmPWlA/getUpdates "HTTP/1.1 200 OK"
2025-04-14 08:24:30,703 - httpx - INFO - HTTP Request: POST https://api.telegram.org/bot7690359419:AAFO0dgpL0IaAP44WCMtNOTPMq5plBmPWlA/getUpdates "HTTP/1.1 200 OK"
2025-04-14 08:24:40,734 - httpx - INFO - HTTP Request: POST https://api.telegram.org/bot7690359419:AAFO0dgpL0IaAP44WCMtNOTPMq5plBmPWlA/getUpdates "HTTP/1.1 200 OK"
2025-04-14 08:24:50,767 - httpx - INFO - HTTP Request: POST https://api.telegram.org/bot7690359419:AAFO0dgpL0IaAP44WCMtNOTPMq5plBmPWlA/getUpdates "HTTP/1.1 200 OK"
2025-04-14 08:25:00,800 - httpx - INFO - HTTP Request: POST https://api.telegram.org/bot7690359419:AAFO0dgpL0IaAP44WCMtNOTPMq5plBmPWlA/getUpdates "HTTP/1.1 200 OK"
2025-04-14 08:25:10,832 - httpx - INFO - HTTP Request: POST https://api.telegram.org/bot7690359419:AAFO0dgpL0IaAP44WCMtNOTPMq5plBmPWlA/getUpdates "HTTP/1.1 200 OK"
2025-04-14 08:25:20,864 - httpx - INFO - HTTP Request: POST https://api.telegram.org/bot7690359419:AAFO0dgpL0IaAP44WCMtNOTPMq5plBmPWlA/getUpdates "HTTP/1.1 200 OK"
2025-04-14 08:25:30,896 - httpx - INFO - HTTP Request: POST https://api.telegram.org/bot7690359419:AAFO0dgpL0IaAP44WCMtNOTPMq5plBmPWlA/getUpdates "HTTP/1.1 200 OK"
2025-04-14 08:25:40,929 - httpx - INFO - HTTP Request: POST https://api.telegram.org/bot7690359419:AAFO0dgpL0IaAP44WCMtNOTPMq5plBmPWlA/getUpdates "HTTP/1.1 200 OK"
2025-04-14 08:25:50,960 - httpx - INFO - HTTP Request: POST https://api.telegram.org/bot7690359419:AAFO0dgpL0IaAP44WCMtNOTPMq5plBmPWlA/getUpdates "HTTP/1.1 200 OK"
2025-04-14 08:26:00,993 - httpx - INFO - HTTP Request: POST https://api.telegram.org/bot7690359419:AAFO0dgpL0IaAP44WCMtNOTPMq5plBmPWlA/getUpdates "HTTP/1.1 200 OK"
2025-04-14 08:26:11,026 - httpx - INFO - HTTP Request: POST https://api.telegram.org/bot7690359419:AAFO0dgpL0IaAP44WCMtNOTPMq5plBmPWlA/getUpdates "HTTP/1.1 200 OK"
2025-04-14 08:26:21,058 - httpx - INFO - HTTP Request: POST https://api.telegram.org/bot7690359419:AAFO0dgpL0IaAP44WCMtNOTPMq5plBmPWlA/getUpdates "HTTP/1.1 200 OK"
2025-04-14 08:26:31,090 - httpx - INFO - HTTP Request: POST https://api.telegram.org/bot7690359419:AAFO0dgpL0IaAP44WCMtNOTPMq5plBmPWlA/getUpdates "HTTP/1.1 200 OK"
2025-04-14 08:26:41,123 - httpx - INFO - HTTP Request: POST https://api.telegram.org/bot7690359419:AAFO0dgpL0IaAP44WCMtNOTPMq5plBmPWlA/getUpdates "HTTP/1.1 200 OK"
2025-04-14 08:26:51,154 - httpx - INFO - HTTP Request: POST https://api.telegram.org/bot7690359419:AAFO0dgpL0IaAP44WCMtNOTPMq5plBmPWlA/getUpdates "HTTP/1.1 200 OK"
2025-04-14 08:27:01,186 - httpx - INFO - HTTP Request: POST https://api.telegram.org/bot7690359419:AAFO0dgpL0IaAP44WCMtNOTPMq5plBmPWlA/getUpdates "HTTP/1.1 200 OK"
2025-04-14 08:27:11,218 - httpx - INFO - HTTP Request: POST https://api.telegram.org/bot7690359419:AAFO0dgpL0IaAP44WCMtNOTPMq5plBmPWlA/getUpdates "HTTP/1.1 200 OK"
2025-04-14 08:27:21,250 - httpx - INFO - HTTP Request: POST https://api.telegram.org/bot7690359419:AAFO0dgpL0IaAP44WCMtNOTPMq5plBmPWlA/getUpdates "HTTP/1.1 200 OK"
2025-04-14 08:27:31,281 - httpx - INFO - HTTP Request: POST https://api.telegram.org/bot7690359419:AAFO0dgpL0IaAP44WCMtNOTPMq5plBmPWlA/getUpdates "HTTP/1.1 200 OK"
2025-04-14 08:27:41,312 - httpx - INFO - HTTP Request: POST https://api.telegram.org/bot7690359419:AAFO0dgpL0IaAP44WCMtNOTPMq5plBmPWlA/getUpdates "HTTP/1.1 200 OK"
2025-04-14 08:27:51,343 - httpx - INFO - HTTP Request: POST https://api.telegram.org/bot7690359419:AAFO0dgpL0IaAP44WCMtNOTPMq5plBmPWlA/getUpdates "HTTP/1.1 200 OK"
2025-04-14 08:28:01,375 - httpx - INFO - HTTP Request: POST https://api.telegram.org/bot7690359419:AAFO0dgpL0IaAP44WCMtNOTPMq5plBmPWlA/getUpdates "HTTP/1.1 200 OK"
2025-04-14 08:28:11,407 - httpx - INFO - HTTP Request: POST https://api.telegram.org/bot7690359419:AAFO0dgpL0IaAP44WCMtNOTPMq5plBmPWlA/getUpdates "HTTP/1.1 200 OK"
2025-04-14 08:28:21,437 - httpx - INFO - HTTP Request: POST https://api.telegram.org/bot7690359419:AAFO0dgpL0IaAP44WCMtNOTPMq5plBmPWlA/getUpdates "HTTP/1.1 200 OK"
2025-04-14 08:28:31,470 - httpx - INFO - HTTP Request: POST https://api.telegram.org/bot7690359419:AAFO0dgpL0IaAP44WCMtNOTPMq5plBmPWlA/getUpdates "HTTP/1.1 200 OK"
2025-04-14 08:28:41,501 - httpx - INFO - HTTP Request: POST https://api.telegram.org/bot7690359419:AAFO0dgpL0IaAP44WCMtNOTPMq5plBmPWlA/getUpdates "HTTP/1.1 200 OK"
2025-04-14 08:28:51,533 - httpx - INFO - HTTP Request: POST https://api.telegram.org/bot7690359419:AAFO0dgpL0IaAP44WCMtNOTPMq5plBmPWlA/getUpdates "HTTP/1.1 200 OK"
2025-04-14 08:28:58,142 - httpx - INFO - HTTP Request: POST https://api.telegram.org/bot7690359419:AAFO0dgpL0IaAP44WCMtNOTPMq5plBmPWlA/getUpdates "HTTP/1.1 200 OK"
2025-04-14 08:28:58,331 - httpx - INFO - HTTP Request: POST https://api.telegram.org/bot7690359419:AAFO0dgpL0IaAP44WCMtNOTPMq5plBmPWlA/sendMessage "HTTP/1.1 200 OK"
2025-04-14 08:28:58,333 - root - INFO - Начало загрузки видео по ссылке: https://youtube.com/shorts/hWQ4H6axRTE
2025-04-14 08:29:04,987 - httpx - INFO - HTTP Request: POST https://api.telegram.org/bot7690359419:AAFO0dgpL0IaAP44WCMtNOTPMq5plBmPWlA/sendVideo "HTTP/1.1 200 OK"
2025-04-14 08:29:04,988 - root - INFO - Видео успешно отправлено в чат: 1002559211865_video.mp4
2025-04-14 08:29:06,343 - httpx - INFO - HTTP Request: POST https://api.telegram.org/bot7690359419:AAFO0dgpL0IaAP44WCMtNOTPMq5plBmPWlA/sendAudio "HTTP/1.1 200 OK"
2025-04-14 08:29:06,344 - root - INFO - Аудио успешно отправлено в чат: 1002559211865_audio.mp3
2025-04-14 08:29:08,179 - httpx - INFO - HTTP Request: POST https://api.telegram.org/bot7690359419:AAFO0dgpL0IaAP44WCMtNOTPMq5plBmPWlA/getUpdates "HTTP/1.1 200 OK"
2025-04-14 08:29:18,216 - httpx - INFO - HTTP Request: POST https://api.telegram.org/bot7690359419:AAFO0dgpL0IaAP44WCMtNOTPMq5plBmPWlA/getUpdates "HTTP/1.1 200 OK"
2025-04-14 08:29:28,248 - httpx - INFO - HTTP Request: POST https://api.telegram.org/bot7690359419:AAFO0dgpL0IaAP44WCMtNOTPMq5plBmPWlA/getUpdates "HTTP/1.1 200 OK"
2025-04-14 08:29:38,279 - httpx - INFO - HTTP Request: POST https://api.telegram.org/bot7690359419:AAFO0dgpL0IaAP44WCMtNOTPMq5plBmPWlA/getUpdates "HTTP/1.1 200 OK"
2025-04-14 08:29:48,314 - httpx - INFO - HTTP Request: POST https://api.telegram.org/bot7690359419:AAFO0dgpL0IaAP44WCMtNOTPMq5plBmPWlA/getUpdates "HTTP/1.1 200 OK"
2025-04-14 08:29:58,348 - httpx - INFO - HTTP Request: POST https://api.telegram.org/bot7690359419:AAFO0dgpL0IaAP44WCMtNOTPMq5plBmPWlA/getUpdates "HTTP/1.1 200 OK"
2025-04-14 08:30:08,379 - httpx - INFO - HTTP Request: POST https://api.telegram.org/bot7690359419:AAFO0dgpL0IaAP44WCMtNOTPMq5plBmPWlA/getUpdates "HTTP/1.1 200 OK"
2025-04-14 08:30:18,410 - httpx - INFO - HTTP Request: POST https://api.telegram.org/bot7690359419:AAFO0dgpL0IaAP44WCMtNOTPMq5plBmPWlA/getUpdates "HTTP/1.1 200 OK"
2025-04-14 08:30:28,444 - httpx - INFO - HTTP Request: POST https://api.telegram.org/bot7690359419:AAFO0dgpL0IaAP44WCMtNOTPMq5plBmPWlA/getUpdates "HTTP/1.1 200 OK"
2025-04-14 08:30:38,475 - httpx - INFO - HTTP Request: POST https://api.telegram.org/bot7690359419:AAFO0dgpL0IaAP44WCMtNOTPMq5plBmPWlA/getUpdates "HTTP/1.1 200 OK"
2025-04-14 08:30:48,511 - httpx - INFO - HTTP Request: POST https://api.telegram.org/bot7690359419:AAFO0dgpL0IaAP44WCMtNOTPMq5plBmPWlA/getUpdates "HTTP/1.1 200 OK"
2025-04-14 08:30:58,543 - httpx - INFO - HTTP Request: POST https://api.telegram.org/bot7690359419:AAFO0dgpL0IaAP44WCMtNOTPMq5plBmPWlA/getUpdates "HTTP/1.1 200 OK"
2025-04-14 08:31:08,576 - httpx - INFO - HTTP Request: POST https://api.telegram.org/bot7690359419:AAFO0dgpL0IaAP44WCMtNOTPMq5plBmPWlA/getUpdates "HTTP/1.1 200 OK"
2025-04-14 08:31:18,608 - httpx - INFO - HTTP Request: POST https://api.telegram.org/bot7690359419:AAFO0dgpL0IaAP44WCMtNOTPMq5plBmPWlA/getUpdates "HTTP/1.1 200 OK"
2025-04-14 08:31:28,640 - httpx - INFO - HTTP Request: POST https://api.telegram.org/bot7690359419:AAFO0dgpL0IaAP44WCMtNOTPMq5plBmPWlA/getUpdates "HTTP/1.1 200 OK"
2025-04-14 08:31:38,671 - httpx - INFO - HTTP Request: POST https://api.telegram.org/bot7690359419:AAFO0dgpL0IaAP44WCMtNOTPMq5plBmPWlA/getUpdates "HTTP/1.1 200 OK"
2025-04-14 08:31:48,704 - httpx - INFO - HTTP Request: POST https://api.telegram.org/bot7690359419:AAFO0dgpL0IaAP44WCMtNOTPMq5plBmPWlA/getUpdates "HTTP/1.1 200 OK"
2025-04-14 08:31:58,742 - httpx - INFO - HTTP Request: POST https://api.telegram.org/bot7690359419:AAFO0dgpL0IaAP44WCMtNOTPMq5plBmPWlA/getUpdates "HTTP/1.1 200 OK"
2025-04-14 08:32:08,773 - httpx - INFO - HTTP Request: POST https://api.telegram.org/bot7690359419:AAFO0dgpL0IaAP44WCMtNOTPMq5plBmPWlA/getUpdates "HTTP/1.1 200 OK"
2025-04-14 08:32:18,807 - httpx - INFO - HTTP Request: POST https://api.telegram.org/bot7690359419:AAFO0dgpL0IaAP44WCMtNOTPMq5plBmPWlA/getUpdates "HTTP/1.1 200 OK"
2025-04-14 08:32:28,839 - httpx - INFO - HTTP Request: POST https://api.telegram.org/bot7690359419:AAFO0dgpL0IaAP44WCMtNOTPMq5plBmPWlA/getUpdates "HTTP/1.1 200 OK"
2025-04-14 08:32:38,871 - httpx - INFO - HTTP Request: POST https://api.telegram.org/bot7690359419:AAFO0dgpL0IaAP44WCMtNOTPMq5plBmPWlA/getUpdates "HTTP/1.1 200 OK"
2025-04-14 08:32:49,001 - httpx - INFO - HTTP Request: POST https://api.telegram.org/bot7690359419:AAFO0dgpL0IaAP44WCMtNOTPMq5plBmPWlA/getUpdates "HTTP/1.1 200 OK"
2025-04-14 08:32:59,036 - httpx - INFO - HTTP Request: POST https://api.telegram.org/bot7690359419:AAFO0dgpL0IaAP44WCMtNOTPMq5plBmPWlA/getUpdates "HTTP/1.1 200 OK"
2025-04-14 08:33:09,074 - httpx - INFO - HTTP Request: POST https://api.telegram.org/bot7690359419:AAFO0dgpL0IaAP44WCMtNOTPMq5plBmPWlA/getUpdates "HTTP/1.1 200 OK"
2025-04-14 08:33:19,110 - httpx - INFO - HTTP Request: POST https://api.telegram.org/bot7690359419:AAFO0dgpL0IaAP44WCMtNOTPMq5plBmPWlA/getUpdates "HTTP/1.1 200 OK"
2025-04-14 08:33:29,149 - httpx - INFO - HTTP Request: POST https://api.telegram.org/bot7690359419:AAFO0dgpL0IaAP44WCMtNOTPMq5plBmPWlA/getUpdates "HTTP/1.1 200 OK"
2025-04-14 08:33:39,189 - httpx - INFO - HTTP Request: POST https://api.telegram.org/bot7690359419:AAFO0dgpL0IaAP44WCMtNOTPMq5plBmPWlA/getUpdates "HTTP/1.1 200 OK"
2025-04-14 08:33:49,223 - httpx - INFO - HTTP Request: POST https://api.telegram.org/bot7690359419:AAFO0dgpL0IaAP44WCMtNOTPMq5plBmPWlA/getUpdates "HTTP/1.1 200 OK"
2025-04-14 08:33:59,263 - httpx - INFO - HTTP Request: POST https://api.telegram.org/bot7690359419:AAFO0dgpL0IaAP44WCMtNOTPMq5plBmPWlA/getUpdates "HTTP/1.1 200 OK"
2025-04-14 08:34:09,298 - httpx - INFO - HTTP Request: POST https://api.telegram.org/bot7690359419:AAFO0dgpL0IaAP44WCMtNOTPMq5plBmPWlA/getUpdates "HTTP/1.1 200 OK"
2025-04-14 08:34:19,331 - httpx - INFO - HTTP Request: POST https://api.telegram.org/bot7690359419:AAFO0dgpL0IaAP44WCMtNOTPMq5plBmPWlA/getUpdates "HTTP/1.1 200 OK"
2025-04-14 08:34:29,364 - httpx - INFO - HTTP Request: POST https://api.telegram.org/bot7690359419:AAFO0dgpL0IaAP44WCMtNOTPMq5plBmPWlA/getUpdates "HTTP/1.1 200 OK"
2025-04-14 08:34:39,396 - httpx - INFO - HTTP Request: POST https://api.telegram.org/bot7690359419:AAFO0dgpL0IaAP44WCMtNOTPMq5plBmPWlA/getUpdates "HTTP/1.1 200 OK"
2025-04-14 08:34:49,434 - httpx - INFO - HTTP Request: POST https://api.telegram.org/bot7690359419:AAFO0dgpL0IaAP44WCMtNOTPMq5plBmPWlA/getUpdates "HTTP/1.1 200 OK"
2025-04-14 08:34:59,467 - httpx - INFO - HTTP Request: POST https://api.telegram.org/bot7690359419:AAFO0dgpL0IaAP44WCMtNOTPMq5plBmPWlA/getUpdates "HTTP/1.1 200 OK"
2025-04-14 08:35:09,500 - httpx - INFO - HTTP Request: POST https://api.telegram.org/bot7690359419:AAFO0dgpL0IaAP44WCMtNOTPMq5plBmPWlA/getUpdates "HTTP/1.1 200 OK"
2025-04-14 08:35:19,534 - httpx - INFO - HTTP Request: POST https://api.telegram.org/bot7690359419:AAFO0dgpL0IaAP44WCMtNOTPMq5plBmPWlA/getUpdates "HTTP/1.1 200 OK"
2025-04-14 08:35:29,578 - httpx - INFO - HTTP Request: POST https://api.telegram.org/bot7690359419:AAFO0dgpL0IaAP44WCMtNOTPMq5plBmPWlA/getUpdates "HTTP/1.1 200 OK"
2025-04-14 08:35:39,608 - httpx - INFO - HTTP Request: POST https://api.telegram.org/bot7690359419:AAFO0dgpL0IaAP44WCMtNOTPMq5plBmPWlA/getUpdates "HTTP/1.1 200 OK"
2025-04-14 08:35:49,641 - httpx - INFO - HTTP Request: POST https://api.telegram.org/bot7690359419:AAFO0dgpL0IaAP44WCMtNOTPMq5plBmPWlA/getUpdates "HTTP/1.1 200 OK"
2025-04-14 08:35:59,673 - httpx - INFO - HTTP Request: POST https://api.telegram.org/bot7690359419:AAFO0dgpL0IaAP44WCMtNOTPMq5plBmPWlA/getUpdates "HTTP/1.1 200 OK"
2025-04-14 08:36:09,706 - httpx - INFO - HTTP Request: POST https://api.telegram.org/bot7690359419:AAFO0dgpL0IaAP44WCMtNOTPMq5plBmPWlA/getUpdates "HTTP/1.1 200 OK"
2025-04-14 08:36:19,740 - httpx - INFO - HTTP Request: POST https://api.telegram.org/bot7690359419:AAFO0dgpL0IaAP44WCMtNOTPMq5plBmPWlA/getUpdates "HTTP/1.1 200 OK"
2025-04-14 08:36:29,779 - httpx - INFO - HTTP Request: POST https://api.telegram.org/bot7690359419:AAFO0dgpL0IaAP44WCMtNOTPMq5plBmPWlA/getUpdates "HTTP/1.1 200 OK"
2025-04-14 08:36:39,812 - httpx - INFO - HTTP Request: POST https://api.telegram.org/bot7690359419:AAFO0dgpL0IaAP44WCMtNOTPMq5plBmPWlA/getUpdates "HTTP/1.1 200 OK"
2025-04-14 08:36:49,845 - httpx - INFO - HTTP Request: POST https://api.telegram.org/bot7690359419:AAFO0dgpL0IaAP44WCMtNOTPMq5plBmPWlA/getUpdates "HTTP/1.1 200 OK"
2025-04-14 08:36:59,878 - httpx - INFO - HTTP Request: POST https://api.telegram.org/bot7690359419:AAFO0dgpL0IaAP44WCMtNOTPMq5plBmPWlA/getUpdates "HTTP/1.1 200 OK"
2025-04-14 08:37:09,924 - httpx - INFO - HTTP Request: POST https://api.telegram.org/bot7690359419:AAFO0dgpL0IaAP44WCMtNOTPMq5plBmPWlA/getUpdates "HTTP/1.1 200 OK"
2025-04-14 08:37:19,967 - httpx - INFO - HTTP Request: POST https://api.telegram.org/bot7690359419:AAFO0dgpL0IaAP44WCMtNOTPMq5plBmPWlA/getUpdates "HTTP/1.1 200 OK"
2025-04-14 08:37:30,002 - httpx - INFO - HTTP Request: POST https://api.telegram.org/bot7690359419:AAFO0dgpL0IaAP44WCMtNOTPMq5plBmPWlA/getUpdates "HTTP/1.1 200 OK"
2025-04-14 08:37:40,036 - httpx - INFO - HTTP Request: POST https://api.telegram.org/bot7690359419:AAFO0dgpL0IaAP44WCMtNOTPMq5plBmPWlA/getUpdates "HTTP/1.1 200 OK"
2025-04-14 08:37:50,071 - httpx - INFO - HTTP Request: POST https://api.telegram.org/bot7690359419:AAFO0dgpL0IaAP44WCMtNOTPMq5plBmPWlA/getUpdates "HTTP/1.1 200 OK"
2025-04-14 08:38:00,107 - httpx - INFO - HTTP Request: POST https://api.telegram.org/bot7690359419:AAFO0dgpL0IaAP44WCMtNOTPMq5plBmPWlA/getUpdates "HTTP/1.1 200 OK"
2025-04-14 08:38:10,141 - httpx - INFO - HTTP Request: POST https://api.telegram.org/bot7690359419:AAFO0dgpL0IaAP44WCMtNOTPMq5plBmPWlA/getUpdates "HTTP/1.1 200 OK"
2025-04-14 08:38:20,174 - httpx - INFO - HTTP Request: POST https://api.telegram.org/bot7690359419:AAFO0dgpL0IaAP44WCMtNOTPMq5plBmPWlA/getUpdates "HTTP/1.1 200 OK"
2025-04-14 08:38:30,206 - httpx - INFO - HTTP Request: POST https://api.telegram.org/bot7690359419:AAFO0dgpL0IaAP44WCMtNOTPMq5plBmPWlA/getUpdates "HTTP/1.1 200 OK"
2025-04-14 08:38:40,238 - httpx - INFO - HTTP Request: POST https://api.telegram.org/bot7690359419:AAFO0dgpL0IaAP44WCMtNOTPMq5plBmPWlA/getUpdates "HTTP/1.1 200 OK"
2025-04-14 08:38:50,275 - httpx - INFO - HTTP Request: POST https://api.telegram.org/bot7690359419:AAFO0dgpL0IaAP44WCMtNOTPMq5plBmPWlA/getUpdates "HTTP/1.1 200 OK"
2025-04-14 08:39:00,314 - httpx - INFO - HTTP Request: POST https://api.telegram.org/bot7690359419:AAFO0dgpL0IaAP44WCMtNOTPMq5plBmPWlA/getUpdates "HTTP/1.1 200 OK"
2025-04-14 08:39:10,360 - httpx - INFO - HTTP Request: POST https://api.telegram.org/bot7690359419:AAFO0dgpL0IaAP44WCMtNOTPMq5plBmPWlA/getUpdates "HTTP/1.1 200 OK"
2025-04-14 08:39:20,396 - httpx - INFO - HTTP Request: POST https://api.telegram.org/bot7690359419:AAFO0dgpL0IaAP44WCMtNOTPMq5plBmPWlA/getUpdates "HTTP/1.1 200 OK"
2025-04-14 08:39:30,428 - httpx - INFO - HTTP Request: POST https://api.telegram.org/bot7690359419:AAFO0dgpL0IaAP44WCMtNOTPMq5plBmPWlA/getUpdates "HTTP/1.1 200 OK"
2025-04-14 08:39:40,464 - httpx - INFO - HTTP Request: POST https://api.telegram.org/bot7690359419:AAFO0dgpL0IaAP44WCMtNOTPMq5plBmPWlA/getUpdates "HTTP/1.1 200 OK"
2025-04-14 08:39:50,499 - httpx - INFO - HTTP Request: POST https://api.telegram.org/bot7690359419:AAFO0dgpL0IaAP44WCMtNOTPMq5plBmPWlA/getUpdates "HTTP/1.1 200 OK"
2025-04-14 08:40:00,532 - httpx - INFO - HTTP Request: POST https://api.telegram.org/bot7690359419:AAFO0dgpL0IaAP44WCMtNOTPMq5plBmPWlA/getUpdates "HTTP/1.1 200 OK"
2025-04-14 08:40:10,567 - httpx - INFO - HTTP Request: POST https://api.telegram.org/bot7690359419:AAFO0dgpL0IaAP44WCMtNOTPMq5plBmPWlA/getUpdates "HTTP/1.1 200 OK"
2025-04-14 08:40:20,602 - httpx - INFO - HTTP Request: POST https://api.telegram.org/bot7690359419:AAFO0dgpL0IaAP44WCMtNOTPMq5plBmPWlA/getUpdates "HTTP/1.1 200 OK"
2025-04-14 08:40:30,637 - httpx - INFO - HTTP Request: POST https://api.telegram.org/bot7690359419:AAFO0dgpL0IaAP44WCMtNOTPMq5plBmPWlA/getUpdates "HTTP/1.1 200 OK"
2025-04-14 08:40:40,672 - httpx - INFO - HTTP Request: POST https://api.telegram.org/bot7690359419:AAFO0dgpL0IaAP44WCMtNOTPMq5plBmPWlA/getUpdates "HTTP/1.1 200 OK"
2025-04-14 08:40:50,712 - httpx - INFO - HTTP Request: POST https://api.telegram.org/bot7690359419:AAFO0dgpL0IaAP44WCMtNOTPMq5plBmPWlA/getUpdates "HTTP/1.1 200 OK"
2025-04-14 08:41:00,746 - httpx - INFO - HTTP Request: POST https://api.telegram.org/bot7690359419:AAFO0dgpL0IaAP44WCMtNOTPMq5plBmPWlA/getUpdates "HTTP/1.1 200 OK"
2025-04-14 08:41:10,788 - httpx - INFO - HTTP Request: POST https://api.telegram.org/bot7690359419:AAFO0dgpL0IaAP44WCMtNOTPMq5plBmPWlA/getUpdates "HTTP/1.1 200 OK"
2025-04-14 08:41:20,826 - httpx - INFO - HTTP Request: POST https://api.telegram.org/bot7690359419:AAFO0dgpL0IaAP44WCMtNOTPMq5plBmPWlA/getUpdates "HTTP/1.1 200 OK"
2025-04-14 08:41:30,860 - httpx - INFO - HTTP Request: POST https://api.telegram.org/bot7690359419:AAFO0dgpL0IaAP44WCMtNOTPMq5plBmPWlA/getUpdates "HTTP/1.1 200 OK"
2025-04-14 08:41:40,893 - httpx - INFO - HTTP Request: POST https://api.telegram.org/bot7690359419:AAFO0dgpL0IaAP44WCMtNOTPMq5plBmPWlA/getUpdates "HTTP/1.1 200 OK"
2025-04-14 08:41:50,928 - httpx - INFO - HTTP Request: POST https://api.telegram.org/bot7690359419:AAFO0dgpL0IaAP44WCMtNOTPMq5plBmPWlA/getUpdates "HTTP/1.1 200 OK"
2025-04-14 08:42:00,973 - httpx - INFO - HTTP Request: POST https://api.telegram.org/bot7690359419:AAFO0dgpL0IaAP44WCMtNOTPMq5plBmPWlA/getUpdates "HTTP/1.1 200 OK"
2025-04-14 08:42:11,006 - httpx - INFO - HTTP Request: POST https://api.telegram.org/bot7690359419:AAFO0dgpL0IaAP44WCMtNOTPMq5plBmPWlA/getUpdates "HTTP/1.1 200 OK"
2025-04-14 08:42:21,039 - httpx - INFO - HTTP Request: POST https://api.telegram.org/bot7690359419:AAFO0dgpL0IaAP44WCMtNOTPMq5plBmPWlA/getUpdates "HTTP/1.1 200 OK"
2025-04-14 08:42:31,076 - httpx - INFO - HTTP Request: POST https://api.telegram.org/bot7690359419:AAFO0dgpL0IaAP44WCMtNOTPMq5plBmPWlA/getUpdates "HTTP/1.1 200 OK"
2025-04-14 08:42:41,111 - httpx - INFO - HTTP Request: POST https://api.telegram.org/bot7690359419:AAFO0dgpL0IaAP44WCMtNOTPMq5plBmPWlA/getUpdates "HTTP/1.1 200 OK"
2025-04-14 08:42:51,148 - httpx - INFO - HTTP Request: POST https://api.telegram.org/bot7690359419:AAFO0dgpL0IaAP44WCMtNOTPMq5plBmPWlA/getUpdates "HTTP/1.1 200 OK"
2025-04-14 08:43:01,182 - httpx - INFO - HTTP Request: POST https://api.telegram.org/bot7690359419:AAFO0dgpL0IaAP44WCMtNOTPMq5plBmPWlA/getUpdates "HTTP/1.1 200 OK"
2025-04-14 08:43:11,217 - httpx - INFO - HTTP Request: POST https://api.telegram.org/bot7690359419:AAFO0dgpL0IaAP44WCMtNOTPMq5plBmPWlA/getUpdates "HTTP/1.1 200 OK"
2025-04-14 08:43:21,253 - httpx - INFO - HTTP Request: POST https://api.telegram.org/bot7690359419:AAFO0dgpL0IaAP44WCMtNOTPMq5plBmPWlA/getUpdates "HTTP/1.1 200 OK"
2025-04-14 08:43:31,296 - httpx - INFO - HTTP Request: POST https://api.telegram.org/bot7690359419:AAFO0dgpL0IaAP44WCMtNOTPMq5plBmPWlA/getUpdates "HTTP/1.1 200 OK"
2025-04-14 08:43:41,329 - httpx - INFO - HTTP Request: POST https://api.telegram.org/bot7690359419:AAFO0dgpL0IaAP44WCMtNOTPMq5plBmPWlA/getUpdates "HTTP/1.1 200 OK"
2025-04-14 08:43:51,367 - httpx - INFO - HTTP Request: POST https://api.telegram.org/bot7690359419:AAFO0dgpL0IaAP44WCMtNOTPMq5plBmPWlA/getUpdates "HTTP/1.1 200 OK"
2025-04-14 08:44:01,399 - httpx - INFO - HTTP Request: POST https://api.telegram.org/bot7690359419:AAFO0dgpL0IaAP44WCMtNOTPMq5plBmPWlA/getUpdates "HTTP/1.1 200 OK"
2025-04-14 08:44:11,434 - httpx - INFO - HTTP Request: POST https://api.telegram.org/bot7690359419:AAFO0dgpL0IaAP44WCMtNOTPMq5plBmPWlA/getUpdates "HTTP/1.1 200 OK"
2025-04-14 08:44:21,468 - httpx - INFO - HTTP Request: POST https://api.telegram.org/bot7690359419:AAFO0dgpL0IaAP44WCMtNOTPMq5plBmPWlA/getUpdates "HTTP/1.1 200 OK"
2025-04-14 08:44:31,502 - httpx - INFO - HTTP Request: POST https://api.telegram.org/bot7690359419:AAFO0dgpL0IaAP44WCMtNOTPMq5plBmPWlA/getUpdates "HTTP/1.1 200 OK"
2025-04-14 08:44:41,534 - httpx - INFO - HTTP Request: POST https://api.telegram.org/bot7690359419:AAFO0dgpL0IaAP44WCMtNOTPMq5plBmPWlA/getUpdates "HTTP/1.1 200 OK"
2025-04-14 08:44:51,576 - httpx - INFO - HTTP Request: POST https://api.telegram.org/bot7690359419:AAFO0dgpL0IaAP44WCMtNOTPMq5plBmPWlA/getUpdates "HTTP/1.1 200 OK"
2025-04-14 08:45:01,608 - httpx - INFO - HTTP Request: POST https://api.telegram.org/bot7690359419:AAFO0dgpL0IaAP44WCMtNOTPMq5plBmPWlA/getUpdates "HTTP/1.1 200 OK"
2025-04-14 08:45:11,641 - httpx - INFO - HTTP Request: POST https://api.telegram.org/bot7690359419:AAFO0dgpL0IaAP44WCMtNOTPMq5plBmPWlA/getUpdates "HTTP/1.1 200 OK"
2025-04-14 08:45:21,683 - httpx - INFO - HTTP Request: POST https://api.telegram.org/bot7690359419:AAFO0dgpL0IaAP44WCMtNOTPMq5plBmPWlA/getUpdates "HTTP/1.1 200 OK"
2025-04-14 08:45:31,716 - httpx - INFO - HTTP Request: POST https://api.telegram.org/bot7690359419:AAFO0dgpL0IaAP44WCMtNOTPMq5plBmPWlA/getUpdates "HTTP/1.1 200 OK"
2025-04-14 08:45:41,759 - httpx - INFO - HTTP Request: POST https://api.telegram.org/bot7690359419:AAFO0dgpL0IaAP44WCMtNOTPMq5plBmPWlA/getUpdates "HTTP/1.1 200 OK"
2025-04-14 08:45:51,791 - httpx - INFO - HTTP Request: POST https://api.telegram.org/bot7690359419:AAFO0dgpL0IaAP44WCMtNOTPMq5plBmPWlA/getUpdates "HTTP/1.1 200 OK"
2025-04-14 08:46:01,831 - httpx - INFO - HTTP Request: POST https://api.telegram.org/bot7690359419:AAFO0dgpL0IaAP44WCMtNOTPMq5plBmPWlA/getUpdates "HTTP/1.1 200 OK"
2025-04-14 08:46:11,868 - httpx - INFO - HTTP Request: POST https://api.telegram.org/bot7690359419:AAFO0dgpL0IaAP44WCMtNOTPMq5plBmPWlA/getUpdates "HTTP/1.1 200 OK"
2025-04-14 08:46:21,902 - httpx - INFO - HTTP Request: POST https://api.telegram.org/bot7690359419:AAFO0dgpL0IaAP44WCMtNOTPMq5plBmPWlA/getUpdates "HTTP/1.1 200 OK"
2025-04-14 08:46:31,935 - httpx - INFO - HTTP Request: POST https://api.telegram.org/bot7690359419:AAFO0dgpL0IaAP44WCMtNOTPMq5plBmPWlA/getUpdates "HTTP/1.1 200 OK"
2025-04-14 08:46:41,970 - httpx - INFO - HTTP Request: POST https://api.telegram.org/bot7690359419:AAFO0dgpL0IaAP44WCMtNOTPMq5plBmPWlA/getUpdates "HTTP/1.1 200 OK"
2025-04-14 08:46:52,015 - httpx - INFO - HTTP Request: POST https://api.telegram.org/bot7690359419:AAFO0dgpL0IaAP44WCMtNOTPMq5plBmPWlA/getUpdates "HTTP/1.1 200 OK"
2025-04-14 08:47:02,048 - httpx - INFO - HTTP Request: POST https://api.telegram.org/bot7690359419:AAFO0dgpL0IaAP44WCMtNOTPMq5plBmPWlA/getUpdates "HTTP/1.1 200 OK"
2025-04-14 08:47:12,084 - httpx - INFO - HTTP Request: POST https://api.telegram.org/bot7690359419:AAFO0dgpL0IaAP44WCMtNOTPMq5plBmPWlA/getUpdates "HTTP/1.1 200 OK"
2025-04-14 08:47:22,119 - httpx - INFO - HTTP Request: POST https://api.telegram.org/bot7690359419:AAFO0dgpL0IaAP44WCMtNOTPMq5plBmPWlA/getUpdates "HTTP/1.1 200 OK"
2025-04-14 08:47:32,155 - httpx - INFO - HTTP Request: POST https://api.telegram.org/bot7690359419:AAFO0dgpL0IaAP44WCMtNOTPMq5plBmPWlA/getUpdates "HTTP/1.1 200 OK"
2025-04-14 08:47:42,196 - httpx - INFO - HTTP Request: POST https://api.telegram.org/bot7690359419:AAFO0dgpL0IaAP44WCMtNOTPMq5plBmPWlA/getUpdates "HTTP/1.1 200 OK"
2025-04-14 08:47:52,231 - httpx - INFO - HTTP Request: POST https://api.telegram.org/bot7690359419:AAFO0dgpL0IaAP44WCMtNOTPMq5plBmPWlA/getUpdates "HTTP/1.1 200 OK"
2025-04-14 08:48:02,267 - httpx - INFO - HTTP Request: POST https://api.telegram.org/bot7690359419:AAFO0dgpL0IaAP44WCMtNOTPMq5plBmPWlA/getUpdates "HTTP/1.1 200 OK"
2025-04-14 08:48:12,304 - httpx - INFO - HTTP Request: POST https://api.telegram.org/bot7690359419:AAFO0dgpL0IaAP44WCMtNOTPMq5plBmPWlA/getUpdates "HTTP/1.1 200 OK"
2025-04-14 08:48:22,337 - httpx - INFO - HTTP Request: POST https://api.telegram.org/bot7690359419:AAFO0dgpL0IaAP44WCMtNOTPMq5plBmPWlA/getUpdates "HTTP/1.1 200 OK"
2025-04-14 08:48:32,372 - httpx - INFO - HTTP Request: POST https://api.telegram.org/bot7690359419:AAFO0dgpL0IaAP44WCMtNOTPMq5plBmPWlA/getUpdates "HTTP/1.1 200 OK"
2025-04-14 08:48:42,407 - httpx - INFO - HTTP Request: POST https://api.telegram.org/bot7690359419:AAFO0dgpL0IaAP44WCMtNOTPMq5plBmPWlA/getUpdates "HTTP/1.1 200 OK"
2025-04-14 08:48:52,441 - httpx - INFO - HTTP Request: POST https://api.telegram.org/bot7690359419:AAFO0dgpL0IaAP44WCMtNOTPMq5plBmPWlA/getUpdates "HTTP/1.1 200 OK"
2025-04-14 08:49:02,478 - httpx - INFO - HTTP Request: POST https://api.telegram.org/bot7690359419:AAFO0dgpL0IaAP44WCMtNOTPMq5plBmPWlA/getUpdates "HTTP/1.1 200 OK"
2025-04-14 08:49:12,512 - httpx - INFO - HTTP Request: POST https://api.telegram.org/bot7690359419:AAFO0dgpL0IaAP44WCMtNOTPMq5plBmPWlA/getUpdates "HTTP/1.1 200 OK"
2025-04-14 08:49:22,554 - httpx - INFO - HTTP Request: POST https://api.telegram.org/bot7690359419:AAFO0dgpL0IaAP44WCMtNOTPMq5plBmPWlA/getUpdates "HTTP/1.1 200 OK"
2025-04-14 08:49:32,675 - httpx - INFO - HTTP Request: POST https://api.telegram.org/bot7690359419:AAFO0dgpL0IaAP44WCMtNOTPMq5plBmPWlA/getUpdates "HTTP/1.1 200 OK"
2025-04-14 08:49:42,712 - httpx - INFO - HTTP Request: POST https://api.telegram.org/bot7690359419:AAFO0dgpL0IaAP44WCMtNOTPMq5plBmPWlA/getUpdates "HTTP/1.1 200 OK"
2025-04-14 08:49:52,752 - httpx - INFO - HTTP Request: POST https://api.telegram.org/bot7690359419:AAFO0dgpL0IaAP44WCMtNOTPMq5plBmPWlA/getUpdates "HTTP/1.1 200 OK"
2025-04-14 08:50:02,796 - httpx - INFO - HTTP Request: POST https://api.telegram.org/bot7690359419:AAFO0dgpL0IaAP44WCMtNOTPMq5plBmPWlA/getUpdates "HTTP/1.1 200 OK"
2025-04-14 08:50:12,834 - httpx - INFO - HTTP Request: POST https://api.telegram.org/bot7690359419:AAFO0dgpL0IaAP44WCMtNOTPMq5plBmPWlA/getUpdates "HTTP/1.1 200 OK"
2025-04-14 08:50:22,867 - httpx - INFO - HTTP Request: POST https://api.telegram.org/bot7690359419:AAFO0dgpL0IaAP44WCMtNOTPMq5plBmPWlA/getUpdates "HTTP/1.1 200 OK"
2025-04-14 08:50:32,909 - httpx - INFO - HTTP Request: POST https://api.telegram.org/bot7690359419:AAFO0dgpL0IaAP44WCMtNOTPMq5plBmPWlA/getUpdates "HTTP/1.1 200 OK"
2025-04-14 08:50:42,946 - httpx - INFO - HTTP Request: POST https://api.telegram.org/bot7690359419:AAFO0dgpL0IaAP44WCMtNOTPMq5plBmPWlA/getUpdates "HTTP/1.1 200 OK"
2025-04-14 08:50:52,982 - httpx - INFO - HTTP Request: POST https://api.telegram.org/bot7690359419:AAFO0dgpL0IaAP44WCMtNOTPMq5plBmPWlA/getUpdates "HTTP/1.1 200 OK"
2025-04-14 08:51:03,020 - httpx - INFO - HTTP Request: POST https://api.telegram.org/bot7690359419:AAFO0dgpL0IaAP44WCMtNOTPMq5plBmPWlA/getUpdates "HTTP/1.1 200 OK"
2025-04-14 08:51:13,055 - httpx - INFO - HTTP Request: POST https://api.telegram.org/bot7690359419:AAFO0dgpL0IaAP44WCMtNOTPMq5plBmPWlA/getUpdates "HTTP/1.1 200 OK"
2025-04-14 08:51:23,091 - httpx - INFO - HTTP Request: POST https://api.telegram.org/bot7690359419:AAFO0dgpL0IaAP44WCMtNOTPMq5plBmPWlA/getUpdates "HTTP/1.1 200 OK"
2025-04-14 08:51:33,124 - httpx - INFO - HTTP Request: POST https://api.telegram.org/bot7690359419:AAFO0dgpL0IaAP44WCMtNOTPMq5plBmPWlA/getUpdates "HTTP/1.1 200 OK"
2025-04-14 08:51:43,157 - httpx - INFO - HTTP Request: POST https://api.telegram.org/bot7690359419:AAFO0dgpL0IaAP44WCMtNOTPMq5plBmPWlA/getUpdates "HTTP/1.1 200 OK"
2025-04-14 08:51:53,191 - httpx - INFO - HTTP Request: POST https://api.telegram.org/bot7690359419:AAFO0dgpL0IaAP44WCMtNOTPMq5plBmPWlA/getUpdates "HTTP/1.1 200 OK"
2025-04-14 08:52:03,225 - httpx - INFO - HTTP Request: POST https://api.telegram.org/bot7690359419:AAFO0dgpL0IaAP44WCMtNOTPMq5plBmPWlA/getUpdates "HTTP/1.1 200 OK"
2025-04-14 08:52:13,259 - httpx - INFO - HTTP Request: POST https://api.telegram.org/bot7690359419:AAFO0dgpL0IaAP44WCMtNOTPMq5plBmPWlA/getUpdates "HTTP/1.1 200 OK"
2025-04-14 08:52:23,294 - httpx - INFO - HTTP Request: POST https://api.telegram.org/bot7690359419:AAFO0dgpL0IaAP44WCMtNOTPMq5plBmPWlA/getUpdates "HTTP/1.1 200 OK"
2025-04-14 08:52:33,330 - httpx - INFO - HTTP Request: POST https://api.telegram.org/bot7690359419:AAFO0dgpL0IaAP44WCMtNOTPMq5plBmPWlA/getUpdates "HTTP/1.1 200 OK"
2025-04-14 08:52:43,363 - httpx - INFO - HTTP Request: POST https://api.telegram.org/bot7690359419:AAFO0dgpL0IaAP44WCMtNOTPMq5plBmPWlA/getUpdates "HTTP/1.1 200 OK"
2025-04-14 08:52:53,402 - httpx - INFO - HTTP Request: POST https://api.telegram.org/bot7690359419:AAFO0dgpL0IaAP44WCMtNOTPMq5plBmPWlA/getUpdates "HTTP/1.1 200 OK"
2025-04-14 08:53:03,442 - httpx - INFO - HTTP Request: POST https://api.telegram.org/bot7690359419:AAFO0dgpL0IaAP44WCMtNOTPMq5plBmPWlA/getUpdates "HTTP/1.1 200 OK"
2025-04-14 08:53:13,475 - httpx - INFO - HTTP Request: POST https://api.telegram.org/bot7690359419:AAFO0dgpL0IaAP44WCMtNOTPMq5plBmPWlA/getUpdates "HTTP/1.1 200 OK"
2025-04-14 08:53:23,513 - httpx - INFO - HTTP Request: POST https://api.telegram.org/bot7690359419:AAFO0dgpL0IaAP44WCMtNOTPMq5plBmPWlA/getUpdates "HTTP/1.1 200 OK"
2025-04-14 08:53:33,552 - httpx - INFO - HTTP Request: POST https://api.telegram.org/bot7690359419:AAFO0dgpL0IaAP44WCMtNOTPMq5plBmPWlA/getUpdates "HTTP/1.1 200 OK"
2025-04-14 08:53:43,586 - httpx - INFO - HTTP Request: POST https://api.telegram.org/bot7690359419:AAFO0dgpL0IaAP44WCMtNOTPMq5plBmPWlA/getUpdates "HTTP/1.1 200 OK"
2025-04-14 08:53:53,623 - httpx - INFO - HTTP Request: POST https://api.telegram.org/bot7690359419:AAFO0dgpL0IaAP44WCMtNOTPMq5plBmPWlA/getUpdates "HTTP/1.1 200 OK"
2025-04-14 08:54:03,658 - httpx - INFO - HTTP Request: POST https://api.telegram.org/bot7690359419:AAFO0dgpL0IaAP44WCMtNOTPMq5plBmPWlA/getUpdates "HTTP/1.1 200 OK"
2025-04-14 08:54:13,698 - httpx - INFO - HTTP Request: POST https://api.telegram.org/bot7690359419:AAFO0dgpL0IaAP44WCMtNOTPMq5plBmPWlA/getUpdates "HTTP/1.1 200 OK"
2025-04-14 08:54:23,734 - httpx - INFO - HTTP Request: POST https://api.telegram.org/bot7690359419:AAFO0dgpL0IaAP44WCMtNOTPMq5plBmPWlA/getUpdates "HTTP/1.1 200 OK"
2025-04-14 08:54:33,767 - httpx - INFO - HTTP Request: POST https://api.telegram.org/bot7690359419:AAFO0dgpL0IaAP44WCMtNOTPMq5plBmPWlA/getUpdates "HTTP/1.1 200 OK"
2025-04-14 08:54:43,800 - httpx - INFO - HTTP Request: POST https://api.telegram.org/bot7690359419:AAFO0dgpL0IaAP44WCMtNOTPMq5plBmPWlA/getUpdates "HTTP/1.1 200 OK"
2025-04-14 08:54:53,832 - httpx - INFO - HTTP Request: POST https://api.telegram.org/bot7690359419:AAFO0dgpL0IaAP44WCMtNOTPMq5plBmPWlA/getUpdates "HTTP/1.1 200 OK"
2025-04-14 08:55:03,868 - httpx - INFO - HTTP Request: POST https://api.telegram.org/bot7690359419:AAFO0dgpL0IaAP44WCMtNOTPMq5plBmPWlA/getUpdates "HTTP/1.1 200 OK"
2025-04-14 08:55:13,899 - httpx - INFO - HTTP Request: POST https://api.telegram.org/bot7690359419:AAFO0dgpL0IaAP44WCMtNOTPMq5plBmPWlA/getUpdates "HTTP/1.1 200 OK"
2025-04-14 08:55:23,942 - httpx - INFO - HTTP Request: POST https://api.telegram.org/bot7690359419:AAFO0dgpL0IaAP44WCMtNOTPMq5plBmPWlA/getUpdates "HTTP/1.1 200 OK"
2025-04-14 08:55:33,980 - httpx - INFO - HTTP Request: POST https://api.telegram.org/bot7690359419:AAFO0dgpL0IaAP44WCMtNOTPMq5plBmPWlA/getUpdates "HTTP/1.1 200 OK"
2025-04-14 08:55:44,018 - httpx - INFO - HTTP Request: POST https://api.telegram.org/bot7690359419:AAFO0dgpL0IaAP44WCMtNOTPMq5plBmPWlA/getUpdates "HTTP/1.1 200 OK"
2025-04-14 08:55:54,054 - httpx - INFO - HTTP Request: POST https://api.telegram.org/bot7690359419:AAFO0dgpL0IaAP44WCMtNOTPMq5plBmPWlA/getUpdates "HTTP/1.1 200 OK"
2025-04-14 08:56:04,090 - httpx - INFO - HTTP Request: POST https://api.telegram.org/bot7690359419:AAFO0dgpL0IaAP44WCMtNOTPMq5plBmPWlA/getUpdates "HTTP/1.1 200 OK"
2025-04-14 08:56:14,124 - httpx - INFO - HTTP Request: POST https://api.telegram.org/bot7690359419:AAFO0dgpL0IaAP44WCMtNOTPMq5plBmPWlA/getUpdates "HTTP/1.1 200 OK"
2025-04-14 08:56:24,157 - httpx - INFO - HTTP Request: POST https://api.telegram.org/bot7690359419:AAFO0dgpL0IaAP44WCMtNOTPMq5plBmPWlA/getUpdates "HTTP/1.1 200 OK"
2025-04-14 08:56:34,189 - httpx - INFO - HTTP Request: POST https://api.telegram.org/bot7690359419:AAFO0dgpL0IaAP44WCMtNOTPMq5plBmPWlA/getUpdates "HTTP/1.1 200 OK"
2025-04-14 08:56:44,221 - httpx - INFO - HTTP Request: POST https://api.telegram.org/bot7690359419:AAFO0dgpL0IaAP44WCMtNOTPMq5plBmPWlA/getUpdates "HTTP/1.1 200 OK"
2025-04-14 08:56:54,254 - httpx - INFO - HTTP Request: POST https://api.telegram.org/bot7690359419:AAFO0dgpL0IaAP44WCMtNOTPMq5plBmPWlA/getUpdates "HTTP/1.1 200 OK"
2025-04-14 08:57:04,290 - httpx - INFO - HTTP Request: POST https://api.telegram.org/bot7690359419:AAFO0dgpL0IaAP44WCMtNOTPMq5plBmPWlA/getUpdates "HTTP/1.1 200 OK"
2025-04-14 08:57:14,324 - httpx - INFO - HTTP Request: POST https://api.telegram.org/bot7690359419:AAFO0dgpL0IaAP44WCMtNOTPMq5plBmPWlA/getUpdates "HTTP/1.1 200 OK"
2025-04-14 08:57:24,365 - httpx - INFO - HTTP Request: POST https://api.telegram.org/bot7690359419:AAFO0dgpL0IaAP44WCMtNOTPMq5plBmPWlA/getUpdates "HTTP/1.1 200 OK"
2025-04-14 08:57:34,403 - httpx - INFO - HTTP Request: POST https://api.telegram.org/bot7690359419:AAFO0dgpL0IaAP44WCMtNOTPMq5plBmPWlA/getUpdates "HTTP/1.1 200 OK"
2025-04-14 08:57:44,436 - httpx - INFO - HTTP Request: POST https://api.telegram.org/bot7690359419:AAFO0dgpL0IaAP44WCMtNOTPMq5plBmPWlA/getUpdates "HTTP/1.1 200 OK"
2025-04-14 08:57:54,474 - httpx - INFO - HTTP Request: POST https://api.telegram.org/bot7690359419:AAFO0dgpL0IaAP44WCMtNOTPMq5plBmPWlA/getUpdates "HTTP/1.1 200 OK"
2025-04-14 08:58:04,509 - httpx - INFO - HTTP Request: POST https://api.telegram.org/bot7690359419:AAFO0dgpL0IaAP44WCMtNOTPMq5plBmPWlA/getUpdates "HTTP/1.1 200 OK"
2025-04-14 08:58:14,545 - httpx - INFO - HTTP Request: POST https://api.telegram.org/bot7690359419:AAFO0dgpL0IaAP44WCMtNOTPMq5plBmPWlA/getUpdates "HTTP/1.1 200 OK"
2025-04-14 08:58:24,582 - httpx - INFO - HTTP Request: POST https://api.telegram.org/bot7690359419:AAFO0dgpL0IaAP44WCMtNOTPMq5plBmPWlA/getUpdates "HTTP/1.1 200 OK"
2025-04-14 08:58:34,614 - httpx - INFO - HTTP Request: POST https://api.telegram.org/bot7690359419:AAFO0dgpL0IaAP44WCMtNOTPMq5plBmPWlA/getUpdates "HTTP/1.1 200 OK"
2025-04-14 08:58:44,659 - httpx - INFO - HTTP Request: POST https://api.telegram.org/bot7690359419:AAFO0dgpL0IaAP44WCMtNOTPMq5plBmPWlA/getUpdates "HTTP/1.1 200 OK"
2025-04-14 08:58:54,702 - httpx - INFO - HTTP Request: POST https://api.telegram.org/bot7690359419:AAFO0dgpL0IaAP44WCMtNOTPMq5plBmPWlA/getUpdates "HTTP/1.1 200 OK"
2025-04-14 08:59:04,736 - httpx - INFO - HTTP Request: POST https://api.telegram.org/bot7690359419:AAFO0dgpL0IaAP44WCMtNOTPMq5plBmPWlA/getUpdates "HTTP/1.1 200 OK"
2025-04-14 08:59:14,777 - httpx - INFO - HTTP Request: POST https://api.telegram.org/bot7690359419:AAFO0dgpL0IaAP44WCMtNOTPMq5plBmPWlA/getUpdates "HTTP/1.1 200 OK"
2025-04-14 08:59:24,813 - httpx - INFO - HTTP Request: POST https://api.telegram.org/bot7690359419:AAFO0dgpL0IaAP44WCMtNOTPMq5plBmPWlA/getUpdates "HTTP/1.1 200 OK"
2025-04-14 08:59:34,847 - httpx - INFO - HTTP Request: POST https://api.telegram.org/bot7690359419:AAFO0dgpL0IaAP44WCMtNOTPMq5plBmPWlA/getUpdates "HTTP/1.1 200 OK"
2025-04-14 08:59:44,880 - httpx - INFO - HTTP Request: POST https://api.telegram.org/bot7690359419:AAFO0dgpL0IaAP44WCMtNOTPMq5plBmPWlA/getUpdates "HTTP/1.1 200 OK"
2025-04-14 08:59:54,913 - httpx - INFO - HTTP Request: POST https://api.telegram.org/bot7690359419:AAFO0dgpL0IaAP44WCMtNOTPMq5plBmPWlA/getUpdates "HTTP/1.1 200 OK"
2025-04-14 09:00:04,949 - httpx - INFO - HTTP Request: POST https://api.telegram.org/bot7690359419:AAFO0dgpL0IaAP44WCMtNOTPMq5plBmPWlA/getUpdates "HTTP/1.1 200 OK"
2025-04-14 09:00:14,987 - httpx - INFO - HTTP Request: POST https://api.telegram.org/bot7690359419:AAFO0dgpL0IaAP44WCMtNOTPMq5plBmPWlA/getUpdates "HTTP/1.1 200 OK"
2025-04-14 09:00:25,022 - httpx - INFO - HTTP Request: POST https://api.telegram.org/bot7690359419:AAFO0dgpL0IaAP44WCMtNOTPMq5plBmPWlA/getUpdates "HTTP/1.1 200 OK"
2025-04-14 09:00:35,059 - httpx - INFO - HTTP Request: POST https://api.telegram.org/bot7690359419:AAFO0dgpL0IaAP44WCMtNOTPMq5plBmPWlA/getUpdates "HTTP/1.1 200 OK"
2025-04-14 09:00:45,096 - httpx - INFO - HTTP Request: POST https://api.telegram.org/bot7690359419:AAFO0dgpL0IaAP44WCMtNOTPMq5plBmPWlA/getUpdates "HTTP/1.1 200 OK"
2025-04-14 09:00:55,129 - httpx - INFO - HTTP Request: POST https://api.telegram.org/bot7690359419:AAFO0dgpL0IaAP44WCMtNOTPMq5plBmPWlA/getUpdates "HTTP/1.1 200 OK"
2025-04-14 09:01:05,162 - httpx - INFO - HTTP Request: POST https://api.telegram.org/bot7690359419:AAFO0dgpL0IaAP44WCMtNOTPMq5plBmPWlA/getUpdates "HTTP/1.1 200 OK"
2025-04-14 09:01:15,195 - httpx - INFO - HTTP Request: POST https://api.telegram.org/bot7690359419:AAFO0dgpL0IaAP44WCMtNOTPMq5plBmPWlA/getUpdates "HTTP/1.1 200 OK"
2025-04-14 09:01:25,229 - httpx - INFO - HTTP Request: POST https://api.telegram.org/bot7690359419:AAFO0dgpL0IaAP44WCMtNOTPMq5plBmPWlA/getUpdates "HTTP/1.1 200 OK"
2025-04-14 09:01:35,262 - httpx - INFO - HTTP Request: POST https://api.telegram.org/bot7690359419:AAFO0dgpL0IaAP44WCMtNOTPMq5plBmPWlA/getUpdates "HTTP/1.1 200 OK"
2025-04-14 09:01:45,296 - httpx - INFO - HTTP Request: POST https://api.telegram.org/bot7690359419:AAFO0dgpL0IaAP44WCMtNOTPMq5plBmPWlA/getUpdates "HTTP/1.1 200 OK"
2025-04-14 09:01:55,335 - httpx - INFO - HTTP Request: POST https://api.telegram.org/bot7690359419:AAFO0dgpL0IaAP44WCMtNOTPMq5plBmPWlA/getUpdates "HTTP/1.1 200 OK"
2025-04-14 09:02:05,370 - httpx - INFO - HTTP Request: POST https://api.telegram.org/bot7690359419:AAFO0dgpL0IaAP44WCMtNOTPMq5plBmPWlA/getUpdates "HTTP/1.1 200 OK"
2025-04-14 09:02:15,406 - httpx - INFO - HTTP Request: POST https://api.telegram.org/bot7690359419:AAFO0dgpL0IaAP44WCMtNOTPMq5plBmPWlA/getUpdates "HTTP/1.1 200 OK"
2025-04-14 09:02:25,440 - httpx - INFO - HTTP Request: POST https://api.telegram.org/bot7690359419:AAFO0dgpL0IaAP44WCMtNOTPMq5plBmPWlA/getUpdates "HTTP/1.1 200 OK"
2025-04-14 09:02:35,482 - httpx - INFO - HTTP Request: POST https://api.telegram.org/bot7690359419:AAFO0dgpL0IaAP44WCMtNOTPMq5plBmPWlA/getUpdates "HTTP/1.1 200 OK"
2025-04-14 09:02:45,515 - httpx - INFO - HTTP Request: POST https://api.telegram.org/bot7690359419:AAFO0dgpL0IaAP44WCMtNOTPMq5plBmPWlA/getUpdates "HTTP/1.1 200 OK"
2025-04-14 09:02:55,552 - httpx - INFO - HTTP Request: POST https://api.telegram.org/bot7690359419:AAFO0dgpL0IaAP44WCMtNOTPMq5plBmPWlA/getUpdates "HTTP/1.1 200 OK"
2025-04-14 09:03:05,583 - httpx - INFO - HTTP Request: POST https://api.telegram.org/bot7690359419:AAFO0dgpL0IaAP44WCMtNOTPMq5plBmPWlA/getUpdates "HTTP/1.1 200 OK"
2025-04-14 09:03:15,618 - httpx - INFO - HTTP Request: POST https://api.telegram.org/bot7690359419:AAFO0dgpL0IaAP44WCMtNOTPMq5plBmPWlA/getUpdates "HTTP/1.1 200 OK"
2025-04-14 09:03:25,658 - httpx - INFO - HTTP Request: POST https://api.telegram.org/bot7690359419:AAFO0dgpL0IaAP44WCMtNOTPMq5plBmPWlA/getUpdates "HTTP/1.1 200 OK"
2025-04-14 09:03:35,694 - httpx - INFO - HTTP Request: POST https://api.telegram.org/bot7690359419:AAFO0dgpL0IaAP44WCMtNOTPMq5plBmPWlA/getUpdates "HTTP/1.1 200 OK"
2025-04-14 09:03:45,745 - httpx - INFO - HTTP Request: POST https://api.telegram.org/bot7690359419:AAFO0dgpL0IaAP44WCMtNOTPMq5plBmPWlA/getUpdates "HTTP/1.1 200 OK"
2025-04-14 09:03:55,785 - httpx - INFO - HTTP Request: POST https://api.telegram.org/bot7690359419:AAFO0dgpL0IaAP44WCMtNOTPMq5plBmPWlA/getUpdates "HTTP/1.1 200 OK"
2025-04-14 09:04:05,821 - httpx - INFO - HTTP Request: POST https://api.telegram.org/bot7690359419:AAFO0dgpL0IaAP44WCMtNOTPMq5plBmPWlA/getUpdates "HTTP/1.1 200 OK"
2025-04-14 09:04:15,861 - httpx - INFO - HTTP Request: POST https://api.telegram.org/bot7690359419:AAFO0dgpL0IaAP44WCMtNOTPMq5plBmPWlA/getUpdates "HTTP/1.1 200 OK"
2025-04-14 09:04:25,897 - httpx - INFO - HTTP Request: POST https://api.telegram.org/bot7690359419:AAFO0dgpL0IaAP44WCMtNOTPMq5plBmPWlA/getUpdates "HTTP/1.1 200 OK"
2025-04-14 09:04:35,931 - httpx - INFO - HTTP Request: POST https://api.telegram.org/bot7690359419:AAFO0dgpL0IaAP44WCMtNOTPMq5plBmPWlA/getUpdates "HTTP/1.1 200 OK"
2025-04-14 09:04:45,965 - httpx - INFO - HTTP Request: POST https://api.telegram.org/bot7690359419:AAFO0dgpL0IaAP44WCMtNOTPMq5plBmPWlA/getUpdates "HTTP/1.1 200 OK"
2025-04-14 09:04:56,002 - httpx - INFO - HTTP Request: POST https://api.telegram.org/bot7690359419:AAFO0dgpL0IaAP44WCMtNOTPMq5plBmPWlA/getUpdates "HTTP/1.1 200 OK"
2025-04-14 09:05:06,036 - httpx - INFO - HTTP Request: POST https://api.telegram.org/bot7690359419:AAFO0dgpL0IaAP44WCMtNOTPMq5plBmPWlA/getUpdates "HTTP/1.1 200 OK"
2025-04-14 09:05:16,076 - httpx - INFO - HTTP Request: POST https://api.telegram.org/bot7690359419:AAFO0dgpL0IaAP44WCMtNOTPMq5plBmPWlA/getUpdates "HTTP/1.1 200 OK"
2025-04-14 09:05:26,118 - httpx - INFO - HTTP Request: POST https://api.telegram.org/bot7690359419:AAFO0dgpL0IaAP44WCMtNOTPMq5plBmPWlA/getUpdates "HTTP/1.1 200 OK"
2025-04-14 09:05:36,154 - httpx - INFO - HTTP Request: POST https://api.telegram.org/bot7690359419:AAFO0dgpL0IaAP44WCMtNOTPMq5plBmPWlA/getUpdates "HTTP/1.1 200 OK"
2025-04-14 09:05:46,186 - httpx - INFO - HTTP Request: POST https://api.telegram.org/bot7690359419:AAFO0dgpL0IaAP44WCMtNOTPMq5plBmPWlA/getUpdates "HTTP/1.1 200 OK"
2025-04-14 09:05:56,222 - httpx - INFO - HTTP Request: POST https://api.telegram.org/bot7690359419:AAFO0dgpL0IaAP44WCMtNOTPMq5plBmPWlA/getUpdates "HTTP/1.1 200 OK"
2025-04-14 09:06:06,264 - httpx - INFO - HTTP Request: POST https://api.telegram.org/bot7690359419:AAFO0dgpL0IaAP44WCMtNOTPMq5plBmPWlA/getUpdates "HTTP/1.1 200 OK"
2025-04-14 09:06:16,386 - httpx - INFO - HTTP Request: POST https://api.telegram.org/bot7690359419:AAFO0dgpL0IaAP44WCMtNOTPMq5plBmPWlA/getUpdates "HTTP/1.1 200 OK"
2025-04-14 09:06:26,422 - httpx - INFO - HTTP Request: POST https://api.telegram.org/bot7690359419:AAFO0dgpL0IaAP44WCMtNOTPMq5plBmPWlA/getUpdates "HTTP/1.1 200 OK"
2025-04-14 09:06:36,461 - httpx - INFO - HTTP Request: POST https://api.telegram.org/bot7690359419:AAFO0dgpL0IaAP44WCMtNOTPMq5plBmPWlA/getUpdates "HTTP/1.1 200 OK"
2025-04-14 09:06:46,497 - httpx - INFO - HTTP Request: POST https://api.telegram.org/bot7690359419:AAFO0dgpL0IaAP44WCMtNOTPMq5plBmPWlA/getUpdates "HTTP/1.1 200 OK"
2025-04-14 09:06:56,533 - httpx - INFO - HTTP Request: POST https://api.telegram.org/bot7690359419:AAFO0dgpL0IaAP44WCMtNOTPMq5plBmPWlA/getUpdates "HTTP/1.1 200 OK"
2025-04-14 09:07:06,567 - httpx - INFO - HTTP Request: POST https://api.telegram.org/bot7690359419:AAFO0dgpL0IaAP44WCMtNOTPMq5plBmPWlA/getUpdates "HTTP/1.1 200 OK"
2025-04-14 09:07:16,599 - httpx - INFO - HTTP Request: POST https://api.telegram.org/bot7690359419:AAFO0dgpL0IaAP44WCMtNOTPMq5plBmPWlA/getUpdates "HTTP/1.1 200 OK"
2025-04-14 09:07:26,633 - httpx - INFO - HTTP Request: POST https://api.telegram.org/bot7690359419:AAFO0dgpL0IaAP44WCMtNOTPMq5plBmPWlA/getUpdates "HTTP/1.1 200 OK"
2025-04-14 09:07:36,669 - httpx - INFO - HTTP Request: POST https://api.telegram.org/bot7690359419:AAFO0dgpL0IaAP44WCMtNOTPMq5plBmPWlA/getUpdates "HTTP/1.1 200 OK"
2025-04-14 09:07:46,706 - httpx - INFO - HTTP Request: POST https://api.telegram.org/bot7690359419:AAFO0dgpL0IaAP44WCMtNOTPMq5plBmPWlA/getUpdates "HTTP/1.1 200 OK"
2025-04-14 09:07:56,742 - httpx - INFO - HTTP Request: POST https://api.telegram.org/bot7690359419:AAFO0dgpL0IaAP44WCMtNOTPMq5plBmPWlA/getUpdates "HTTP/1.1 200 OK"
2025-04-14 09:08:06,777 - httpx - INFO - HTTP Request: POST https://api.telegram.org/bot7690359419:AAFO0dgpL0IaAP44WCMtNOTPMq5plBmPWlA/getUpdates "HTTP/1.1 200 OK"
2025-04-14 09:08:16,814 - httpx - INFO - HTTP Request: POST https://api.telegram.org/bot7690359419:AAFO0dgpL0IaAP44WCMtNOTPMq5plBmPWlA/getUpdates "HTTP/1.1 200 OK"
2025-04-14 09:08:26,853 - httpx - INFO - HTTP Request: POST https://api.telegram.org/bot7690359419:AAFO0dgpL0IaAP44WCMtNOTPMq5plBmPWlA/getUpdates "HTTP/1.1 200 OK"
2025-04-14 09:08:36,886 - httpx - INFO - HTTP Request: POST https://api.telegram.org/bot7690359419:AAFO0dgpL0IaAP44WCMtNOTPMq5plBmPWlA/getUpdates "HTTP/1.1 200 OK"
2025-04-14 09:08:46,923 - httpx - INFO - HTTP Request: POST https://api.telegram.org/bot7690359419:AAFO0dgpL0IaAP44WCMtNOTPMq5plBmPWlA/getUpdates "HTTP/1.1 200 OK"
2025-04-14 09:08:56,960 - httpx - INFO - HTTP Request: POST https://api.telegram.org/bot7690359419:AAFO0dgpL0IaAP44WCMtNOTPMq5plBmPWlA/getUpdates "HTTP/1.1 200 OK"
2025-04-14 09:09:06,996 - httpx - INFO - HTTP Request: POST https://api.telegram.org/bot7690359419:AAFO0dgpL0IaAP44WCMtNOTPMq5plBmPWlA/getUpdates "HTTP/1.1 200 OK"
2025-04-14 09:09:17,031 - httpx - INFO - HTTP Request: POST https://api.telegram.org/bot7690359419:AAFO0dgpL0IaAP44WCMtNOTPMq5plBmPWlA/getUpdates "HTTP/1.1 200 OK"
2025-04-14 09:09:27,064 - httpx - INFO - HTTP Request: POST https://api.telegram.org/bot7690359419:AAFO0dgpL0IaAP44WCMtNOTPMq5plBmPWlA/getUpdates "HTTP/1.1 200 OK"
2025-04-14 09:09:37,102 - httpx - INFO - HTTP Request: POST https://api.telegram.org/bot7690359419:AAFO0dgpL0IaAP44WCMtNOTPMq5plBmPWlA/getUpdates "HTTP/1.1 200 OK"
2025-04-14 09:09:47,137 - httpx - INFO - HTTP Request: POST https://api.telegram.org/bot7690359419:AAFO0dgpL0IaAP44WCMtNOTPMq5plBmPWlA/getUpdates "HTTP/1.1 200 OK"
2025-04-14 09:09:57,186 - httpx - INFO - HTTP Request: POST https://api.telegram.org/bot7690359419:AAFO0dgpL0IaAP44WCMtNOTPMq5plBmPWlA/getUpdates "HTTP/1.1 200 OK"
2025-04-14 09:10:07,221 - httpx - INFO - HTTP Request: POST https://api.telegram.org/bot7690359419:AAFO0dgpL0IaAP44WCMtNOTPMq5plBmPWlA/getUpdates "HTTP/1.1 200 OK"
2025-04-14 09:10:17,259 - httpx - INFO - HTTP Request: POST https://api.telegram.org/bot7690359419:AAFO0dgpL0IaAP44WCMtNOTPMq5plBmPWlA/getUpdates "HTTP/1.1 200 OK"
2025-04-14 09:10:27,303 - httpx - INFO - HTTP Request: POST https://api.telegram.org/bot7690359419:AAFO0dgpL0IaAP44WCMtNOTPMq5plBmPWlA/getUpdates "HTTP/1.1 200 OK"
2025-04-14 09:10:37,337 - httpx - INFO - HTTP Request: POST https://api.telegram.org/bot7690359419:AAFO0dgpL0IaAP44WCMtNOTPMq5plBmPWlA/getUpdates "HTTP/1.1 200 OK"
2025-04-14 09:10:47,369 - httpx - INFO - HTTP Request: POST https://api.telegram.org/bot7690359419:AAFO0dgpL0IaAP44WCMtNOTPMq5plBmPWlA/getUpdates "HTTP/1.1 200 OK"
2025-04-14 09:10:57,402 - httpx - INFO - HTTP Request: POST https://api.telegram.org/bot7690359419:AAFO0dgpL0IaAP44WCMtNOTPMq5plBmPWlA/getUpdates "HTTP/1.1 200 OK"
2025-04-14 09:11:07,435 - httpx - INFO - HTTP Request: POST https://api.telegram.org/bot7690359419:AAFO0dgpL0IaAP44WCMtNOTPMq5plBmPWlA/getUpdates "HTTP/1.1 200 OK"
2025-04-14 09:11:17,470 - httpx - INFO - HTTP Request: POST https://api.telegram.org/bot7690359419:AAFO0dgpL0IaAP44WCMtNOTPMq5plBmPWlA/getUpdates "HTTP/1.1 200 OK"
2025-04-14 09:11:27,510 - httpx - INFO - HTTP Request: POST https://api.telegram.org/bot7690359419:AAFO0dgpL0IaAP44WCMtNOTPMq5plBmPWlA/getUpdates "HTTP/1.1 200 OK"
2025-04-14 09:11:37,552 - httpx - INFO - HTTP Request: POST https://api.telegram.org/bot7690359419:AAFO0dgpL0IaAP44WCMtNOTPMq5plBmPWlA/getUpdates "HTTP/1.1 200 OK"
2025-04-14 09:11:47,585 - httpx - INFO - HTTP Request: POST https://api.telegram.org/bot7690359419:AAFO0dgpL0IaAP44WCMtNOTPMq5plBmPWlA/getUpdates "HTTP/1.1 200 OK"
2025-04-14 09:11:57,626 - httpx - INFO - HTTP Request: POST https://api.telegram.org/bot7690359419:AAFO0dgpL0IaAP44WCMtNOTPMq5plBmPWlA/getUpdates "HTTP/1.1 200 OK"
2025-04-14 09:12:07,661 - httpx - INFO - HTTP Request: POST https://api.telegram.org/bot7690359419:AAFO0dgpL0IaAP44WCMtNOTPMq5plBmPWlA/getUpdates "HTTP/1.1 200 OK"
2025-04-14 09:12:17,702 - httpx - INFO - HTTP Request: POST https://api.telegram.org/bot7690359419:AAFO0dgpL0IaAP44WCMtNOTPMq5plBmPWlA/getUpdates "HTTP/1.1 200 OK"
2025-04-14 09:12:27,734 - httpx - INFO - HTTP Request: POST https://api.telegram.org/bot7690359419:AAFO0dgpL0IaAP44WCMtNOTPMq5plBmPWlA/getUpdates "HTTP/1.1 200 OK"
2025-04-14 09:12:37,767 - httpx - INFO - HTTP Request: POST https://api.telegram.org/bot7690359419:AAFO0dgpL0IaAP44WCMtNOTPMq5plBmPWlA/getUpdates "HTTP/1.1 200 OK"
2025-04-14 09:12:47,808 - httpx - INFO - HTTP Request: POST https://api.telegram.org/bot7690359419:AAFO0dgpL0IaAP44WCMtNOTPMq5plBmPWlA/getUpdates "HTTP/1.1 200 OK"
2025-04-14 09:12:57,842 - httpx - INFO - HTTP Request: POST https://api.telegram.org/bot7690359419:AAFO0dgpL0IaAP44WCMtNOTPMq5plBmPWlA/getUpdates "HTTP/1.1 200 OK"
2025-04-14 09:13:07,875 - httpx - INFO - HTTP Request: POST https://api.telegram.org/bot7690359419:AAFO0dgpL0IaAP44WCMtNOTPMq5plBmPWlA/getUpdates "HTTP/1.1 200 OK"
2025-04-14 09:13:17,907 - httpx - INFO - HTTP Request: POST https://api.telegram.org/bot7690359419:AAFO0dgpL0IaAP44WCMtNOTPMq5plBmPWlA/getUpdates "HTTP/1.1 200 OK"
2025-04-14 09:13:27,941 - httpx - INFO - HTTP Request: POST https://api.telegram.org/bot7690359419:AAFO0dgpL0IaAP44WCMtNOTPMq5plBmPWlA/getUpdates "HTTP/1.1 200 OK"
2025-04-14 09:13:37,983 - httpx - INFO - HTTP Request: POST https://api.telegram.org/bot7690359419:AAFO0dgpL0IaAP44WCMtNOTPMq5plBmPWlA/getUpdates "HTTP/1.1 200 OK"
2025-04-14 09:13:48,018 - httpx - INFO - HTTP Request: POST https://api.telegram.org/bot7690359419:AAFO0dgpL0IaAP44WCMtNOTPMq5plBmPWlA/getUpdates "HTTP/1.1 200 OK"
2025-04-14 09:13:58,056 - httpx - INFO - HTTP Request: POST https://api.telegram.org/bot7690359419:AAFO0dgpL0IaAP44WCMtNOTPMq5plBmPWlA/getUpdates "HTTP/1.1 200 OK"
2025-04-14 09:14:08,093 - httpx - INFO - HTTP Request: POST https://api.telegram.org/bot7690359419:AAFO0dgpL0IaAP44WCMtNOTPMq5plBmPWlA/getUpdates "HTTP/1.1 200 OK"
2025-04-14 09:14:18,127 - httpx - INFO - HTTP Request: POST https://api.telegram.org/bot7690359419:AAFO0dgpL0IaAP44WCMtNOTPMq5plBmPWlA/getUpdates "HTTP/1.1 200 OK"
2025-04-14 09:14:28,167 - httpx - INFO - HTTP Request: POST https://api.telegram.org/bot7690359419:AAFO0dgpL0IaAP44WCMtNOTPMq5plBmPWlA/getUpdates "HTTP/1.1 200 OK"
2025-04-14 09:14:38,202 - httpx - INFO - HTTP Request: POST https://api.telegram.org/bot7690359419:AAFO0dgpL0IaAP44WCMtNOTPMq5plBmPWlA/getUpdates "HTTP/1.1 200 OK"
2025-04-14 09:14:48,241 - httpx - INFO - HTTP Request: POST https://api.telegram.org/bot7690359419:AAFO0dgpL0IaAP44WCMtNOTPMq5plBmPWlA/getUpdates "HTTP/1.1 200 OK"
2025-04-14 09:14:58,290 - httpx - INFO - HTTP Request: POST https://api.telegram.org/bot7690359419:AAFO0dgpL0IaAP44WCMtNOTPMq5plBmPWlA/getUpdates "HTTP/1.1 200 OK"
2025-04-14 09:15:08,338 - httpx - INFO - HTTP Request: POST https://api.telegram.org/bot7690359419:AAFO0dgpL0IaAP44WCMtNOTPMq5plBmPWlA/getUpdates "HTTP/1.1 200 OK"
2025-04-14 09:15:18,373 - httpx - INFO - HTTP Request: POST https://api.telegram.org/bot7690359419:AAFO0dgpL0IaAP44WCMtNOTPMq5plBmPWlA/getUpdates "HTTP/1.1 200 OK"
2025-04-14 09:15:28,406 - httpx - INFO - HTTP Request: POST https://api.telegram.org/bot7690359419:AAFO0dgpL0IaAP44WCMtNOTPMq5plBmPWlA/getUpdates "HTTP/1.1 200 OK"
2025-04-14 09:15:38,440 - httpx - INFO - HTTP Request: POST https://api.telegram.org/bot7690359419:AAFO0dgpL0IaAP44WCMtNOTPMq5plBmPWlA/getUpdates "HTTP/1.1 200 OK"
2025-04-14 09:15:48,480 - httpx - INFO - HTTP Request: POST https://api.telegram.org/bot7690359419:AAFO0dgpL0IaAP44WCMtNOTPMq5plBmPWlA/getUpdates "HTTP/1.1 200 OK"
2025-04-14 09:15:58,514 - httpx - INFO - HTTP Request: POST https://api.telegram.org/bot7690359419:AAFO0dgpL0IaAP44WCMtNOTPMq5plBmPWlA/getUpdates "HTTP/1.1 200 OK"
2025-04-14 09:16:08,559 - httpx - INFO - HTTP Request: POST https://api.telegram.org/bot7690359419:AAFO0dgpL0IaAP44WCMtNOTPMq5plBmPWlA/getUpdates "HTTP/1.1 200 OK"
2025-04-14 09:16:18,591 - httpx - INFO - HTTP Request: POST https://api.telegram.org/bot7690359419:AAFO0dgpL0IaAP44WCMtNOTPMq5plBmPWlA/getUpdates "HTTP/1.1 200 OK"
2025-04-14 09:16:28,626 - httpx - INFO - HTTP Request: POST https://api.telegram.org/bot7690359419:AAFO0dgpL0IaAP44WCMtNOTPMq5plBmPWlA/getUpdates "HTTP/1.1 200 OK"
2025-04-14 09:16:38,658 - httpx - INFO - HTTP Request: POST https://api.telegram.org/bot7690359419:AAFO0dgpL0IaAP44WCMtNOTPMq5plBmPWlA/getUpdates "HTTP/1.1 200 OK"
2025-04-14 09:16:48,691 - httpx - INFO - HTTP Request: POST https://api.telegram.org/bot7690359419:AAFO0dgpL0IaAP44WCMtNOTPMq5plBmPWlA/getUpdates "HTTP/1.1 200 OK"
2025-04-14 09:16:58,725 - httpx - INFO - HTTP Request: POST https://api.telegram.org/bot7690359419:AAFO0dgpL0IaAP44WCMtNOTPMq5plBmPWlA/getUpdates "HTTP/1.1 200 OK"
2025-04-14 09:17:08,762 - httpx - INFO - HTTP Request: POST https://api.telegram.org/bot7690359419:AAFO0dgpL0IaAP44WCMtNOTPMq5plBmPWlA/getUpdates "HTTP/1.1 200 OK"
2025-04-14 09:17:18,797 - httpx - INFO - HTTP Request: POST https://api.telegram.org/bot7690359419:AAFO0dgpL0IaAP44WCMtNOTPMq5plBmPWlA/getUpdates "HTTP/1.1 200 OK"
2025-04-14 09:17:28,832 - httpx - INFO - HTTP Request: POST https://api.telegram.org/bot7690359419:AAFO0dgpL0IaAP44WCMtNOTPMq5plBmPWlA/getUpdates "HTTP/1.1 200 OK"
2025-04-14 09:17:38,867 - httpx - INFO - HTTP Request: POST https://api.telegram.org/bot7690359419:AAFO0dgpL0IaAP44WCMtNOTPMq5plBmPWlA/getUpdates "HTTP/1.1 200 OK"
2025-04-14 09:17:48,903 - httpx - INFO - HTTP Request: POST https://api.telegram.org/bot7690359419:AAFO0dgpL0IaAP44WCMtNOTPMq5plBmPWlA/getUpdates "HTTP/1.1 200 OK"
2025-04-14 09:17:58,943 - httpx - INFO - HTTP Request: POST https://api.telegram.org/bot7690359419:AAFO0dgpL0IaAP44WCMtNOTPMq5plBmPWlA/getUpdates "HTTP/1.1 200 OK"
2025-04-14 09:18:08,979 - httpx - INFO - HTTP Request: POST https://api.telegram.org/bot7690359419:AAFO0dgpL0IaAP44WCMtNOTPMq5plBmPWlA/getUpdates "HTTP/1.1 200 OK"
2025-04-14 09:18:19,012 - httpx - INFO - HTTP Request: POST https://api.telegram.org/bot7690359419:AAFO0dgpL0IaAP44WCMtNOTPMq5plBmPWlA/getUpdates "HTTP/1.1 200 OK"
2025-04-14 09:18:29,048 - httpx - INFO - HTTP Request: POST https://api.telegram.org/bot7690359419:AAFO0dgpL0IaAP44WCMtNOTPMq5plBmPWlA/getUpdates "HTTP/1.1 200 OK"
2025-04-14 09:18:39,088 - httpx - INFO - HTTP Request: POST https://api.telegram.org/bot7690359419:AAFO0dgpL0IaAP44WCMtNOTPMq5plBmPWlA/getUpdates "HTTP/1.1 200 OK"
2025-04-14 09:18:49,128 - httpx - INFO - HTTP Request: POST https://api.telegram.org/bot7690359419:AAFO0dgpL0IaAP44WCMtNOTPMq5plBmPWlA/getUpdates "HTTP/1.1 200 OK"
2025-04-14 09:18:59,162 - httpx - INFO - HTTP Request: POST https://api.telegram.org/bot7690359419:AAFO0dgpL0IaAP44WCMtNOTPMq5plBmPWlA/getUpdates "HTTP/1.1 200 OK"
2025-04-14 09:19:09,240 - httpx - INFO - HTTP Request: POST https://api.telegram.org/bot7690359419:AAFO0dgpL0IaAP44WCMtNOTPMq5plBmPWlA/getUpdates "HTTP/1.1 200 OK"
2025-04-14 09:19:19,275 - httpx - INFO - HTTP Request: POST https://api.telegram.org/bot7690359419:AAFO0dgpL0IaAP44WCMtNOTPMq5plBmPWlA/getUpdates "HTTP/1.1 200 OK"
2025-04-14 09:19:29,313 - httpx - INFO - HTTP Request: POST https://api.telegram.org/bot7690359419:AAFO0dgpL0IaAP44WCMtNOTPMq5plBmPWlA/getUpdates "HTTP/1.1 200 OK"
2025-04-14 09:19:39,355 - httpx - INFO - HTTP Request: POST https://api.telegram.org/bot7690359419:AAFO0dgpL0IaAP44WCMtNOTPMq5plBmPWlA/getUpdates "HTTP/1.1 200 OK"
2025-04-14 09:19:49,389 - httpx - INFO - HTTP Request: POST https://api.telegram.org/bot7690359419:AAFO0dgpL0IaAP44WCMtNOTPMq5plBmPWlA/getUpdates "HTTP/1.1 200 OK"
2025-04-14 09:19:59,428 - httpx - INFO - HTTP Request: POST https://api.telegram.org/bot7690359419:AAFO0dgpL0IaAP44WCMtNOTPMq5plBmPWlA/getUpdates "HTTP/1.1 200 OK"
2025-04-14 09:20:09,467 - httpx - INFO - HTTP Request: POST https://api.telegram.org/bot7690359419:AAFO0dgpL0IaAP44WCMtNOTPMq5plBmPWlA/getUpdates "HTTP/1.1 200 OK"
2025-04-14 09:20:19,501 - httpx - INFO - HTTP Request: POST https://api.telegram.org/bot7690359419:AAFO0dgpL0IaAP44WCMtNOTPMq5plBmPWlA/getUpdates "HTTP/1.1 200 OK"
2025-04-14 09:20:29,586 - httpx - INFO - HTTP Request: POST https://api.telegram.org/bot7690359419:AAFO0dgpL0IaAP44WCMtNOTPMq5plBmPWlA/getUpdates "HTTP/1.1 200 OK"
2025-04-14 09:20:39,620 - httpx - INFO - HTTP Request: POST https://api.telegram.org/bot7690359419:AAFO0dgpL0IaAP44WCMtNOTPMq5plBmPWlA/getUpdates "HTTP/1.1 200 OK"
2025-04-14 09:20:49,652 - httpx - INFO - HTTP Request: POST https://api.telegram.org/bot7690359419:AAFO0dgpL0IaAP44WCMtNOTPMq5plBmPWlA/getUpdates "HTTP/1.1 200 OK"
2025-04-14 09:20:59,686 - httpx - INFO - HTTP Request: POST https://api.telegram.org/bot7690359419:AAFO0dgpL0IaAP44WCMtNOTPMq5plBmPWlA/getUpdates "HTTP/1.1 200 OK"
2025-04-14 09:21:09,720 - httpx - INFO - HTTP Request: POST https://api.telegram.org/bot7690359419:AAFO0dgpL0IaAP44WCMtNOTPMq5plBmPWlA/getUpdates "HTTP/1.1 200 OK"
2025-04-14 09:21:19,758 - httpx - INFO - HTTP Request: POST https://api.telegram.org/bot7690359419:AAFO0dgpL0IaAP44WCMtNOTPMq5plBmPWlA/getUpdates "HTTP/1.1 200 OK"
2025-04-14 09:21:29,790 - httpx - INFO - HTTP Request: POST https://api.telegram.org/bot7690359419:AAFO0dgpL0IaAP44WCMtNOTPMq5plBmPWlA/getUpdates "HTTP/1.1 200 OK"
2025-04-14 09:21:39,829 - httpx - INFO - HTTP Request: POST https://api.telegram.org/bot7690359419:AAFO0dgpL0IaAP44WCMtNOTPMq5plBmPWlA/getUpdates "HTTP/1.1 200 OK"
2025-04-14 09:21:49,868 - httpx - INFO - HTTP Request: POST https://api.telegram.org/bot7690359419:AAFO0dgpL0IaAP44WCMtNOTPMq5plBmPWlA/getUpdates "HTTP/1.1 200 OK"
2025-04-14 09:21:59,904 - httpx - INFO - HTTP Request: POST https://api.telegram.org/bot7690359419:AAFO0dgpL0IaAP44WCMtNOTPMq5plBmPWlA/getUpdates "HTTP/1.1 200 OK"
2025-04-14 09:22:09,939 - httpx - INFO - HTTP Request: POST https://api.telegram.org/bot7690359419:AAFO0dgpL0IaAP44WCMtNOTPMq5plBmPWlA/getUpdates "HTTP/1.1 200 OK"
2025-04-14 09:22:19,975 - httpx - INFO - HTTP Request: POST https://api.telegram.org/bot7690359419:AAFO0dgpL0IaAP44WCMtNOTPMq5plBmPWlA/getUpdates "HTTP/1.1 200 OK"
2025-04-14 09:22:30,012 - httpx - INFO - HTTP Request: POST https://api.telegram.org/bot7690359419:AAFO0dgpL0IaAP44WCMtNOTPMq5plBmPWlA/getUpdates "HTTP/1.1 200 OK"
2025-04-14 09:22:40,055 - httpx - INFO - HTTP Request: POST https://api.telegram.org/bot7690359419:AAFO0dgpL0IaAP44WCMtNOTPMq5plBmPWlA/getUpdates "HTTP/1.1 200 OK"
2025-04-14 09:22:50,086 - httpx - INFO - HTTP Request: POST https://api.telegram.org/bot7690359419:AAFO0dgpL0IaAP44WCMtNOTPMq5plBmPWlA/getUpdates "HTTP/1.1 200 OK"
2025-04-14 09:23:00,211 - httpx - INFO - HTTP Request: POST https://api.telegram.org/bot7690359419:AAFO0dgpL0IaAP44WCMtNOTPMq5plBmPWlA/getUpdates "HTTP/1.1 200 OK"
2025-04-14 09:23:10,246 - httpx - INFO - HTTP Request: POST https://api.telegram.org/bot7690359419:AAFO0dgpL0IaAP44WCMtNOTPMq5plBmPWlA/getUpdates "HTTP/1.1 200 OK"
2025-04-14 09:23:20,284 - httpx - INFO - HTTP Request: POST https://api.telegram.org/bot7690359419:AAFO0dgpL0IaAP44WCMtNOTPMq5plBmPWlA/getUpdates "HTTP/1.1 200 OK"
2025-04-14 09:23:30,323 - httpx - INFO - HTTP Request: POST https://api.telegram.org/bot7690359419:AAFO0dgpL0IaAP44WCMtNOTPMq5plBmPWlA/getUpdates "HTTP/1.1 200 OK"
2025-04-14 09:23:40,357 - httpx - INFO - HTTP Request: POST https://api.telegram.org/bot7690359419:AAFO0dgpL0IaAP44WCMtNOTPMq5plBmPWlA/getUpdates "HTTP/1.1 200 OK"
2025-04-14 09:23:50,391 - httpx - INFO - HTTP Request: POST https://api.telegram.org/bot7690359419:AAFO0dgpL0IaAP44WCMtNOTPMq5plBmPWlA/getUpdates "HTTP/1.1 200 OK"
2025-04-14 09:24:00,424 - httpx - INFO - HTTP Request: POST https://api.telegram.org/bot7690359419:AAFO0dgpL0IaAP44WCMtNOTPMq5plBmPWlA/getUpdates "HTTP/1.1 200 OK"
2025-04-14 09:24:10,460 - httpx - INFO - HTTP Request: POST https://api.telegram.org/bot7690359419:AAFO0dgpL0IaAP44WCMtNOTPMq5plBmPWlA/getUpdates "HTTP/1.1 200 OK"
2025-04-14 09:24:20,509 - httpx - INFO - HTTP Request: POST https://api.telegram.org/bot7690359419:AAFO0dgpL0IaAP44WCMtNOTPMq5plBmPWlA/getUpdates "HTTP/1.1 200 OK"
2025-04-14 09:24:30,544 - httpx - INFO - HTTP Request: POST https://api.telegram.org/bot7690359419:AAFO0dgpL0IaAP44WCMtNOTPMq5plBmPWlA/getUpdates "HTTP/1.1 200 OK"
2025-04-14 09:24:40,578 - httpx - INFO - HTTP Request: POST https://api.telegram.org/bot7690359419:AAFO0dgpL0IaAP44WCMtNOTPMq5plBmPWlA/getUpdates "HTTP/1.1 200 OK"
2025-04-14 09:24:50,617 - httpx - INFO - HTTP Request: POST https://api.telegram.org/bot7690359419:AAFO0dgpL0IaAP44WCMtNOTPMq5plBmPWlA/getUpdates "HTTP/1.1 200 OK"
2025-04-14 09:25:00,651 - httpx - INFO - HTTP Request: POST https://api.telegram.org/bot7690359419:AAFO0dgpL0IaAP44WCMtNOTPMq5plBmPWlA/getUpdates "HTTP/1.1 200 OK"
2025-04-14 09:25:10,688 - httpx - INFO - HTTP Request: POST https://api.telegram.org/bot7690359419:AAFO0dgpL0IaAP44WCMtNOTPMq5plBmPWlA/getUpdates "HTTP/1.1 200 OK"
2025-04-14 09:25:20,731 - httpx - INFO - HTTP Request: POST https://api.telegram.org/bot7690359419:AAFO0dgpL0IaAP44WCMtNOTPMq5plBmPWlA/getUpdates "HTTP/1.1 200 OK"
2025-04-14 09:25:30,772 - httpx - INFO - HTTP Request: POST https://api.telegram.org/bot7690359419:AAFO0dgpL0IaAP44WCMtNOTPMq5plBmPWlA/getUpdates "HTTP/1.1 200 OK"
2025-04-14 09:25:40,808 - httpx - INFO - HTTP Request: POST https://api.telegram.org/bot7690359419:AAFO0dgpL0IaAP44WCMtNOTPMq5plBmPWlA/getUpdates "HTTP/1.1 200 OK"
2025-04-14 09:25:50,843 - httpx - INFO - HTTP Request: POST https://api.telegram.org/bot7690359419:AAFO0dgpL0IaAP44WCMtNOTPMq5plBmPWlA/getUpdates "HTTP/1.1 200 OK"
2025-04-14 09:26:00,879 - httpx - INFO - HTTP Request: POST https://api.telegram.org/bot7690359419:AAFO0dgpL0IaAP44WCMtNOTPMq5plBmPWlA/getUpdates "HTTP/1.1 200 OK"
2025-04-14 09:26:10,922 - httpx - INFO - HTTP Request: POST https://api.telegram.org/bot7690359419:AAFO0dgpL0IaAP44WCMtNOTPMq5plBmPWlA/getUpdates "HTTP/1.1 200 OK"
2025-04-14 09:26:20,962 - httpx - INFO - HTTP Request: POST https://api.telegram.org/bot7690359419:AAFO0dgpL0IaAP44WCMtNOTPMq5plBmPWlA/getUpdates "HTTP/1.1 200 OK"
2025-04-14 09:26:31,001 - httpx - INFO - HTTP Request: POST https://api.telegram.org/bot7690359419:AAFO0dgpL0IaAP44WCMtNOTPMq5plBmPWlA/getUpdates "HTTP/1.1 200 OK"
2025-04-14 09:26:41,033 - httpx - INFO - HTTP Request: POST https://api.telegram.org/bot7690359419:AAFO0dgpL0IaAP44WCMtNOTPMq5plBmPWlA/getUpdates "HTTP/1.1 200 OK"
2025-04-14 09:26:51,067 - httpx - INFO - HTTP Request: POST https://api.telegram.org/bot7690359419:AAFO0dgpL0IaAP44WCMtNOTPMq5plBmPWlA/getUpdates "HTTP/1.1 200 OK"
2025-04-14 09:27:01,100 - httpx - INFO - HTTP Request: POST https://api.telegram.org/bot7690359419:AAFO0dgpL0IaAP44WCMtNOTPMq5plBmPWlA/getUpdates "HTTP/1.1 200 OK"
2025-04-14 09:27:11,133 - httpx - INFO - HTTP Request: POST https://api.telegram.org/bot7690359419:AAFO0dgpL0IaAP44WCMtNOTPMq5plBmPWlA/getUpdates "HTTP/1.1 200 OK"
2025-04-14 09:27:21,169 - httpx - INFO - HTTP Request: POST https://api.telegram.org/bot7690359419:AAFO0dgpL0IaAP44WCMtNOTPMq5plBmPWlA/getUpdates "HTTP/1.1 200 OK"
2025-04-14 09:27:31,203 - httpx - INFO - HTTP Request: POST https://api.telegram.org/bot7690359419:AAFO0dgpL0IaAP44WCMtNOTPMq5plBmPWlA/getUpdates "HTTP/1.1 200 OK"
2025-04-14 09:27:41,237 - httpx - INFO - HTTP Request: POST https://api.telegram.org/bot7690359419:AAFO0dgpL0IaAP44WCMtNOTPMq5plBmPWlA/getUpdates "HTTP/1.1 200 OK"
2025-04-14 09:27:51,269 - httpx - INFO - HTTP Request: POST https://api.telegram.org/bot7690359419:AAFO0dgpL0IaAP44WCMtNOTPMq5plBmPWlA/getUpdates "HTTP/1.1 200 OK"
2025-04-14 09:28:01,302 - httpx - INFO - HTTP Request: POST https://api.telegram.org/bot7690359419:AAFO0dgpL0IaAP44WCMtNOTPMq5plBmPWlA/getUpdates "HTTP/1.1 200 OK"
2025-04-14 09:28:11,337 - httpx - INFO - HTTP Request: POST https://api.telegram.org/bot7690359419:AAFO0dgpL0IaAP44WCMtNOTPMq5plBmPWlA/getUpdates "HTTP/1.1 200 OK"
2025-04-14 09:28:21,369 - httpx - INFO - HTTP Request: POST https://api.telegram.org/bot7690359419:AAFO0dgpL0IaAP44WCMtNOTPMq5plBmPWlA/getUpdates "HTTP/1.1 200 OK"
2025-04-14 09:28:31,403 - httpx - INFO - HTTP Request: POST https://api.telegram.org/bot7690359419:AAFO0dgpL0IaAP44WCMtNOTPMq5plBmPWlA/getUpdates "HTTP/1.1 200 OK"
2025-04-14 09:28:41,444 - httpx - INFO - HTTP Request: POST https://api.telegram.org/bot7690359419:AAFO0dgpL0IaAP44WCMtNOTPMq5plBmPWlA/getUpdates "HTTP/1.1 200 OK"
2025-04-14 09:28:51,480 - httpx - INFO - HTTP Request: POST https://api.telegram.org/bot7690359419:AAFO0dgpL0IaAP44WCMtNOTPMq5plBmPWlA/getUpdates "HTTP/1.1 200 OK"
2025-04-14 09:29:01,514 - httpx - INFO - HTTP Request: POST https://api.telegram.org/bot7690359419:AAFO0dgpL0IaAP44WCMtNOTPMq5plBmPWlA/getUpdates "HTTP/1.1 200 OK"
2025-04-14 09:29:11,563 - httpx - INFO - HTTP Request: POST https://api.telegram.org/bot7690359419:AAFO0dgpL0IaAP44WCMtNOTPMq5plBmPWlA/getUpdates "HTTP/1.1 200 OK"
2025-04-14 09:29:21,600 - httpx - INFO - HTTP Request: POST https://api.telegram.org/bot7690359419:AAFO0dgpL0IaAP44WCMtNOTPMq5plBmPWlA/getUpdates "HTTP/1.1 200 OK"
2025-04-14 09:29:31,637 - httpx - INFO - HTTP Request: POST https://api.telegram.org/bot7690359419:AAFO0dgpL0IaAP44WCMtNOTPMq5plBmPWlA/getUpdates "HTTP/1.1 200 OK"
2025-04-14 09:29:41,682 - httpx - INFO - HTTP Request: POST https://api.telegram.org/bot7690359419:AAFO0dgpL0IaAP44WCMtNOTPMq5plBmPWlA/getUpdates "HTTP/1.1 200 OK"
2025-04-14 09:29:51,745 - httpx - INFO - HTTP Request: POST https://api.telegram.org/bot7690359419:AAFO0dgpL0IaAP44WCMtNOTPMq5plBmPWlA/getUpdates "HTTP/1.1 200 OK"
2025-04-14 09:30:01,780 - httpx - INFO - HTTP Request: POST https://api.telegram.org/bot7690359419:AAFO0dgpL0IaAP44WCMtNOTPMq5plBmPWlA/getUpdates "HTTP/1.1 200 OK"
2025-04-14 09:30:11,814 - httpx - INFO - HTTP Request: POST https://api.telegram.org/bot7690359419:AAFO0dgpL0IaAP44WCMtNOTPMq5plBmPWlA/getUpdates "HTTP/1.1 200 OK"
2025-04-14 09:30:21,848 - httpx - INFO - HTTP Request: POST https://api.telegram.org/bot7690359419:AAFO0dgpL0IaAP44WCMtNOTPMq5plBmPWlA/getUpdates "HTTP/1.1 200 OK"
2025-04-14 09:30:31,882 - httpx - INFO - HTTP Request: POST https://api.telegram.org/bot7690359419:AAFO0dgpL0IaAP44WCMtNOTPMq5plBmPWlA/getUpdates "HTTP/1.1 200 OK"
2025-04-14 09:30:41,918 - httpx - INFO - HTTP Request: POST https://api.telegram.org/bot7690359419:AAFO0dgpL0IaAP44WCMtNOTPMq5plBmPWlA/getUpdates "HTTP/1.1 200 OK"
2025-04-14 09:30:51,952 - httpx - INFO - HTTP Request: POST https://api.telegram.org/bot7690359419:AAFO0dgpL0IaAP44WCMtNOTPMq5plBmPWlA/getUpdates "HTTP/1.1 200 OK"
2025-04-14 09:31:01,991 - httpx - INFO - HTTP Request: POST https://api.telegram.org/bot7690359419:AAFO0dgpL0IaAP44WCMtNOTPMq5plBmPWlA/getUpdates "HTTP/1.1 200 OK"
2025-04-14 09:31:12,025 - httpx - INFO - HTTP Request: POST https://api.telegram.org/bot7690359419:AAFO0dgpL0IaAP44WCMtNOTPMq5plBmPWlA/getUpdates "HTTP/1.1 200 OK"
2025-04-14 09:31:22,061 - httpx - INFO - HTTP Request: POST https://api.telegram.org/bot7690359419:AAFO0dgpL0IaAP44WCMtNOTPMq5plBmPWlA/getUpdates "HTTP/1.1 200 OK"
2025-04-14 09:31:32,095 - httpx - INFO - HTTP Request: POST https://api.telegram.org/bot7690359419:AAFO0dgpL0IaAP44WCMtNOTPMq5plBmPWlA/getUpdates "HTTP/1.1 200 OK"
2025-04-14 09:31:42,133 - httpx - INFO - HTTP Request: POST https://api.telegram.org/bot7690359419:AAFO0dgpL0IaAP44WCMtNOTPMq5plBmPWlA/getUpdates "HTTP/1.1 200 OK"
2025-04-14 09:31:52,168 - httpx - INFO - HTTP Request: POST https://api.telegram.org/bot7690359419:AAFO0dgpL0IaAP44WCMtNOTPMq5plBmPWlA/getUpdates "HTTP/1.1 200 OK"
2025-04-14 09:32:02,203 - httpx - INFO - HTTP Request: POST https://api.telegram.org/bot7690359419:AAFO0dgpL0IaAP44WCMtNOTPMq5plBmPWlA/getUpdates "HTTP/1.1 200 OK"
2025-04-14 09:32:12,236 - httpx - INFO - HTTP Request: POST https://api.telegram.org/bot7690359419:AAFO0dgpL0IaAP44WCMtNOTPMq5plBmPWlA/getUpdates "HTTP/1.1 200 OK"
2025-04-14 09:32:22,270 - httpx - INFO - HTTP Request: POST https://api.telegram.org/bot7690359419:AAFO0dgpL0IaAP44WCMtNOTPMq5plBmPWlA/getUpdates "HTTP/1.1 200 OK"
2025-04-14 09:32:32,306 - httpx - INFO - HTTP Request: POST https://api.telegram.org/bot7690359419:AAFO0dgpL0IaAP44WCMtNOTPMq5plBmPWlA/getUpdates "HTTP/1.1 200 OK"
2025-04-14 09:32:42,339 - httpx - INFO - HTTP Request: POST https://api.telegram.org/bot7690359419:AAFO0dgpL0IaAP44WCMtNOTPMq5plBmPWlA/getUpdates "HTTP/1.1 200 OK"
2025-04-14 09:32:52,373 - httpx - INFO - HTTP Request: POST https://api.telegram.org/bot7690359419:AAFO0dgpL0IaAP44WCMtNOTPMq5plBmPWlA/getUpdates "HTTP/1.1 200 OK"
2025-04-14 09:33:02,412 - httpx - INFO - HTTP Request: POST https://api.telegram.org/bot7690359419:AAFO0dgpL0IaAP44WCMtNOTPMq5plBmPWlA/getUpdates "HTTP/1.1 200 OK"
2025-04-14 09:33:12,455 - httpx - INFO - HTTP Request: POST https://api.telegram.org/bot7690359419:AAFO0dgpL0IaAP44WCMtNOTPMq5plBmPWlA/getUpdates "HTTP/1.1 200 OK"
2025-04-14 09:33:22,490 - httpx - INFO - HTTP Request: POST https://api.telegram.org/bot7690359419:AAFO0dgpL0IaAP44WCMtNOTPMq5plBmPWlA/getUpdates "HTTP/1.1 200 OK"
2025-04-14 09:33:32,524 - httpx - INFO - HTTP Request: POST https://api.telegram.org/bot7690359419:AAFO0dgpL0IaAP44WCMtNOTPMq5plBmPWlA/getUpdates "HTTP/1.1 200 OK"
2025-04-14 09:33:42,560 - httpx - INFO - HTTP Request: POST https://api.telegram.org/bot7690359419:AAFO0dgpL0IaAP44WCMtNOTPMq5plBmPWlA/getUpdates "HTTP/1.1 200 OK"
2025-04-14 09:33:52,591 - httpx - INFO - HTTP Request: POST https://api.telegram.org/bot7690359419:AAFO0dgpL0IaAP44WCMtNOTPMq5plBmPWlA/getUpdates "HTTP/1.1 200 OK"
2025-04-14 09:34:02,625 - httpx - INFO - HTTP Request: POST https://api.telegram.org/bot7690359419:AAFO0dgpL0IaAP44WCMtNOTPMq5plBmPWlA/getUpdates "HTTP/1.1 200 OK"
2025-04-14 09:34:12,657 - httpx - INFO - HTTP Request: POST https://api.telegram.org/bot7690359419:AAFO0dgpL0IaAP44WCMtNOTPMq5plBmPWlA/getUpdates "HTTP/1.1 200 OK"
2025-04-14 09:34:22,705 - httpx - INFO - HTTP Request: POST https://api.telegram.org/bot7690359419:AAFO0dgpL0IaAP44WCMtNOTPMq5plBmPWlA/getUpdates "HTTP/1.1 200 OK"
2025-04-14 09:34:32,746 - httpx - INFO - HTTP Request: POST https://api.telegram.org/bot7690359419:AAFO0dgpL0IaAP44WCMtNOTPMq5plBmPWlA/getUpdates "HTTP/1.1 200 OK"
2025-04-14 09:34:42,788 - httpx - INFO - HTTP Request: POST https://api.telegram.org/bot7690359419:AAFO0dgpL0IaAP44WCMtNOTPMq5plBmPWlA/getUpdates "HTTP/1.1 200 OK"
2025-04-14 09:34:52,822 - httpx - INFO - HTTP Request: POST https://api.telegram.org/bot7690359419:AAFO0dgpL0IaAP44WCMtNOTPMq5plBmPWlA/getUpdates "HTTP/1.1 200 OK"
2025-04-14 09:35:02,863 - httpx - INFO - HTTP Request: POST https://api.telegram.org/bot7690359419:AAFO0dgpL0IaAP44WCMtNOTPMq5plBmPWlA/getUpdates "HTTP/1.1 200 OK"
2025-04-14 09:35:12,899 - httpx - INFO - HTTP Request: POST https://api.telegram.org/bot7690359419:AAFO0dgpL0IaAP44WCMtNOTPMq5plBmPWlA/getUpdates "HTTP/1.1 200 OK"
2025-04-14 09:35:22,934 - httpx - INFO - HTTP Request: POST https://api.telegram.org/bot7690359419:AAFO0dgpL0IaAP44WCMtNOTPMq5plBmPWlA/getUpdates "HTTP/1.1 200 OK"
2025-04-14 09:35:32,974 - httpx - INFO - HTTP Request: POST https://api.telegram.org/bot7690359419:AAFO0dgpL0IaAP44WCMtNOTPMq5plBmPWlA/getUpdates "HTTP/1.1 200 OK"
2025-04-14 09:35:43,015 - httpx - INFO - HTTP Request: POST https://api.telegram.org/bot7690359419:AAFO0dgpL0IaAP44WCMtNOTPMq5plBmPWlA/getUpdates "HTTP/1.1 200 OK"
2025-04-14 09:35:53,047 - httpx - INFO - HTTP Request: POST https://api.telegram.org/bot7690359419:AAFO0dgpL0IaAP44WCMtNOTPMq5plBmPWlA/getUpdates "HTTP/1.1 200 OK"
2025-04-14 09:36:03,082 - httpx - INFO - HTTP Request: POST https://api.telegram.org/bot7690359419:AAFO0dgpL0IaAP44WCMtNOTPMq5plBmPWlA/getUpdates "HTTP/1.1 200 OK"
2025-04-14 09:36:13,117 - httpx - INFO - HTTP Request: POST https://api.telegram.org/bot7690359419:AAFO0dgpL0IaAP44WCMtNOTPMq5plBmPWlA/getUpdates "HTTP/1.1 200 OK"
2025-04-14 09:36:23,152 - httpx - INFO - HTTP Request: POST https://api.telegram.org/bot7690359419:AAFO0dgpL0IaAP44WCMtNOTPMq5plBmPWlA/getUpdates "HTTP/1.1 200 OK"
2025-04-14 09:36:33,184 - httpx - INFO - HTTP Request: POST https://api.telegram.org/bot7690359419:AAFO0dgpL0IaAP44WCMtNOTPMq5plBmPWlA/getUpdates "HTTP/1.1 200 OK"
2025-04-14 09:36:43,218 - httpx - INFO - HTTP Request: POST https://api.telegram.org/bot7690359419:AAFO0dgpL0IaAP44WCMtNOTPMq5plBmPWlA/getUpdates "HTTP/1.1 200 OK"
2025-04-14 09:36:53,250 - httpx - INFO - HTTP Request: POST https://api.telegram.org/bot7690359419:AAFO0dgpL0IaAP44WCMtNOTPMq5plBmPWlA/getUpdates "HTTP/1.1 200 OK"
2025-04-14 09:37:03,285 - httpx - INFO - HTTP Request: POST https://api.telegram.org/bot7690359419:AAFO0dgpL0IaAP44WCMtNOTPMq5plBmPWlA/getUpdates "HTTP/1.1 200 OK"
2025-04-14 09:37:13,323 - httpx - INFO - HTTP Request: POST https://api.telegram.org/bot7690359419:AAFO0dgpL0IaAP44WCMtNOTPMq5plBmPWlA/getUpdates "HTTP/1.1 200 OK"
2025-04-14 09:37:23,361 - httpx - INFO - HTTP Request: POST https://api.telegram.org/bot7690359419:AAFO0dgpL0IaAP44WCMtNOTPMq5plBmPWlA/getUpdates "HTTP/1.1 200 OK"
2025-04-14 09:37:33,411 - httpx - INFO - HTTP Request: POST https://api.telegram.org/bot7690359419:AAFO0dgpL0IaAP44WCMtNOTPMq5plBmPWlA/getUpdates "HTTP/1.1 200 OK"
2025-04-14 09:37:43,446 - httpx - INFO - HTTP Request: POST https://api.telegram.org/bot7690359419:AAFO0dgpL0IaAP44WCMtNOTPMq5plBmPWlA/getUpdates "HTTP/1.1 200 OK"
2025-04-14 09:37:53,480 - httpx - INFO - HTTP Request: POST https://api.telegram.org/bot7690359419:AAFO0dgpL0IaAP44WCMtNOTPMq5plBmPWlA/getUpdates "HTTP/1.1 200 OK"
2025-04-14 09:38:03,514 - httpx - INFO - HTTP Request: POST https://api.telegram.org/bot7690359419:AAFO0dgpL0IaAP44WCMtNOTPMq5plBmPWlA/getUpdates "HTTP/1.1 200 OK"
2025-04-14 09:38:13,547 - httpx - INFO - HTTP Request: POST https://api.telegram.org/bot7690359419:AAFO0dgpL0IaAP44WCMtNOTPMq5plBmPWlA/getUpdates "HTTP/1.1 200 OK"
2025-04-14 09:38:23,587 - httpx - INFO - HTTP Request: POST https://api.telegram.org/bot7690359419:AAFO0dgpL0IaAP44WCMtNOTPMq5plBmPWlA/getUpdates "HTTP/1.1 200 OK"
2025-04-14 09:38:33,621 - httpx - INFO - HTTP Request: POST https://api.telegram.org/bot7690359419:AAFO0dgpL0IaAP44WCMtNOTPMq5plBmPWlA/getUpdates "HTTP/1.1 200 OK"
2025-04-14 09:38:43,656 - httpx - INFO - HTTP Request: POST https://api.telegram.org/bot7690359419:AAFO0dgpL0IaAP44WCMtNOTPMq5plBmPWlA/getUpdates "HTTP/1.1 200 OK"
2025-04-14 09:38:53,690 - httpx - INFO - HTTP Request: POST https://api.telegram.org/bot7690359419:AAFO0dgpL0IaAP44WCMtNOTPMq5plBmPWlA/getUpdates "HTTP/1.1 200 OK"
2025-04-14 09:39:03,725 - httpx - INFO - HTTP Request: POST https://api.telegram.org/bot7690359419:AAFO0dgpL0IaAP44WCMtNOTPMq5plBmPWlA/getUpdates "HTTP/1.1 200 OK"
2025-04-14 09:39:13,760 - httpx - INFO - HTTP Request: POST https://api.telegram.org/bot7690359419:AAFO0dgpL0IaAP44WCMtNOTPMq5plBmPWlA/getUpdates "HTTP/1.1 200 OK"
2025-04-14 09:39:23,795 - httpx - INFO - HTTP Request: POST https://api.telegram.org/bot7690359419:AAFO0dgpL0IaAP44WCMtNOTPMq5plBmPWlA/getUpdates "HTTP/1.1 200 OK"
2025-04-14 09:39:33,830 - httpx - INFO - HTTP Request: POST https://api.telegram.org/bot7690359419:AAFO0dgpL0IaAP44WCMtNOTPMq5plBmPWlA/getUpdates "HTTP/1.1 200 OK"
2025-04-14 09:39:43,971 - httpx - INFO - HTTP Request: POST https://api.telegram.org/bot7690359419:AAFO0dgpL0IaAP44WCMtNOTPMq5plBmPWlA/getUpdates "HTTP/1.1 200 OK"
2025-04-14 09:39:54,007 - httpx - INFO - HTTP Request: POST https://api.telegram.org/bot7690359419:AAFO0dgpL0IaAP44WCMtNOTPMq5plBmPWlA/getUpdates "HTTP/1.1 200 OK"
2025-04-14 09:40:04,076 - httpx - INFO - HTTP Request: POST https://api.telegram.org/bot7690359419:AAFO0dgpL0IaAP44WCMtNOTPMq5plBmPWlA/getUpdates "HTTP/1.1 200 OK"
2025-04-14 09:40:14,116 - httpx - INFO - HTTP Request: POST https://api.telegram.org/bot7690359419:AAFO0dgpL0IaAP44WCMtNOTPMq5plBmPWlA/getUpdates "HTTP/1.1 200 OK"
2025-04-14 09:40:24,153 - httpx - INFO - HTTP Request: POST https://api.telegram.org/bot7690359419:AAFO0dgpL0IaAP44WCMtNOTPMq5plBmPWlA/getUpdates "HTTP/1.1 200 OK"
2025-04-14 09:40:34,193 - httpx - INFO - HTTP Request: POST https://api.telegram.org/bot7690359419:AAFO0dgpL0IaAP44WCMtNOTPMq5plBmPWlA/getUpdates "HTTP/1.1 200 OK"
2025-04-14 09:40:44,232 - httpx - INFO - HTTP Request: POST https://api.telegram.org/bot7690359419:AAFO0dgpL0IaAP44WCMtNOTPMq5plBmPWlA/getUpdates "HTTP/1.1 200 OK"
2025-04-14 09:40:54,268 - httpx - INFO - HTTP Request: POST https://api.telegram.org/bot7690359419:AAFO0dgpL0IaAP44WCMtNOTPMq5plBmPWlA/getUpdates "HTTP/1.1 200 OK"
2025-04-14 09:41:04,308 - httpx - INFO - HTTP Request: POST https://api.telegram.org/bot7690359419:AAFO0dgpL0IaAP44WCMtNOTPMq5plBmPWlA/getUpdates "HTTP/1.1 200 OK"
2025-04-14 09:41:14,343 - httpx - INFO - HTTP Request: POST https://api.telegram.org/bot7690359419:AAFO0dgpL0IaAP44WCMtNOTPMq5plBmPWlA/getUpdates "HTTP/1.1 200 OK"
2025-04-14 09:41:21,805 - httpx - INFO - HTTP Request: POST https://api.telegram.org/bot7690359419:AAFO0dgpL0IaAP44WCMtNOTPMq5plBmPWlA/getUpdates "HTTP/1.1 200 OK"
2025-04-14 09:41:21,808 - root - INFO - Сообщение не содержит ссылку на поддерживаемый ресурс.
2025-04-14 09:41:31,845 - httpx - INFO - HTTP Request: POST https://api.telegram.org/bot7690359419:AAFO0dgpL0IaAP44WCMtNOTPMq5plBmPWlA/getUpdates "HTTP/1.1 200 OK"
2025-04-14 09:41:41,885 - httpx - INFO - HTTP Request: POST https://api.telegram.org/bot7690359419:AAFO0dgpL0IaAP44WCMtNOTPMq5plBmPWlA/getUpdates "HTTP/1.1 200 OK"
2025-04-14 09:41:51,920 - httpx - INFO - HTTP Request: POST https://api.telegram.org/bot7690359419:AAFO0dgpL0IaAP44WCMtNOTPMq5plBmPWlA/getUpdates "HTTP/1.1 200 OK"
2025-04-14 09:42:01,956 - httpx - INFO - HTTP Request: POST https://api.telegram.org/bot7690359419:AAFO0dgpL0IaAP44WCMtNOTPMq5plBmPWlA/getUpdates "HTTP/1.1 200 OK"
2025-04-14 09:42:11,991 - httpx - INFO - HTTP Request: POST https://api.telegram.org/bot7690359419:AAFO0dgpL0IaAP44WCMtNOTPMq5plBmPWlA/getUpdates "HTTP/1.1 200 OK"
2025-04-14 09:42:22,025 - httpx - INFO - HTTP Request: POST https://api.telegram.org/bot7690359419:AAFO0dgpL0IaAP44WCMtNOTPMq5plBmPWlA/getUpdates "HTTP/1.1 200 OK"
2025-04-14 09:42:32,069 - httpx - INFO - HTTP Request: POST https://api.telegram.org/bot7690359419:AAFO0dgpL0IaAP44WCMtNOTPMq5plBmPWlA/getUpdates "HTTP/1.1 200 OK"
2025-04-14 09:42:42,105 - httpx - INFO - HTTP Request: POST https://api.telegram.org/bot7690359419:AAFO0dgpL0IaAP44WCMtNOTPMq5plBmPWlA/getUpdates "HTTP/1.1 200 OK"
2025-04-14 09:42:52,151 - httpx - INFO - HTTP Request: POST https://api.telegram.org/bot7690359419:AAFO0dgpL0IaAP44WCMtNOTPMq5plBmPWlA/getUpdates "HTTP/1.1 200 OK"
2025-04-14 09:43:02,203 - httpx - INFO - HTTP Request: POST https://api.telegram.org/bot7690359419:AAFO0dgpL0IaAP44WCMtNOTPMq5plBmPWlA/getUpdates "HTTP/1.1 200 OK"
2025-04-14 09:43:12,241 - httpx - INFO - HTTP Request: POST https://api.telegram.org/bot7690359419:AAFO0dgpL0IaAP44WCMtNOTPMq5plBmPWlA/getUpdates "HTTP/1.1 200 OK"
2025-04-14 09:43:22,276 - httpx - INFO - HTTP Request: POST https://api.telegram.org/bot7690359419:AAFO0dgpL0IaAP44WCMtNOTPMq5plBmPWlA/getUpdates "HTTP/1.1 200 OK"
2025-04-14 09:43:32,323 - httpx - INFO - HTTP Request: POST https://api.telegram.org/bot7690359419:AAFO0dgpL0IaAP44WCMtNOTPMq5plBmPWlA/getUpdates "HTTP/1.1 200 OK"
2025-04-14 09:43:42,357 - httpx - INFO - HTTP Request: POST https://api.telegram.org/bot7690359419:AAFO0dgpL0IaAP44WCMtNOTPMq5plBmPWlA/getUpdates "HTTP/1.1 200 OK"
2025-04-14 09:43:52,395 - httpx - INFO - HTTP Request: POST https://api.telegram.org/bot7690359419:AAFO0dgpL0IaAP44WCMtNOTPMq5plBmPWlA/getUpdates "HTTP/1.1 200 OK"
2025-04-14 09:44:02,433 - httpx - INFO - HTTP Request: POST https://api.telegram.org/bot7690359419:AAFO0dgpL0IaAP44WCMtNOTPMq5plBmPWlA/getUpdates "HTTP/1.1 200 OK"
2025-04-14 09:44:12,468 - httpx - INFO - HTTP Request: POST https://api.telegram.org/bot7690359419:AAFO0dgpL0IaAP44WCMtNOTPMq5plBmPWlA/getUpdates "HTTP/1.1 200 OK"
2025-04-14 09:44:22,502 - httpx - INFO - HTTP Request: POST https://api.telegram.org/bot7690359419:AAFO0dgpL0IaAP44WCMtNOTPMq5plBmPWlA/getUpdates "HTTP/1.1 200 OK"
2025-04-14 09:44:32,535 - httpx - INFO - HTTP Request: POST https://api.telegram.org/bot7690359419:AAFO0dgpL0IaAP44WCMtNOTPMq5plBmPWlA/getUpdates "HTTP/1.1 200 OK"
2025-04-14 09:44:42,573 - httpx - INFO - HTTP Request: POST https://api.telegram.org/bot7690359419:AAFO0dgpL0IaAP44WCMtNOTPMq5plBmPWlA/getUpdates "HTTP/1.1 200 OK"
2025-04-14 09:44:52,611 - httpx - INFO - HTTP Request: POST https://api.telegram.org/bot7690359419:AAFO0dgpL0IaAP44WCMtNOTPMq5plBmPWlA/getUpdates "HTTP/1.1 200 OK"
2025-04-14 09:45:02,653 - httpx - INFO - HTTP Request: POST https://api.telegram.org/bot7690359419:AAFO0dgpL0IaAP44WCMtNOTPMq5plBmPWlA/getUpdates "HTTP/1.1 200 OK"
2025-04-14 09:45:12,686 - httpx - INFO - HTTP Request: POST https://api.telegram.org/bot7690359419:AAFO0dgpL0IaAP44WCMtNOTPMq5plBmPWlA/getUpdates "HTTP/1.1 200 OK"
2025-04-14 09:45:22,725 - httpx - INFO - HTTP Request: POST https://api.telegram.org/bot7690359419:AAFO0dgpL0IaAP44WCMtNOTPMq5plBmPWlA/getUpdates "HTTP/1.1 200 OK"
2025-04-14 09:45:32,759 - httpx - INFO - HTTP Request: POST https://api.telegram.org/bot7690359419:AAFO0dgpL0IaAP44WCMtNOTPMq5plBmPWlA/getUpdates "HTTP/1.1 200 OK"
2025-04-14 09:45:42,798 - httpx - INFO - HTTP Request: POST https://api.telegram.org/bot7690359419:AAFO0dgpL0IaAP44WCMtNOTPMq5plBmPWlA/getUpdates "HTTP/1.1 200 OK"
2025-04-14 09:45:52,831 - httpx - INFO - HTTP Request: POST https://api.telegram.org/bot7690359419:AAFO0dgpL0IaAP44WCMtNOTPMq5plBmPWlA/getUpdates "HTTP/1.1 200 OK"
2025-04-14 09:46:02,869 - httpx - INFO - HTTP Request: POST https://api.telegram.org/bot7690359419:AAFO0dgpL0IaAP44WCMtNOTPMq5plBmPWlA/getUpdates "HTTP/1.1 200 OK"
2025-04-14 09:46:12,905 - httpx - INFO - HTTP Request: POST https://api.telegram.org/bot7690359419:AAFO0dgpL0IaAP44WCMtNOTPMq5plBmPWlA/getUpdates "HTTP/1.1 200 OK"
2025-04-14 09:46:22,943 - httpx - INFO - HTTP Request: POST https://api.telegram.org/bot7690359419:AAFO0dgpL0IaAP44WCMtNOTPMq5plBmPWlA/getUpdates "HTTP/1.1 200 OK"
2025-04-14 09:46:32,978 - httpx - INFO - HTTP Request: POST https://api.telegram.org/bot7690359419:AAFO0dgpL0IaAP44WCMtNOTPMq5plBmPWlA/getUpdates "HTTP/1.1 200 OK"
2025-04-14 09:46:43,017 - httpx - INFO - HTTP Request: POST https://api.telegram.org/bot7690359419:AAFO0dgpL0IaAP44WCMtNOTPMq5plBmPWlA/getUpdates "HTTP/1.1 200 OK"
2025-04-14 09:46:53,055 - httpx - INFO - HTTP Request: POST https://api.telegram.org/bot7690359419:AAFO0dgpL0IaAP44WCMtNOTPMq5plBmPWlA/getUpdates "HTTP/1.1 200 OK"
2025-04-14 09:47:03,087 - httpx - INFO - HTTP Request: POST https://api.telegram.org/bot7690359419:AAFO0dgpL0IaAP44WCMtNOTPMq5plBmPWlA/getUpdates "HTTP/1.1 200 OK"
2025-04-14 09:47:13,122 - httpx - INFO - HTTP Request: POST https://api.telegram.org/bot7690359419:AAFO0dgpL0IaAP44WCMtNOTPMq5plBmPWlA/getUpdates "HTTP/1.1 200 OK"
2025-04-14 09:47:23,154 - httpx - INFO - HTTP Request: POST https://api.telegram.org/bot7690359419:AAFO0dgpL0IaAP44WCMtNOTPMq5plBmPWlA/getUpdates "HTTP/1.1 200 OK"
2025-04-14 09:47:33,194 - httpx - INFO - HTTP Request: POST https://api.telegram.org/bot7690359419:AAFO0dgpL0IaAP44WCMtNOTPMq5plBmPWlA/getUpdates "HTTP/1.1 200 OK"
2025-04-14 09:47:43,231 - httpx - INFO - HTTP Request: POST https://api.telegram.org/bot7690359419:AAFO0dgpL0IaAP44WCMtNOTPMq5plBmPWlA/getUpdates "HTTP/1.1 200 OK"
2025-04-14 09:47:53,264 - httpx - INFO - HTTP Request: POST https://api.telegram.org/bot7690359419:AAFO0dgpL0IaAP44WCMtNOTPMq5plBmPWlA/getUpdates "HTTP/1.1 200 OK"
2025-04-14 09:48:03,297 - httpx - INFO - HTTP Request: POST https://api.telegram.org/bot7690359419:AAFO0dgpL0IaAP44WCMtNOTPMq5plBmPWlA/getUpdates "HTTP/1.1 200 OK"
2025-04-14 09:48:13,332 - httpx - INFO - HTTP Request: POST https://api.telegram.org/bot7690359419:AAFO0dgpL0IaAP44WCMtNOTPMq5plBmPWlA/getUpdates "HTTP/1.1 200 OK"
2025-04-14 09:48:23,365 - httpx - INFO - HTTP Request: POST https://api.telegram.org/bot7690359419:AAFO0dgpL0IaAP44WCMtNOTPMq5plBmPWlA/getUpdates "HTTP/1.1 200 OK"
2025-04-14 09:48:33,399 - httpx - INFO - HTTP Request: POST https://api.telegram.org/bot7690359419:AAFO0dgpL0IaAP44WCMtNOTPMq5plBmPWlA/getUpdates "HTTP/1.1 200 OK"
2025-04-14 09:48:43,436 - httpx - INFO - HTTP Request: POST https://api.telegram.org/bot7690359419:AAFO0dgpL0IaAP44WCMtNOTPMq5plBmPWlA/getUpdates "HTTP/1.1 200 OK"
2025-04-14 09:48:53,471 - httpx - INFO - HTTP Request: POST https://api.telegram.org/bot7690359419:AAFO0dgpL0IaAP44WCMtNOTPMq5plBmPWlA/getUpdates "HTTP/1.1 200 OK"
2025-04-14 09:49:03,505 - httpx - INFO - HTTP Request: POST https://api.telegram.org/bot7690359419:AAFO0dgpL0IaAP44WCMtNOTPMq5plBmPWlA/getUpdates "HTTP/1.1 200 OK"
2025-04-14 09:49:13,541 - httpx - INFO - HTTP Request: POST https://api.telegram.org/bot7690359419:AAFO0dgpL0IaAP44WCMtNOTPMq5plBmPWlA/getUpdates "HTTP/1.1 200 OK"
2025-04-14 09:49:23,578 - httpx - INFO - HTTP Request: POST https://api.telegram.org/bot7690359419:AAFO0dgpL0IaAP44WCMtNOTPMq5plBmPWlA/getUpdates "HTTP/1.1 200 OK"
2025-04-14 09:49:33,621 - httpx - INFO - HTTP Request: POST https://api.telegram.org/bot7690359419:AAFO0dgpL0IaAP44WCMtNOTPMq5plBmPWlA/getUpdates "HTTP/1.1 200 OK"
2025-04-14 09:49:43,663 - httpx - INFO - HTTP Request: POST https://api.telegram.org/bot7690359419:AAFO0dgpL0IaAP44WCMtNOTPMq5plBmPWlA/getUpdates "HTTP/1.1 200 OK"
2025-04-14 09:49:53,699 - httpx - INFO - HTTP Request: POST https://api.telegram.org/bot7690359419:AAFO0dgpL0IaAP44WCMtNOTPMq5plBmPWlA/getUpdates "HTTP/1.1 200 OK"
2025-04-14 09:50:03,733 - httpx - INFO - HTTP Request: POST https://api.telegram.org/bot7690359419:AAFO0dgpL0IaAP44WCMtNOTPMq5plBmPWlA/getUpdates "HTTP/1.1 200 OK"
2025-04-14 09:50:13,773 - httpx - INFO - HTTP Request: POST https://api.telegram.org/bot7690359419:AAFO0dgpL0IaAP44WCMtNOTPMq5plBmPWlA/getUpdates "HTTP/1.1 200 OK"
2025-04-14 09:50:23,808 - httpx - INFO - HTTP Request: POST https://api.telegram.org/bot7690359419:AAFO0dgpL0IaAP44WCMtNOTPMq5plBmPWlA/getUpdates "HTTP/1.1 200 OK"
2025-04-14 09:50:33,848 - httpx - INFO - HTTP Request: POST https://api.telegram.org/bot7690359419:AAFO0dgpL0IaAP44WCMtNOTPMq5plBmPWlA/getUpdates "HTTP/1.1 200 OK"
2025-04-14 09:50:43,884 - httpx - INFO - HTTP Request: POST https://api.telegram.org/bot7690359419:AAFO0dgpL0IaAP44WCMtNOTPMq5plBmPWlA/getUpdates "HTTP/1.1 200 OK"
2025-04-14 09:50:53,918 - httpx - INFO - HTTP Request: POST https://api.telegram.org/bot7690359419:AAFO0dgpL0IaAP44WCMtNOTPMq5plBmPWlA/getUpdates "HTTP/1.1 200 OK"
2025-04-14 09:51:03,954 - httpx - INFO - HTTP Request: POST https://api.telegram.org/bot7690359419:AAFO0dgpL0IaAP44WCMtNOTPMq5plBmPWlA/getUpdates "HTTP/1.1 200 OK"
2025-04-14 09:51:13,991 - httpx - INFO - HTTP Request: POST https://api.telegram.org/bot7690359419:AAFO0dgpL0IaAP44WCMtNOTPMq5plBmPWlA/getUpdates "HTTP/1.1 200 OK"
2025-04-14 09:51:24,023 - httpx - INFO - HTTP Request: POST https://api.telegram.org/bot7690359419:AAFO0dgpL0IaAP44WCMtNOTPMq5plBmPWlA/getUpdates "HTTP/1.1 200 OK"
2025-04-14 09:51:34,057 - httpx - INFO - HTTP Request: POST https://api.telegram.org/bot7690359419:AAFO0dgpL0IaAP44WCMtNOTPMq5plBmPWlA/getUpdates "HTTP/1.1 200 OK"
2025-04-14 09:51:44,094 - httpx - INFO - HTTP Request: POST https://api.telegram.org/bot7690359419:AAFO0dgpL0IaAP44WCMtNOTPMq5plBmPWlA/getUpdates "HTTP/1.1 200 OK"
2025-04-14 09:51:54,133 - httpx - INFO - HTTP Request: POST https://api.telegram.org/bot7690359419:AAFO0dgpL0IaAP44WCMtNOTPMq5plBmPWlA/getUpdates "HTTP/1.1 200 OK"
2025-04-14 09:52:04,168 - httpx - INFO - HTTP Request: POST https://api.telegram.org/bot7690359419:AAFO0dgpL0IaAP44WCMtNOTPMq5plBmPWlA/getUpdates "HTTP/1.1 200 OK"
2025-04-14 09:52:14,202 - httpx - INFO - HTTP Request: POST https://api.telegram.org/bot7690359419:AAFO0dgpL0IaAP44WCMtNOTPMq5plBmPWlA/getUpdates "HTTP/1.1 200 OK"
2025-04-14 09:52:24,244 - httpx - INFO - HTTP Request: POST https://api.telegram.org/bot7690359419:AAFO0dgpL0IaAP44WCMtNOTPMq5plBmPWlA/getUpdates "HTTP/1.1 200 OK"
2025-04-14 09:52:34,282 - httpx - INFO - HTTP Request: POST https://api.telegram.org/bot7690359419:AAFO0dgpL0IaAP44WCMtNOTPMq5plBmPWlA/getUpdates "HTTP/1.1 200 OK"
2025-04-14 09:52:44,366 - httpx - INFO - HTTP Request: POST https://api.telegram.org/bot7690359419:AAFO0dgpL0IaAP44WCMtNOTPMq5plBmPWlA/getUpdates "HTTP/1.1 200 OK"
2025-04-14 09:52:54,461 - httpx - INFO - HTTP Request: POST https://api.telegram.org/bot7690359419:AAFO0dgpL0IaAP44WCMtNOTPMq5plBmPWlA/getUpdates "HTTP/1.1 200 OK"
2025-04-14 09:53:04,496 - httpx - INFO - HTTP Request: POST https://api.telegram.org/bot7690359419:AAFO0dgpL0IaAP44WCMtNOTPMq5plBmPWlA/getUpdates "HTTP/1.1 200 OK"
2025-04-14 09:53:14,532 - httpx - INFO - HTTP Request: POST https://api.telegram.org/bot7690359419:AAFO0dgpL0IaAP44WCMtNOTPMq5plBmPWlA/getUpdates "HTTP/1.1 200 OK"
2025-04-14 09:53:24,565 - httpx - INFO - HTTP Request: POST https://api.telegram.org/bot7690359419:AAFO0dgpL0IaAP44WCMtNOTPMq5plBmPWlA/getUpdates "HTTP/1.1 200 OK"
2025-04-14 09:53:34,604 - httpx - INFO - HTTP Request: POST https://api.telegram.org/bot7690359419:AAFO0dgpL0IaAP44WCMtNOTPMq5plBmPWlA/getUpdates "HTTP/1.1 200 OK"
2025-04-14 09:53:44,635 - httpx - INFO - HTTP Request: POST https://api.telegram.org/bot7690359419:AAFO0dgpL0IaAP44WCMtNOTPMq5plBmPWlA/getUpdates "HTTP/1.1 200 OK"
2025-04-14 09:53:54,667 - httpx - INFO - HTTP Request: POST https://api.telegram.org/bot7690359419:AAFO0dgpL0IaAP44WCMtNOTPMq5plBmPWlA/getUpdates "HTTP/1.1 200 OK"
2025-04-14 09:54:04,700 - httpx - INFO - HTTP Request: POST https://api.telegram.org/bot7690359419:AAFO0dgpL0IaAP44WCMtNOTPMq5plBmPWlA/getUpdates "HTTP/1.1 200 OK"
2025-04-14 09:54:14,732 - httpx - INFO - HTTP Request: POST https://api.telegram.org/bot7690359419:AAFO0dgpL0IaAP44WCMtNOTPMq5plBmPWlA/getUpdates "HTTP/1.1 200 OK"
2025-04-14 09:54:24,764 - httpx - INFO - HTTP Request: POST https://api.telegram.org/bot7690359419:AAFO0dgpL0IaAP44WCMtNOTPMq5plBmPWlA/getUpdates "HTTP/1.1 200 OK"
2025-04-14 09:54:34,800 - httpx - INFO - HTTP Request: POST https://api.telegram.org/bot7690359419:AAFO0dgpL0IaAP44WCMtNOTPMq5plBmPWlA/getUpdates "HTTP/1.1 200 OK"
2025-04-14 09:54:44,832 - httpx - INFO - HTTP Request: POST https://api.telegram.org/bot7690359419:AAFO0dgpL0IaAP44WCMtNOTPMq5plBmPWlA/getUpdates "HTTP/1.1 200 OK"
2025-04-14 09:54:54,867 - httpx - INFO - HTTP Request: POST https://api.telegram.org/bot7690359419:AAFO0dgpL0IaAP44WCMtNOTPMq5plBmPWlA/getUpdates "HTTP/1.1 200 OK"
2025-04-14 09:55:04,900 - httpx - INFO - HTTP Request: POST https://api.telegram.org/bot7690359419:AAFO0dgpL0IaAP44WCMtNOTPMq5plBmPWlA/getUpdates "HTTP/1.1 200 OK"
2025-04-14 09:55:14,939 - httpx - INFO - HTTP Request: POST https://api.telegram.org/bot7690359419:AAFO0dgpL0IaAP44WCMtNOTPMq5plBmPWlA/getUpdates "HTTP/1.1 200 OK"
2025-04-14 09:55:24,983 - httpx - INFO - HTTP Request: POST https://api.telegram.org/bot7690359419:AAFO0dgpL0IaAP44WCMtNOTPMq5plBmPWlA/getUpdates "HTTP/1.1 200 OK"
2025-04-14 09:55:35,018 - httpx - INFO - HTTP Request: POST https://api.telegram.org/bot7690359419:AAFO0dgpL0IaAP44WCMtNOTPMq5plBmPWlA/getUpdates "HTTP/1.1 200 OK"
2025-04-14 09:55:45,050 - httpx - INFO - HTTP Request: POST https://api.telegram.org/bot7690359419:AAFO0dgpL0IaAP44WCMtNOTPMq5plBmPWlA/getUpdates "HTTP/1.1 200 OK"
2025-04-14 09:55:55,085 - httpx - INFO - HTTP Request: POST https://api.telegram.org/bot7690359419:AAFO0dgpL0IaAP44WCMtNOTPMq5plBmPWlA/getUpdates "HTTP/1.1 200 OK"
2025-04-14 09:56:05,128 - httpx - INFO - HTTP Request: POST https://api.telegram.org/bot7690359419:AAFO0dgpL0IaAP44WCMtNOTPMq5plBmPWlA/getUpdates "HTTP/1.1 200 OK"
2025-04-14 09:56:15,166 - httpx - INFO - HTTP Request: POST https://api.telegram.org/bot7690359419:AAFO0dgpL0IaAP44WCMtNOTPMq5plBmPWlA/getUpdates "HTTP/1.1 200 OK"
2025-04-14 09:56:25,286 - httpx - INFO - HTTP Request: POST https://api.telegram.org/bot7690359419:AAFO0dgpL0IaAP44WCMtNOTPMq5plBmPWlA/getUpdates "HTTP/1.1 200 OK"
2025-04-14 09:56:35,320 - httpx - INFO - HTTP Request: POST https://api.telegram.org/bot7690359419:AAFO0dgpL0IaAP44WCMtNOTPMq5plBmPWlA/getUpdates "HTTP/1.1 200 OK"
2025-04-14 09:56:45,357 - httpx - INFO - HTTP Request: POST https://api.telegram.org/bot7690359419:AAFO0dgpL0IaAP44WCMtNOTPMq5plBmPWlA/getUpdates "HTTP/1.1 200 OK"
2025-04-14 09:56:55,390 - httpx - INFO - HTTP Request: POST https://api.telegram.org/bot7690359419:AAFO0dgpL0IaAP44WCMtNOTPMq5plBmPWlA/getUpdates "HTTP/1.1 200 OK"
2025-04-14 09:57:05,423 - httpx - INFO - HTTP Request: POST https://api.telegram.org/bot7690359419:AAFO0dgpL0IaAP44WCMtNOTPMq5plBmPWlA/getUpdates "HTTP/1.1 200 OK"
2025-04-14 09:57:15,455 - httpx - INFO - HTTP Request: POST https://api.telegram.org/bot7690359419:AAFO0dgpL0IaAP44WCMtNOTPMq5plBmPWlA/getUpdates "HTTP/1.1 200 OK"
2025-04-14 09:57:25,486 - httpx - INFO - HTTP Request: POST https://api.telegram.org/bot7690359419:AAFO0dgpL0IaAP44WCMtNOTPMq5plBmPWlA/getUpdates "HTTP/1.1 200 OK"
2025-04-14 09:57:35,518 - httpx - INFO - HTTP Request: POST https://api.telegram.org/bot7690359419:AAFO0dgpL0IaAP44WCMtNOTPMq5plBmPWlA/getUpdates "HTTP/1.1 200 OK"
2025-04-14 09:57:45,555 - httpx - INFO - HTTP Request: POST https://api.telegram.org/bot7690359419:AAFO0dgpL0IaAP44WCMtNOTPMq5plBmPWlA/getUpdates "HTTP/1.1 200 OK"
2025-04-14 09:57:55,588 - httpx - INFO - HTTP Request: POST https://api.telegram.org/bot7690359419:AAFO0dgpL0IaAP44WCMtNOTPMq5plBmPWlA/getUpdates "HTTP/1.1 200 OK"
2025-04-14 09:58:05,620 - httpx - INFO - HTTP Request: POST https://api.telegram.org/bot7690359419:AAFO0dgpL0IaAP44WCMtNOTPMq5plBmPWlA/getUpdates "HTTP/1.1 200 OK"
2025-04-14 09:58:15,655 - httpx - INFO - HTTP Request: POST https://api.telegram.org/bot7690359419:AAFO0dgpL0IaAP44WCMtNOTPMq5plBmPWlA/getUpdates "HTTP/1.1 200 OK"
2025-04-14 09:58:25,688 - httpx - INFO - HTTP Request: POST https://api.telegram.org/bot7690359419:AAFO0dgpL0IaAP44WCMtNOTPMq5plBmPWlA/getUpdates "HTTP/1.1 200 OK"
2025-04-14 09:58:35,723 - httpx - INFO - HTTP Request: POST https://api.telegram.org/bot7690359419:AAFO0dgpL0IaAP44WCMtNOTPMq5plBmPWlA/getUpdates "HTTP/1.1 200 OK"
2025-04-14 09:58:45,757 - httpx - INFO - HTTP Request: POST https://api.telegram.org/bot7690359419:AAFO0dgpL0IaAP44WCMtNOTPMq5plBmPWlA/getUpdates "HTTP/1.1 200 OK"
2025-04-14 09:58:55,788 - httpx - INFO - HTTP Request: POST https://api.telegram.org/bot7690359419:AAFO0dgpL0IaAP44WCMtNOTPMq5plBmPWlA/getUpdates "HTTP/1.1 200 OK"
2025-04-14 09:59:05,821 - httpx - INFO - HTTP Request: POST https://api.telegram.org/bot7690359419:AAFO0dgpL0IaAP44WCMtNOTPMq5plBmPWlA/getUpdates "HTTP/1.1 200 OK"
2025-04-14 09:59:15,852 - httpx - INFO - HTTP Request: POST https://api.telegram.org/bot7690359419:AAFO0dgpL0IaAP44WCMtNOTPMq5plBmPWlA/getUpdates "HTTP/1.1 200 OK"
2025-04-14 09:59:25,884 - httpx - INFO - HTTP Request: POST https://api.telegram.org/bot7690359419:AAFO0dgpL0IaAP44WCMtNOTPMq5plBmPWlA/getUpdates "HTTP/1.1 200 OK"
2025-04-14 09:59:35,917 - httpx - INFO - HTTP Request: POST https://api.telegram.org/bot7690359419:AAFO0dgpL0IaAP44WCMtNOTPMq5plBmPWlA/getUpdates "HTTP/1.1 200 OK"
2025-04-14 09:59:45,949 - httpx - INFO - HTTP Request: POST https://api.telegram.org/bot7690359419:AAFO0dgpL0IaAP44WCMtNOTPMq5plBmPWlA/getUpdates "HTTP/1.1 200 OK"
2025-04-14 09:59:55,981 - httpx - INFO - HTTP Request: POST https://api.telegram.org/bot7690359419:AAFO0dgpL0IaAP44WCMtNOTPMq5plBmPWlA/getUpdates "HTTP/1.1 200 OK"
2025-04-14 10:00:06,016 - httpx - INFO - HTTP Request: POST https://api.telegram.org/bot7690359419:AAFO0dgpL0IaAP44WCMtNOTPMq5plBmPWlA/getUpdates "HTTP/1.1 200 OK"
2025-04-14 10:00:16,050 - httpx - INFO - HTTP Request: POST https://api.telegram.org/bot7690359419:AAFO0dgpL0IaAP44WCMtNOTPMq5plBmPWlA/getUpdates "HTTP/1.1 200 OK"
2025-04-14 10:00:26,083 - httpx - INFO - HTTP Request: POST https://api.telegram.org/bot7690359419:AAFO0dgpL0IaAP44WCMtNOTPMq5plBmPWlA/getUpdates "HTTP/1.1 200 OK"
2025-04-14 10:00:36,114 - httpx - INFO - HTTP Request: POST https://api.telegram.org/bot7690359419:AAFO0dgpL0IaAP44WCMtNOTPMq5plBmPWlA/getUpdates "HTTP/1.1 200 OK"
2025-04-14 10:00:46,146 - httpx - INFO - HTTP Request: POST https://api.telegram.org/bot7690359419:AAFO0dgpL0IaAP44WCMtNOTPMq5plBmPWlA/getUpdates "HTTP/1.1 200 OK"
2025-04-14 10:00:56,178 - httpx - INFO - HTTP Request: POST https://api.telegram.org/bot7690359419:AAFO0dgpL0IaAP44WCMtNOTPMq5plBmPWlA/getUpdates "HTTP/1.1 200 OK"
2025-04-14 10:01:06,210 - httpx - INFO - HTTP Request: POST https://api.telegram.org/bot7690359419:AAFO0dgpL0IaAP44WCMtNOTPMq5plBmPWlA/getUpdates "HTTP/1.1 200 OK"
2025-04-14 10:01:16,242 - httpx - INFO - HTTP Request: POST https://api.telegram.org/bot7690359419:AAFO0dgpL0IaAP44WCMtNOTPMq5plBmPWlA/getUpdates "HTTP/1.1 200 OK"
2025-04-14 10:01:26,274 - httpx - INFO - HTTP Request: POST https://api.telegram.org/bot7690359419:AAFO0dgpL0IaAP44WCMtNOTPMq5plBmPWlA/getUpdates "HTTP/1.1 200 OK"
2025-04-14 10:01:36,308 - httpx - INFO - HTTP Request: POST https://api.telegram.org/bot7690359419:AAFO0dgpL0IaAP44WCMtNOTPMq5plBmPWlA/getUpdates "HTTP/1.1 200 OK"
2025-04-14 10:01:46,341 - httpx - INFO - HTTP Request: POST https://api.telegram.org/bot7690359419:AAFO0dgpL0IaAP44WCMtNOTPMq5plBmPWlA/getUpdates "HTTP/1.1 200 OK"
2025-04-14 10:01:56,375 - httpx - INFO - HTTP Request: POST https://api.telegram.org/bot7690359419:AAFO0dgpL0IaAP44WCMtNOTPMq5plBmPWlA/getUpdates "HTTP/1.1 200 OK"
2025-04-14 10:02:06,409 - httpx - INFO - HTTP Request: POST https://api.telegram.org/bot7690359419:AAFO0dgpL0IaAP44WCMtNOTPMq5plBmPWlA/getUpdates "HTTP/1.1 200 OK"
2025-04-14 10:02:16,444 - httpx - INFO - HTTP Request: POST https://api.telegram.org/bot7690359419:AAFO0dgpL0IaAP44WCMtNOTPMq5plBmPWlA/getUpdates "HTTP/1.1 200 OK"
2025-04-14 10:02:24,762 - httpx - INFO - HTTP Request: POST https://api.telegram.org/bot7690359419:AAFO0dgpL0IaAP44WCMtNOTPMq5plBmPWlA/getUpdates "HTTP/1.1 200 OK"
2025-04-14 10:02:34,797 - httpx - INFO - HTTP Request: POST https://api.telegram.org/bot7690359419:AAFO0dgpL0IaAP44WCMtNOTPMq5plBmPWlA/getUpdates "HTTP/1.1 200 OK"
2025-04-14 10:02:44,829 - httpx - INFO - HTTP Request: POST https://api.telegram.org/bot7690359419:AAFO0dgpL0IaAP44WCMtNOTPMq5plBmPWlA/getUpdates "HTTP/1.1 200 OK"
2025-04-14 10:02:54,861 - httpx - INFO - HTTP Request: POST https://api.telegram.org/bot7690359419:AAFO0dgpL0IaAP44WCMtNOTPMq5plBmPWlA/getUpdates "HTTP/1.1 200 OK"
2025-04-14 10:03:04,894 - httpx - INFO - HTTP Request: POST https://api.telegram.org/bot7690359419:AAFO0dgpL0IaAP44WCMtNOTPMq5plBmPWlA/getUpdates "HTTP/1.1 200 OK"
2025-04-14 10:03:14,933 - httpx - INFO - HTTP Request: POST https://api.telegram.org/bot7690359419:AAFO0dgpL0IaAP44WCMtNOTPMq5plBmPWlA/getUpdates "HTTP/1.1 200 OK"
2025-04-14 10:03:24,966 - httpx - INFO - HTTP Request: POST https://api.telegram.org/bot7690359419:AAFO0dgpL0IaAP44WCMtNOTPMq5plBmPWlA/getUpdates "HTTP/1.1 200 OK"
